设备贴纸设备号,ICCID,IMEI,备注
7GO56KBFJV*B7859AM,8986082227680402501652,8657190858086319,安徽-许朋 0001
7GO56KBFJV*B7194BM,8986082333204190268310,8657190867988348,安徽+许朋 0001
7GO56KBFJV*D7463CM,8986082229661713965687,8657190820322983,安徽 许朋 0001
7GO56KBFJV*E7505DM,8986082861175745391478,8657190811653542,安徽 许朋 0001
7GO56KBFJV*B7796EM,8986082765261449825198,8657190826617575,安徽+许朋 0001
7GO56KBFJV*D7600FM,8986082098830890407714,8657190852842572,安徽-许朋 0001
7GO56KBFJV*E7787GM,8986082645123522062980,8657190826219547,安徽-许朋 0001
7GO56KBFJV*C7196HM,8986082044476904382144,8657190822948509,安徽+许朋 0001
7GO56KBFJV*B7871IM,8986082814240392744995,8657190871295570,安徽 许朋 0001
7GO56KBFJV*E7614JM,8986082950580084955006,8657190853263216,安徽-许朋 0001
7GO56KBFJV*D7869KM,8986082906505513022453,8657190898565918,安徽-许朋 0001
7GO56KBFJV*B7209LM,8986082712236852906803,8657190819147519,安徽 许朋 0001
7GO56KBFJV*C7658MM,8986082035403990366358,8657190897921714,安徽+许朋 0001
7GO56KBFJV*D7901NM,8986082988827188284372,8657190801389263,安徽 许朋 0001
7GO56KBFJV*D7128OM,8986082191921473653527,8657190809577630,安徽 许朋 0001
7GO56KBFJV*D7738PM,8986082387334421496963,8657190850245644,安徽+许朋 0001
7GO56KBFJV*E7912QM,8986082971056387621024,8657190880461642,安徽 许朋 0001
7GO56KBFJV*B7868RM,8986082887286459114553,8657190874884941,安徽-许朋 0001
7GO56KBFJV*E7365SM,8986082782742472380131,8657190824340837,安徽 许朋 0001
7GO56KBFJV*B7977TM,8986082854923885778424,8657190836778995,安徽-许朋 0001
7GO56KBFJV*B7185UM,8986082614032373782005,8657190893676791,安徽+许朋 0001
7GO56KBFJV*C7344VM,8986082165267167189103,8657190869370661,安徽-许朋 0001
7GO56KBFJV*B7915WM,8986082973435388196874,8657190879285447,安徽-许朋 0001
7GO56KBFJV*D7972XM,8986082292475634343225,8657190885512452,安徽-许朋 0001
7GO56KBFJV*E7558YM,8986082702635454737221,8657190811571247,安徽 许朋 0001
7GO56KBFJV*D7202ZM,8986082823371002967102,8657190843928104,安徽 许朋 0001
7GO56KBFJV*B7255AM,8986082153917672544893,8657190866792261,安徽+许朋 0001
7GO56KBFJV*B7260BM,8986082045227746976694,8657190856980137,安徽 许朋 0001
7GO56KBFJV*D7549CM,8986082166954004320985,8657190899620746,安徽-许朋 0001
7GO56KBFJV*C7699DM,8986082489443114464700,8657190821788084,安徽+许朋 0001
7GO56KBFJV*C7630EM,8986082376725946196215,8657190850994184,安徽 许朋 0001
7GO56KBFJV*D7621FM,8986082744441157107837,8657190820785684,安徽-许朋 0001
7GO56KBFJV*D7440GM,8986082554316527077836,8657190889405588,安徽-许朋 0001
7GO56KBFJV*B7638HM,8986082901890726303659,8657190868456262,安徽+许朋 0001
7GO56KBFJV*B7544IM,8986082977112030342461,8657190816364526,安徽-许朋 0001
7GO56KBFJV*D7782JM,8986082089614356428134,8657190825592962,安徽 许朋 0001
7GO56KBFJV*B7720KM,8986082789728212776106,8657190807031934,安徽+许朋 0001
7GO56KBFJV*C7905LM,8986082595982848731919,8657190887998370,安徽 许朋 0001
7GO56KBFJV*B7565MM,8986082372363646936664,8657190876100912,安徽 许朋 0001
7GO56KBFJV*C7497NM,8986082467947140449034,8657190898065933,安徽+许朋 0001
7GO56KBFJV*B7968OM,8986082802690397285582,8657190877529957,安徽+许朋 0001
7GO56KBFJV*B7234PM,8986082072310757475159,8657190807854904,安徽-许朋 0001
7GO56KBFJV*E7802QM,8986082174831165735254,8657190871685848,安徽-许朋 0001
7GO56KBFJV*D7947RM,8986082440463190800785,8657190855313678,安徽 许朋 0001
7GO56KBFJV*B7394SM,8986082635262183758898,8657190866098217,安徽-许朋 0001
7GO56KBFJV*D7459TM,8986082085416072433775,8657190800166264,安徽-许朋 0001
7GO56KBFJV*E7379UM,8986082253165532902977,8657190821441525,安徽 许朋 0001
7GO56KBFJV*D7173VM,8986082374403446249194,8657190863414408,安徽 许朋 0001
7GO56KBFJV*D7326WM,8986082315159378821167,8657190861747749,安徽 许朋 0001
7GO56KBFJV*D7984XM,8986082934467530403269,8657190805359709,安徽 许朋 0001
7GO56KBFJV*C7429YM,8986082659488906079563,8657190893760633,安徽 许朋 0001
7GO56KBFJV*E7390ZM,8986082289610693661705,8657190863179990,安徽 许朋 0001
7GO56KBFJV*E7620AM,8986082331294210817880,8657190837131878,安徽+许朋 0001
7GO56KBFJV*E7144BM,8986082462427453848399,8657190842359881,安徽-许朋 0001
7GO56KBFJV*B7756CM,8986082439751014580988,8657190894333023,安徽+许朋 0001
7GO56KBFJV*D7910DM,8986082109487469021964,8657190872126608,安徽-许朋 0001
7GO56KBFJV*B7747EM,8986082521462460905595,8657190834692073,安徽 许朋 0001
7GO56KBFJV*B7890FM,8986082571336869411790,8657190827833384,安徽+许朋 0001
7GO56KBFJV*C7392GM,8986082378313878394495,8657190887068530,安徽 许朋 0001
7GO56KBFJV*D7413HM,8986082471447964670645,8657190871086412,安徽 许朋 0001
7GO56KBFJV*D7470IM,8986082356693755362174,8657190835224929,安徽-许朋 0001
7GO56KBFJV*C7225JM,8986082101798996752217,8657190871329724,安徽-许朋 0001
7GO56KBFJV*D7578KM,8986082856039757809646,8657190838761949,安徽+许朋 0001
7GO56KBFJV*B7630LM,8986082113739882651355,8657190819167685,安徽+许朋 0001
7GO56KBFJV*B7146MM,8986082972256085632844,8657190861443183,安徽-许朋 0001
7GO56KBFJV*E7233NM,8986082751214109849989,8657190871194840,安徽-许朋 0001
7GO56KBFJV*E7346OM,8986082230486458487734,8657190851505729,安徽 许朋 0001
7GO56KBFJV*B7231PM,8986082937397155013446,8657190853619723,安徽 许朋 0001
7GO56KBFJV*E7825AM,8986082540314388652695,8657190820457738,安徽+李伟 0002
7GO56KBFJV*B7686BM,8986082910316479870123,8657190865319337,安徽 李伟 0002
7GO56KBFJV*D7724CM,8986082492299776445972,8657190855833710,安徽 李伟 0002
7GO56KBFJV*B7454DM,8986082967282521720922,8657190813461991,安徽 李伟 0002
7GO56KBFJV*E7588EM,8986082672207627809489,8657190808717820,安徽-李伟 0002
7GO56KBFJV*B7443FM,8986082295498411142177,8657190857188850,安徽 李伟 0002
7GO56KBFJV*B7289GM,8986082949034235523264,8657190816987669,安徽-李伟 0002
7GO56KBFJV*C7324HM,8986082944937978876575,8657190853918925,安徽+李伟 0002
7GO56KBFJV*D7974IM,8986082512505845404873,8657190887503099,安徽+李伟 0002
7GO56KBFJV*E7132JM,8986082211679384930981,8657190881931987,安徽-李伟 0002
7GO56KBFJV*E7789KM,8986082743241187066982,8657190805468204,安徽 李伟 0002
7GO56KBFJV*C7872LM,8986082805287356331623,8657190809896449,安徽 李伟 0002
7GO56KBFJV*E7904MM,8986082564215228140445,8657190832304358,安徽+李伟 0002
7GO56KBFJV*D7486NM,8986082668177548390991,8657190894262957,安徽-李伟 0002
7GO56KBFJV*E7646OM,8986082633848773230870,8657190855721252,安徽 李伟 0002
7GO56KBFJV*D7363PM,8986082747747315189958,8657190808001601,安徽+李伟 0002
7GO56KBFJV*E7482QM,8986082069960540752564,8657190891952623,安徽-李伟 0002
7GO56KBFJV*B7482RM,8986082942628096043467,8657190808639989,安徽+李伟 0002
7GO56KBFJV*C7988SM,8986082652962561802188,8657190892558653,安徽 李伟 0002
7GO56KBFJV*C7909TM,8986082975904837937029,8657190843946606,安徽+李伟 0002
7GO56KBFJV*B7184UM,8986082237133094710455,8657190810557804,安徽+李伟 0002
7GO56KBFJV*C7685VM,8986082561221122739746,8657190841038384,安徽-李伟 0002
7GO56KBFJV*C7407WM,8986082392399264523831,8657190855565947,安徽-李伟 0002
7GO56KBFJV*D7951XM,8986082687446267709445,8657190896573856,安徽+李伟 0002
7GO56KBFJV*B7887YM,8986082261656693710275,8657190862346619,安徽-李伟 0002
7GO56KBFJV*B7402ZM,8986082491913424446338,8657190818661921,安徽+李伟 0002
7GO56KBFJV*D7673AM,8986082447616378440227,8657190875753116,安徽-李伟 0002
7GO56KBFJV*D7711BM,8986082331341689563213,8657190813554459,安徽+李伟 0002
7GO56KBFJV*C7601CM,8986082218689413564474,8657190815720227,安徽 李伟 0002
7GO56KBFJV*E7662DM,8986082552595774247628,8657190802808182,安徽 李伟 0002
7GO56KBFJV*D7981EM,8986082761122032537228,8657190896097998,安徽+李伟 0002
7GO56KBFJV*C7355FM,8986082132831663077476,8657190884458809,安徽 李伟 0002
7GO56KBFJV*D7970GM,8986082052422835543600,8657190874184092,安徽 李伟 0002
7GO56KBFJV*C7765HM,8986082388030660677400,8657190820554031,安徽-李伟 0002
7GO56KBFJV*C7589IM,8986082037138177191506,8657190847614680,安徽+李伟 0002
7GO56KBFJV*C7870JM,8986082173472626729088,8657190826136772,安徽-李伟 0002
7GO56KBFJV*B7346KM,8986082455999185367970,8657190802007565,安徽-李伟 0002
7GO56KBFJV*E7818LM,8986082465100991357663,8657190849229160,安徽 李伟 0002
7GO56KBFJV*C7222MM,8986082010435823787183,8657190845296450,安徽 李伟 0002
7GO56KBFJV*C7476NM,8986082178617080039190,8657190887622938,安徽 李伟 0002
7GO56KBFJV*D7222OM,8986082591899042835025,8657190836454719,安徽+李伟 0002
7GO56KBFJV*C7106PM,8986082905660373732949,8657190891202848,安徽-李伟 0002
7GO56KBFJV*B7694QM,8986082018054922387732,8657190802751144,安徽 李伟 0002
7GO56KBFJV*D7888RM,8986082232116860830235,8657190862904472,安徽-李伟 0002
7GO56KBFJV*B7923SM,8986082710721469059091,8657190868088190,安徽 李伟 0002
7GO56KBFJV*E7941TM,8986082743439241666484,8657190803467295,安徽+李伟 0002
7GO56KBFJV*E7900UM,8986082747353205082843,8657190852122577,安徽+李伟 0002
7GO56KBFJV*E7463VM,8986082991237357351988,8657190895100604,安徽-李伟 0002
7GO56KBFJV*C7925WM,8986082179830597889393,8657190813119796,安徽+李伟 0002
7GO56KBFJV*D7328XM,8986082683721075875138,8657190866143033,安徽 李伟 0002
7GO56KBFJV*B7941YM,8986082768422021037984,8657190835148661,安徽+李伟 0002
7GO56KBFJV*B7401ZM,8986082021381099398746,8657190864039459,安徽 李伟 0002
7GO56KBFJV*D7776AM,8986082220581342661012,8657190808334605,安徽+李伟 0002
7GO56KBFJV*D7490BM,8986082342422076035955,8657190888458484,安徽+李伟 0002
7GO56KBFJV*E7974CM,8986082759866171998149,8657190849682990,安徽-李伟 0002
7GO56KBFJV*E7665DM,8986082324876544157995,8657190812534346,安徽+李伟 0002
7GO56KBFJV*C7382EM,8986082466438604233738,8657190886923773,安徽 李伟 0002
7GO56KBFJV*E7719FM,8986082612877885135188,8657190801882497,安徽-李伟 0002
7GO56KBFJV*D7943GM,8986082439624494538280,8657190800872222,安徽 李伟 0002
7GO56KBFJV*E7625HM,8986082077096602839643,8657190832468315,安徽 李伟 0002
7GO56KBFJV*D7674IM,8986082662109682782178,8657190888666769,安徽-李伟 0002
7GO56KBFJV*E7514JM,8986082307517257965888,8657190810128716,安徽-李伟 0002
7GO56KBFJV*B7327KM,8986082373732284859085,8657190883208124,安徽 李伟 0002
7GO56KBFJV*E7246LM,8986082377461602717470,8657190866493013,安徽+李伟 0002
7GO56KBFJV*D7875MM,8986082816626313518227,8657190853893931,安徽-李伟 0002
7GO56KBFJV*B7333NM,8986082292051773676501,8657190880141272,安徽 李伟 0002
7GO56KBFJV*B7408OM,8986082415674856274678,8657190893415964,安徽+李伟 0002
7GO56KBFJV*B7113PM,8986082698610571229240,8657190810283707,安徽+李伟 0002
7GO56KBFJV*B7972QM,8986082163892733144864,8657190848117981,安徽 李伟 0002
7GO56KBFJV*E7921RM,8986082546768878448406,8657190808577298,安徽 李伟 0002
7GO56KBFJV*B7543SM,8986082623638590618880,8657190842902642,安徽-李伟 0002
7GO56KBFJV*E7920TM,8986082504397040587968,8657190856438883,安徽 李伟 0002
7GO56KBFJV*E7833UM,8986082671723892570117,8657190871619347,安徽 李伟 0002
7GO56KBFJV*D7210VM,8986082706618455907545,8657190897961816,安徽 李伟 0002
7GO56KBFJV*D7616WM,8986082846623328168585,8657190837522769,安徽+李伟 0002
7GO56KBFJV*C7615XM,8986082567755976858401,8657190830027961,安徽+李伟 0002
7GO56KBFJV*D7308YM,8986082708187875277269,8657190839935026,安徽-李伟 0002
7GO56KBFJV*C7748ZM,8986082767567921611534,8657190851523711,安徽-李伟 0002
7GO56KBFJV*B7892AM,8986082966453732105450,8657190822332759,安徽 李伟 0002
7GO56KBFJV*B7217BM,8986082649669639935298,8657190838408159,安徽+李伟 0002
7GO56KBFJV*B7741CM,8986082067841579769714,8657190830075522,安徽-李伟 0002
7GO56KBFJV*E7745DM,8986082433107070835266,8657190829380127,安徽 李伟 0002
7GO56KBFJV*D7749EM,8986082169773955105593,8657190879346512,安徽-李伟 0002
7GO56KBFJV*C7217FM,8986082178899452007431,8657190861693463,安徽 李伟 0002
7GO56KBFJV*C7679GM,8986082589137762363447,8657190841602881,安徽 李伟 0002
7GO56KBFJV*B7844HM,8986082005054595594732,8657190877245356,安徽 李伟 0002
7GO56KBFJV*C7875IM,8986082541969743240302,8657190893440937,安徽 李伟 0002
7GO56KBFJV*D7954JM,8986082755335802924837,8657190880842521,安徽+李伟 0002
7GO56KBFJV*D7716KM,8986082712874421800516,8657190805021955,安徽+李伟 0002
7GO56KBFJV*D7187LM,8986082264424157651695,8657190803105968,安徽 李伟 0002
7GO56KBFJV*B7281MM,8986082460751416887653,8657190805287357,安徽 李伟 0002
7GO56KBFJV*B7535NM,8986082142828417751066,8657190833162843,安徽-李伟 0002
7GO56KBFJV*E7873OM,8986082255154957318127,8657190891578660,安徽-李伟 0002
7GO56KBFJV*B7923PM,8986082019402003965759,8657190886426820,安徽 李伟 0002
7GO56KBFJV*C7729QM,8986082102019733557002,8657190889392619,安徽 李伟 0002
7GO56KBFJV*B7367RM,8986082155531525724342,8657190837688423,安徽+李伟 0002
7GO56KBFJV*C7919SM,8986082395082068094382,8657190896941782,安徽+李伟 0002
7GO56KBFJV*C7956TM,8986082611966675046498,8657190884992250,安徽-李伟 0002
7GO56KBFJV*E7653UM,8986082038741530631381,8657190822931447,安徽-李伟 0002
7GO56KBFJV*E7386VM,8986082459687858187404,8657190818653428,安徽+李伟 0002
7GO56KBFJV*E7201WM,8986082608464335920189,8657190815617364,安徽 李伟 0002
7GO56KBFJV*E7180XM,8986082326118365801232,8657190826248359,安徽-李伟 0002
7GO56KBFJV*C7288YM,8986082812277230940759,8657190816093274,安徽+李伟 0002
7GO56KBFJV*C7639ZM,8986082806834952496156,8657190865563358,安徽-李伟 0002
7GO56KBFJV*D7474AM,8986082410571256472775,8657190875184276,安徽-李伟 0002
7GO56KBFJV*C7369BM,8986082065766265210114,8657190847431909,安徽-李伟 0002
7GO56KBFJV*D7228CM,8986082772143379473890,8657190870418881,安徽 李伟 0002
7GO56KBFJV*C7494DM,8986082747047594633609,8657190852618821,安徽 李伟 0002
7GO56KBFJV*E7432EM,8986082075329566172463,8657190897031514,安徽-李伟 0002
7GO56KBFJV*D7924FM,8986082870372075545534,8657190885815485,安徽-李伟 0002
7GO56KBFJV*B7894GM,8986082631087276535456,8657190836150818,安徽+李伟 0002
7GO56KBFJV*B7597HM,8986082106346502709698,8657190846378870,安徽 李伟 0002
7GO56KBFJV*D7641IM,8986082003990751526174,8657190816346811,安徽-李伟 0002
7GO56KBFJV*D7773JM,8986082194339337476527,8657190892943795,安徽 李伟 0002
7GO56KBFJV*C7409KM,8986082092379895550412,8657190882235520,安徽-李伟 0002
7GO56KBFJV*E7277LM,8986082487806083793849,8657190817789660,安徽 李伟 0002
7GO56KBFJV*B7426MM,8986082515207345522310,8657190850305711,安徽 李伟 0002
7GO56KBFJV*C7599NM,8986082355952246514313,8657190867138864,安徽+李伟 0002
7GO56KBFJV*C7801OM,8986082378109988061402,8657190852524716,安徽+李伟 0002
7GO56KBFJV*E7696PM,8986082952026249066931,8657190828395794,安徽 李伟 0002
7GO56KBFJV*B7290QM,8986082195709347063399,8657190820239999,安徽+李伟 0002
7GO56KBFJV*C7449RM,8986082860396622199352,8657190815883751,安徽+李伟 0002
7GO56KBFJV*C7425SM,8986082057181039937867,8657190811109666,安徽 李伟 0002
7GO56KBFJV*C7336TM,8986082636456738411070,8657190824797099,安徽 李伟 0002
7GO56KBFJV*E7804UM,8986082342407336755875,8657190848095375,安徽 李伟 0002
7GO56KBFJV*B7294VM,8986082233844605184717,8657190896144157,安徽+李伟 0002
7GO56KBFJV*E7192WM,8986082269771143537593,8657190837956181,安徽 李伟 0002
7GO56KBFJV*B7529XM,8986082379218907044864,8657190826446082,安徽 李伟 0002
7GO56KBFJV*C7150YM,8986082103105630191266,8657190855973073,安徽-李伟 0002
7GO56KBFJV*B7876ZM,8986082452162556617694,8657190869926359,安徽-李伟 0002
7GO56KBFJV*C7729AM,8986082556416790061879,8657190843560227,安徽-李伟 0002
7GO56KBFJV*D7618BM,8986082571335981894401,8657190814884890,安徽 李伟 0002
7GO56KBFJV*D7678CM,8986082735267839209685,8657190835877304,安徽-李伟 0002
7GO56KBFJV*C7480DM,8986082492317794045197,8657190857188961,安徽 李伟 0002
7GO56KBFJV*B7570EM,8986082381308838177076,8657190822257621,安徽+李伟 0002
7GO56KBFJV*B7737FM,8986082515529851385009,8657190803037866,安徽-李伟 0002
7GO56KBFJV*D7419GM,8986082317809750860367,8657190849182319,安徽-李伟 0002
7GO56KBFJV*D7564HM,8986082401482355471503,8657190845221402,安徽 李伟 0002
7GO56KBFJV*E7903IM,8986082953616778153043,8657190845658360,安徽+李伟 0002
7GO56KBFJV*C7694JM,8986082960115351635939,8657190849300941,安徽-李伟 0002
7GO56KBFJV*B7478KM,8986082990591204567442,8657190811583428,安徽+李伟 0002
7GO56KBFJV*C7111LM,8986082007449064476415,8657190854316582,安徽 李伟 0002
7GO56KBFJV*D7520MM,8986082950043590758725,8657190856266665,安徽 李伟 0002
7GO56KBFJV*D7727NM,8986082037454749720977,8657190850410986,安徽-李伟 0002
7GO56KBFJV*E7184OM,8986082107262276976317,8657190821509958,安徽-李伟 0002
7GO56KBFJV*E7888PM,8986082367158028044499,8657190826325427,安徽-李伟 0002
7GO56KBFJV*D7642QM,8986082609694983206377,8657190875136156,安徽+李伟 0002
7GO56KBFJV*B7521RM,8986082014221009689671,8657190881685986,安徽-李伟 0002
7GO56KBFJV*D7578SM,8986082604976672720392,8657190881092361,安徽 李伟 0002
7GO56KBFJV*E7323TM,8986082614200770460031,8657190833077447,安徽+李伟 0002
7GO56KBFJV*C7103UM,8986082367159330963838,8657190872259623,安徽+李伟 0002
7GO56KBFJV*D7598VM,8986082067117540535849,8657190800701864,安徽 李伟 0002
7GO56KBFJV*C7858WM,8986082590164907110374,8657190815814728,安徽-李伟 0002
7GO56KBFJV*D7930XM,8986082874165392010271,8657190831251763,安徽+李伟 0002
7GO56KBFJV*B7598YM,8986082009752674112421,8657190865760834,安徽 李伟 0002
7GO56KBFJV*C7296ZM,8986082150375276217694,8657190816062438,安徽-李伟 0002
7GO56KBFJV*B7206AM,8986082791741875316373,8657190807832448,安徽+李伟 0002
7GO56KBFJV*C7724BM,8986082431769216018413,8657190886766198,安徽+李伟 0002
7GO56KBFJV*E7977CM,8986082582440482429998,8657190840975438,安徽 李伟 0002
7GO56KBFJV*B7563DM,8986082407642329061455,8657190894171867,安徽+李伟 0002
7GO56KBFJV*B7494EM,8986082830429577087096,8657190881363150,安徽 李伟 0002
7GO56KBFJV*C7241FM,8986082921495927232620,8657190834517652,安徽 李伟 0002
7GO56KBFJV*D7919GM,8986082669818031901111,8657190829046944,安徽 李伟 0002
7GO56KBFJV*B7398HM,8986082108853567465545,8657190883723281,安徽-李伟 0002
7GO56KBFJV*E7270IM,8986082615117971195432,8657190876914951,安徽+李伟 0002
7GO56KBFJV*E7611JM,8986082799195562897967,8657190879314061,安徽+李伟 0002
7GO56KBFJV*E7732KM,8986082840065292054605,8657190813699318,安徽-李伟 0002
7GO56KBFJV*E7481LM,8986082033452874417874,8657190885139539,安徽 李伟 0002
7GO56KBFJV*E7190MM,8986082062145918248354,8657190872713661,安徽 李伟 0002
7GO56KBFJV*D7527NM,8986082196074953442698,8657190837025146,安徽-李伟 0002
7GO56KBFJV*C7154OM,8986082249325957107588,8657190863660580,安徽 李伟 0002
7GO56KBFJV*D7481PM,8986082749125875698778,8657190849110361,安徽-李伟 0002
7GO56KBFJV*D7276QM,8986082708281211067077,8657190801750120,安徽 李伟 0002
7GO56KBFJV*B7872RM,8986082016526017253876,8657190850875791,安徽 李伟 0002
7GO56KBFJV*B7842SM,8986082025735491332219,8657190811177503,安徽+李伟 0002
7GO56KBFJV*E7390TM,8986082476824948889306,8657190863561369,安徽 李伟 0002
7GO56KBFJV*B7472AM,8986082935918727527644,8657190864427124,安徽 王强 0003
7GO56KBFJV*C7130BM,8986082000693616007772,8657190864238590,安徽-王强 0003
7GO56KBFJV*B7492CM,8986082484016781433754,8657190855451025,安徽-王强 0003
7GO56KBFJV*D7884DM,8986082930083708303336,8657190826590330,安徽-王强 0003
7GO56KBFJV*B7571EM,8986082645404035304624,8657190886129269,安徽+王强 0003
7GO56KBFJV*C7394FM,8986082225869755255430,8657190885263425,安徽 王强 0003
7GO56KBFJV*C7119GM,8986082651468926889970,8657190824277848,安徽+王强 0003
7GO56KBFJV*C7966HM,8986082486264112845460,8657190811286189,安徽-王强 0003
7GO56KBFJV*B7156IM,8986082806894360971179,8657190858992821,安徽-王强 0003
7GO56KBFJV*D7952JM,8986082537241194254393,8657190846989378,安徽+王强 0003
7GO56KBFJV*B7961KM,8986082770962367965240,8657190899939728,安徽+王强 0003
7GO56KBFJV*E7746LM,8986082386720747934911,8657190820475367,安徽 王强 0003
7GO56KBFJV*C7745MM,8986082460235127761549,8657190848115320,安徽-王强 0003
7GO56KBFJV*C7502NM,8986082898299669917144,8657190820391749,安徽-王强 0003
7GO56KBFJV*E7221OM,8986082229827342287117,8657190809242560,安徽-王强 0003
7GO56KBFJV*C7992PM,8986082366777200329999,8657190857026333,安徽 王强 0003
7GO56KBFJV*E7882RM,8986082959641014141844,8657190895417132,安徽-王强 0003
7GO56KBFJV*C7954SM,8986082152855955407680,8657190866359810,安徽 王强 0003
7GO56KBFJV*E7564TM,8986082626306499971882,8657190877560227,安徽-王强 0003
7GO56KBFJV*B7121UM,8986082817276144836168,8657190854845478,安徽 王强 0003
7GO56KBFJV*C7544VM,8986082605966795604083,8657190896324559,安徽 王强 0003
7GO56KBFJV*B7622WM,8986082406522051611308,8657190825466298,安徽+王强 0003
7GO56KBFJV*C7289XM,8986082092640306446773,8657190886696801,安徽+王强 0003
7GO56KBFJV*B7935YM,8986082098266467134401,8657190817948525,安徽-王强 0003
7GO56KBFJV*B7441ZM,8986082067987552445668,8657190847543084,安徽-王强 0003
7GO56KBFJV*B7606AM,8986082664417445569874,8657190887349634,安徽+王强 0003
7GO56KBFJV*C7389BM,8986082604114794259326,8657190818583125,安徽-王强 0003
7GO56KBFJV*D7448CM,8986082777588861097979,8657190876815511,安徽+王强 0003
7GO56KBFJV*D7260DM,8986082777481381297084,8657190821274627,安徽 王强 0003
7GO56KBFJV*E7906EM,8986082284448730108903,8657190891076690,安徽 王强 0003
7GO56KBFJV*D7529FM,8986082465379025974257,8657190866874130,安徽-王强 0003
7GO56KBFJV*E7842GM,8986082785525336085283,8657190845782517,安徽+王强 0003
7GO56KBFJV*E7405HM,8986082503275796822685,8657190813715174,安徽+王强 0003
7GO56KBFJV*E7948IM,8986082404120645785696,8657190897415449,安徽 王强 0003
7GO56KBFJV*B7811JM,8986082247939641501393,8657190847150882,安徽 王强 0003
7GO56KBFJV*E7102KM,8986082138455974767544,8657190848376423,安徽 王强 0003
7GO56KBFJV*B7786LM,8986082876875775151650,8657190851481910,安徽+王强 0003
7GO56KBFJV*C7949MM,8986082784864080448321,8657190801120341,安徽 王强 0003
7GO56KBFJV*D7285NM,8986082003343381275473,8657190810444428,安徽-王强 0003
7GO56KBFJV*B7352OM,8986082761548571512995,8657190808966109,安徽-王强 0003
7GO56KBFJV*D7959PM,8986082698282150068798,8657190825889697,安徽-王强 0003
7GO56KBFJV*C7778QM,8986082934506604964877,8657190857600866,安徽-王强 0003
7GO56KBFJV*E7947RM,8986082638891310776718,8657190868299047,安徽 王强 0003
7GO56KBFJV*C7107SM,8986082183854565650102,8657190852571696,安徽 王强 0003
7GO56KBFJV*D7797TM,8986082549690949264378,8657190822440105,安徽+王强 0003
7GO56KBFJV*C7806UM,8986082402136048563212,8657190830379767,安徽 王强 0003
7GO56KBFJV*E7692VM,8986082199386708064100,8657190884648764,安徽-王强 0003
7GO56KBFJV*E7735WM,8986082639743115071562,8657190847427034,安徽 王强 0003
7GO56KBFJV*D7418XM,8986082551462956128503,8657190896201464,安徽 王强 0003
7GO56KBFJV*D7972YM,8986082596414702022627,8657190893721930,安徽+王强 0003
7GO56KBFJV*B7245ZM,8986082215700118735108,8657190890637193,安徽+王强 0003
7GO56KBFJV*D7928AM,8986082315764718115634,8657190869758212,安徽 王强 0003
7GO56KBFJV*D7993BM,8986082155477761387351,8657190875494567,安徽 王强 0003
7GO56KBFJV*B7312CM,8986082228338593510435,8657190846444833,安徽+王强 0003
7GO56KBFJV*E7339DM,8986082209255022135362,8657190877816187,安徽 王强 0003
7GO56KBFJV*D7108EM,8986082723998706998272,8657190825548308,安徽-王强 0003
7GO56KBFJV*E7314FM,8986082480183746324776,8657190825501995,安徽 王强 0003
7GO56KBFJV*E7490GM,8986082235115480150641,8657190809226005,安徽+王强 0003
7GO56KBFJV*D7980HM,8986082939147392838615,8657190832742948,安徽 王强 0003
7GO56KBFJV*C7638IM,8986082354400693873884,8657190816436606,安徽+王强 0003
7GO56KBFJV*C7991JM,8986082185607994713757,8657190841200664,安徽-王强 0003
7GO56KBFJV*E7976KM,8986082102716440674421,8657190886117160,安徽-王强 0003
7GO56KBFJV*C7551LM,8986082320626886783300,8657190877932049,安徽-王强 0003
7GO56KBFJV*C7796MM,8986082628781141351259,8657190812314334,安徽+王强 0003
7GO56KBFJV*D7765NM,8986082608474977952036,8657190839711769,安徽 王强 0003
7GO56KBFJV*E7169OM,8986082365362592683776,8657190803212095,安徽-王强 0003
7GO56KBFJV*D7237PM,8986082267596208325962,8657190867633408,安徽+王强 0003
7GO56KBFJV*C7153QM,8986082612058920737212,8657190824627093,安徽+王强 0003
7GO56KBFJV*E7551RM,8986082464194740935513,8657190832543719,安徽+王强 0003
7GO56KBFJV*B7982SM,8986082574999346540935,8657190814297546,安徽 王强 0003
7GO56KBFJV*B7766TM,8986082342493706169125,8657190861107379,安徽+王强 0003
7GO56KBFJV*C7997UM,8986082482396334870673,8657190817933980,安徽+王强 0003
7GO56KBFJV*E7637VM,8986082424111451522781,8657190898491600,安徽+王强 0003
7GO56KBFJV*D7165WM,8986082354610705905069,8657190879434389,安徽+王强 0003
7GO56KBFJV*D7781XM,8986082369880848901597,8657190824685606,安徽-王强 0003
7GO56KBFJV*B7748YM,8986082308346460499989,8657190872115585,安徽+王强 0003
7GO56KBFJV*E7915ZM,8986082089948945219619,8657190809332769,安徽 王强 0003
7GO56KBFJV*B7781AM,8986082157068976637736,8657190858821007,安徽+王强 0003
7GO56KBFJV*C7715CM,8986082278803562856229,8657190808178927,安徽+王强 0003
7GO56KBFJV*E7844DM,8986082396895369735261,8657190883175887,安徽-王强 0003
7GO56KBFJV*C7691EM,8986082162127707569194,8657190889091096,安徽 王强 0003
7GO56KBFJV*C7742AM,8986082721335177960483,8657190864011692,安徽 赵敏 0004
7GO56KBFJV*E7380BM,8986082605397213785473,8657190887508586,安徽+赵敏 0004
7GO56KBFJV*B7285CM,8986082860430560270129,8657190819620992,安徽 赵敏 0004
7GO56KBFJV*E7243DM,8986082565935208212896,8657190823160239,安徽-赵敏 0004
7GO56KBFJV*E7185EM,8986082969126266756518,8657190837392256,安徽-赵敏 0004
7GO56KBFJV*B7437FM,8986082633282039319173,8657190884578568,安徽+赵敏 0004
7GO56KBFJV*D7869GM,8986082337955841051137,8657190807972671,安徽-赵敏 0004
7GO56KBFJV*E7614HM,8986082295792603786020,8657190850298096,安徽 赵敏 0004
7GO56KBFJV*C7591IM,8986082466510180453969,8657190899604197,安徽+赵敏 0004
7GO56KBFJV*C7176JM,8986082313041936888242,8657190806399958,安徽-赵敏 0004
7GO56KBFJV*E7158KM,8986082363308131405114,8657190816232418,安徽+赵敏 0004
7GO56KBFJV*E7772LM,8986082813438110379114,8657190862457737,安徽-赵敏 0004
7GO56KBFJV*E7234MM,8986082110157263974247,8657190821527892,安徽-赵敏 0004
7GO56KBFJV*C7585NM,8986082787519562109946,8657190800436234,安徽 赵敏 0004
7GO56KBFJV*E7759OM,8986082013972810632264,8657190824316671,安徽-赵敏 0004
7GO56KBFJV*D7860PM,8986082753623817159617,8657190890537927,安徽+赵敏 0004
7GO56KBFJV*C7296QM,8986082478785336144597,8657190812929091,安徽-赵敏 0004
7GO56KBFJV*E7801RM,8986082550455362055095,8657190857282212,安徽 赵敏 0004
7GO56KBFJV*C7398SM,8986082018927628503630,8657190875746308,安徽-赵敏 0004
7GO56KBFJV*C7848TM,8986082919597717368658,8657190822587127,安徽-赵敏 0004
7GO56KBFJV*C7590UM,8986082011814760113600,8657190829915786,安徽-赵敏 0004
7GO56KBFJV*E7121VM,8986082108917295707588,8657190801788342,安徽 赵敏 0004
7GO56KBFJV*D7742WM,8986082500518402233296,8657190867949292,安徽+赵敏 0004
7GO56KBFJV*D7221XM,8986082390014314866282,8657190843297789,安徽 赵敏 0004
7GO56KBFJV*C7427YM,8986082147981471317344,8657190896619935,安徽 赵敏 0004
7GO56KBFJV*E7645ZM,8986082520757820328341,8657190819387148,安徽 赵敏 0004
7GO56KBFJV*E7348AM,8986082227161764015451,8657190811208474,安徽+赵敏 0004
7GO56KBFJV*D7581BM,8986082437621807508685,8657190889574195,安徽+赵敏 0004
7GO56KBFJV*C7510CM,8986082621758843681861,8657190810680250,安徽 赵敏 0004
7GO56KBFJV*B7874DM,8986082912920509400397,8657190895333163,安徽 赵敏 0004
7GO56KBFJV*B7614EM,8986082815358214807886,8657190871957693,安徽+赵敏 0004
7GO56KBFJV*D7397FM,8986082384873260164818,8657190859700391,安徽-赵敏 0004
7GO56KBFJV*D7461GM,8986082017242861150848,8657190891389365,安徽-赵敏 0004
7GO56KBFJV*B7735HM,8986082907651135828634,8657190858111934,安徽-赵敏 0004
7GO56KBFJV*D7166IM,8986082394742014630639,8657190834408962,安徽 赵敏 0004
7GO56KBFJV*C7185JM,8986082120844281084921,8657190894579495,安徽+赵敏 0004
7GO56KBFJV*C7179KM,8986082751687870894376,8657190827998665,安徽+赵敏 0004
7GO56KBFJV*C7863LM,8986082945133995080858,8657190866443557,安徽+赵敏 0004
7GO56KBFJV*C7569MM,8986082415538642698981,8657190866447904,安徽 赵敏 0004
7GO56KBFJV*B7783NM,8986082242431419948770,8657190832282874,安徽+赵敏 0004
7GO56KBFJV*B7524OM,8986082007857315453630,8657190894937431,安徽+赵敏 0004
7GO56KBFJV*B7827PM,8986082856786259204650,8657190879037146,安徽-赵敏 0004
7GO56KBFJV*C7345QM,8986082621878320010981,8657190891121089,安徽+赵敏 0004
7GO56KBFJV*E7203RM,8986082400906339810156,8657190809946517,安徽+赵敏 0004
7GO56KBFJV*C7720SM,8986082005181232792493,8657190852745311,安徽 赵敏 0004
7GO56KBFJV*D7502TM,8986082175127445231313,8657190888489246,安徽 赵敏 0004
7GO56KBFJV*D7507UM,8986082013730637130347,8657190885365126,安徽 赵敏 0004
7GO56KBFJV*B7687VM,8986082847331849411335,8657190826899284,安徽 赵敏 0004
7GO56KBFJV*B7445WM,8986082600872745363648,8657190891360001,安徽-赵敏 0004
7GO56KBFJV*E7331XM,8986082119399982719036,8657190882114187,安徽-赵敏 0004
7GO56KBFJV*E7784YM,8986082155693722205867,8657190820900281,安徽+赵敏 0004
7GO56KBFJV*D7313ZM,8986082875397681193462,8657190840469514,安徽+赵敏 0004
7GO56KBFJV*B7346AM,8986082042453153234343,8657190803911126,安徽 赵敏 0004
7GO56KBFJV*E7211BM,8986082669200201267317,8657190882273257,安徽+赵敏 0004
7GO56KBFJV*C7615CM,8986082967861613496409,8657190881703408,安徽-赵敏 0004
7GO56KBFJV*B7146DM,8986082859851103747924,8657190830378789,安徽 赵敏 0004
7GO56KBFJV*E7215EM,8986082256142930564209,8657190831265998,安徽+赵敏 0004
7GO56KBFJV*D7795FM,8986082335921578175731,8657190809165251,安徽-赵敏 0004
7GO56KBFJV*D7166GM,8986082700250346023286,8657190871029150,安徽+赵敏 0004
7GO56KBFJV*B7584HM,8986082926339895148817,8657190824132941,安徽-赵敏 0004
7GO56KBFJV*B7241IM,8986082565633494907019,8657190875368808,安徽+赵敏 0004
7GO56KBFJV*E7786JM,8986082088400863024307,8657190867021742,安徽 赵敏 0004
7GO56KBFJV*C7408KM,8986082679862018521053,8657190892412826,安徽-赵敏 0004
7GO56KBFJV*B7542LM,8986082101725624215323,8657190874812135,安徽+赵敏 0004
7GO56KBFJV*E7143MM,8986082931840158295511,8657190865481769,安徽+赵敏 0004
7GO56KBFJV*E7485NM,8986082961756265558007,8657190826463279,安徽+赵敏 0004
7GO56KBFJV*B7278OM,8986082739902074360114,8657190816514627,安徽-赵敏 0004
7GO56KBFJV*C7188PM,8986082566288345017964,8657190885436510,安徽-赵敏 0004
7GO56KBFJV*E7994QM,8986082007212632992708,8657190890589530,安徽 赵敏 0004
7GO56KBFJV*B7696RM,8986082492032371579682,8657190809977099,安徽 赵敏 0004
7GO56KBFJV*B7664SM,8986082417142347829071,8657190863604331,安徽 赵敏 0004
7GO56KBFJV*E7662TM,8986082148931402527875,8657190890780110,安徽-赵敏 0004
7GO56KBFJV*C7399UM,8986082136609278884335,8657190882835134,安徽 赵敏 0004
7GO56KBFJV*E7493WM,8986082423656079973827,8657190820768797,安徽+赵敏 0004
7GO56KBFJV*E7838XM,8986082929547729492926,8657190829725022,安徽-赵敏 0004
7GO56KBFJV*B7227YM,8986082368840003654508,8657190859427242,安徽+赵敏 0004
7GO56KBFJV*C7992ZM,8986082601068507072268,8657190837630452,安徽-赵敏 0004
7GO56KBFJV*D7949AM,8986082846813734649610,8657190899068575,安徽 赵敏 0004
7GO56KBFJV*D7320BM,8986082356176999596751,8657190887665315,安徽+赵敏 0004
7GO56KBFJV*D7348CM,8986082792396494050342,8657190872899296,安徽 赵敏 0004
7GO56KBFJV*C7720DM,8986082223049567880125,8657190897104691,安徽 赵敏 0004
7GO56KBFJV*E7532EM,8986082345718856907344,8657190848241179,安徽 赵敏 0004
7GO56KBFJV*B7255FM,8986082853634559023585,8657190884331187,安徽 赵敏 0004
7GO56KBFJV*C7540GM,8986082556021248299796,8657190812870995,安徽+赵敏 0004
7GO56KBFJV*B7600HM,8986082802957582178442,8657190889713077,安徽-赵敏 0004
7GO56KBFJV*C7619IM,8986082347606801751586,8657190896258214,安徽-赵敏 0004
7GO56KBFJV*C7851JM,8986082416057244670666,8657190823598886,安徽-赵敏 0004
7GO56KBFJV*E7712KM,8986082340187293614316,8657190877484422,安徽 赵敏 0004
7GO56KBFJV*C7971LM,8986082707233439273834,8657190851269636,安徽+赵敏 0004
7GO56KBFJV*B7921MM,8986082373370025983721,8657190834520875,安徽 赵敏 0004
7GO56KBFJV*E7910NM,8986082413272217617200,8657190877408617,安徽-赵敏 0004
7GO56KBFJV*C7951OM,8986082633502226420954,8657190895204335,安徽+赵敏 0004
7GO56KBFJV*E7329PM,8986082507441316052950,8657190848587044,安徽 赵敏 0004
7GO56KBFJV*D7954QM,8986082135406775363758,8657190890163717,安徽+赵敏 0004
7GO56KBFJV*C7548RM,8986082818465184019782,8657190838512689,安徽-赵敏 0004
7GO56KBFJV*D7583SM,8986082499781580410931,8657190865304135,安徽+赵敏 0004
7GO56KBFJV*D7743TM,8986082012947379562512,8657190815156358,安徽 赵敏 0004
7GO56KBFJV*D7926UM,8986082769202296140091,8657190884437237,安徽 赵敏 0004
7GO56KBFJV*C7491WM,8986082399131539950266,8657190839720507,安徽-赵敏 0004
7GO56KBFJV*E7602XM,8986082176513677180814,8657190873828673,安徽 赵敏 0004
7GO56KBFJV*D7826YM,8986082197306460171210,8657190866468935,安徽+赵敏 0004
7GO56KBFJV*D7577ZM,8986082565410715977230,8657190872869171,安徽+赵敏 0004
7GO56KBFJV*E7822AM,8986082225482192403375,8657190886195159,安徽-赵敏 0004
7GO56KBFJV*D7761BM,8986082872658707240161,8657190815335076,安徽+赵敏 0004
7GO56KBFJV*C7531CM,8986082439131574656742,8657190876440929,安徽 赵敏 0004
7GO56KBFJV*B7531DM,8986082425511356595167,8657190800713346,安徽+赵敏 0004
7GO56KBFJV*C7408EM,8986082318471570105324,8657190834293393,安徽-赵敏 0004
7GO56KBFJV*D7939FM,8986082685536908123505,8657190830240303,安徽+赵敏 0004
7GO56KBFJV*E7254GM,8986082238094168406188,8657190803534494,安徽+赵敏 0004
7GO56KBFJV*D7535HM,8986082266843435379536,8657190813951874,安徽+赵敏 0004
7GO56KBFJV*E7388IM,8986082084053467022442,8657190801753151,安徽+赵敏 0004
7GO56KBFJV*E7541JM,8986082834699985030678,8657190815736341,安徽 赵敏 0004
7GO56KBFJV*D7838KM,8986082688411235827347,8657190847726696,安徽-赵敏 0004
7GO56KBFJV*B7516LM,8986082276247602726764,8657190845545338,安徽+赵敏 0004
7GO56KBFJV*E7974MM,8986082726620896532932,8657190836061349,安徽+赵敏 0004
7GO56KBFJV*D7669NM,8986082793539132128799,8657190853292766,安徽 赵敏 0004
7GO56KBFJV*D7614OM,8986082538448491253419,8657190836946616,安徽+赵敏 0004
7GO56KBFJV*E7123PM,8986082325403786588138,8657190819932824,安徽+赵敏 0004
7GO56KBFJV*E7347QM,8986082795163914900689,8657190880427176,安徽 赵敏 0004
7GO56KBFJV*B7549RM,8986082472387375641128,8657190871143972,安徽+赵敏 0004
7GO56KBFJV*D7757SM,8986082647773634220150,8657190885737537,安徽 赵敏 0004
7GO56KBFJV*D7258TM,8986082761236023527794,8657190861318338,安徽-赵敏 0004
7GO56KBFJV*C7991UM,8986082518093322776349,8657190898875226,安徽-赵敏 0004
7GO56KBFJV*B7437VM,8986082529850745271982,8657190871922779,安徽+赵敏 0004
7GO56KBFJV*D7162WM,8986082227408070444055,8657190820497465,安徽 赵敏 0004
7GO56KBFJV*E7100XM,8986082242634262536561,8657190871085417,安徽 赵敏 0004
7GO56KBFJV*D7196YM,8986082946517725351365,8657190811778619,安徽-赵敏 0004
7GO56KBFJV*E7898ZM,8986082722983378335709,8657190804614282,安徽 赵敏 0004
7GO56KBFJV*D7401AM,8986082804357764201795,8657190899739729,安徽 赵敏 0004
7GO56KBFJV*E7160BM,8986082162391173741121,8657190802572520,安徽+赵敏 0004
7GO56KBFJV*D7973CM,8986082377232319269164,8657190887809359,安徽 赵敏 0004
7GO56KBFJV*D7909DM,8986082523000511585461,8657190806848913,安徽+赵敏 0004
7GO56KBFJV*D7564EM,8986082568405080242263,8657190846753881,安徽+赵敏 0004
7GO56KBFJV*C7415FM,8986082106875933223429,8657190823184834,安徽 赵敏 0004
7GO56KBFJV*C7489GM,8986082041751955512973,8657190894205459,安徽+赵敏 0004
7GO56KBFJV*B7489HM,8986082848398483906349,8657190826312511,安徽 赵敏 0004
7GO56KBFJV*E7880IM,8986082052726841518639,8657190870243860,安徽+赵敏 0004
7GO56KBFJV*D7129JM,8986082808903551080914,8657190898516634,安徽-赵敏 0004
7GO56KBFJV*C7430KM,8986082636747812192004,8657190881216396,安徽 赵敏 0004
7GO56KBFJV*D7878LM,8986082833178776790682,8657190830481894,安徽+赵敏 0004
7GO56KBFJV*E7736MM,8986082247653913874087,8657190827405098,安徽+赵敏 0004
7GO56KBFJV*D7229NM,8986082834908539918207,8657190836185832,安徽 赵敏 0004
7GO56KBFJV*C7483OM,8986082166829759420943,8657190854437207,安徽 赵敏 0004
7GO56KBFJV*D7313PM,8986082969041878927631,8657190880928179,安徽+赵敏 0004
7GO56KBFJV*C7554QM,8986082123655752485618,8657190877890826,安徽-赵敏 0004
7GO56KBFJV*C7997RM,8986082784250798284740,8657190817879636,安徽-赵敏 0004
7GO56KBFJV*D7185SM,8986082074524298465686,8657190801860092,安徽 赵敏 0004
7GO56KBFJV*E7934TM,8986082373785598676050,8657190890987828,安徽-赵敏 0004
7GO56KBFJV*D7354UM,8986082273667158677714,8657190803589339,安徽+赵敏 0004
7GO56KBFJV*D7736AM,8986082413273887931597,8657190857536105,安徽 陈丽 0005
7GO56KBFJV*E7972BM,8986082275391988250940,8657190856248922,安徽 陈丽 0005
7GO56KBFJV*C7248CM,8986082020684554856897,8657190879823993,安徽-陈丽 0005
7GO56KBFJV*B7809DM,8986082189251975438677,8657190865945064,安徽-陈丽 0005
7GO56KBFJV*B7275EM,8986082046847039228054,8657190871363632,安徽 陈丽 0005
7GO56KBFJV*E7247FM,8986082795890757004119,8657190879809730,安徽-陈丽 0005
7GO56KBFJV*E7924GM,8986082461303784142963,8657190875069031,安徽 陈丽 0005
7GO56KBFJV*B7104HM,8986082338530164590613,8657190814875846,安徽 陈丽 0005
7GO56KBFJV*B7926IM,8986082991651011634687,8657190896021947,安徽+陈丽 0005
7GO56KBFJV*D7160JM,8986082998978056355535,8657190823419440,安徽+陈丽 0005
7GO56KBFJV*E7206KM,8986082343472608108751,8657190830093358,安徽 陈丽 0005
7GO56KBFJV*E7856LM,8986082585602412374560,8657190839129693,安徽+陈丽 0005
7GO56KBFJV*E7946MM,8986082294156296793969,8657190840838172,安徽+陈丽 0005
7GO56KBFJV*E7142NM,8986082646261941392693,8657190852511889,安徽 陈丽 0005
7GO56KBFJV*E7305OM,8986082194128178264150,8657190897123593,安徽-陈丽 0005
7GO56KBFJV*C7458PM,8986082490395263704862,8657190815310507,安徽 陈丽 0005
7GO56KBFJV*D7479QM,8986082096000358705084,8657190853639242,安徽 陈丽 0005
7GO56KBFJV*E7590RM,8986082915316199830814,8657190875248394,安徽-陈丽 0005
7GO56KBFJV*E7851SM,8986082494361527597734,8657190887333454,安徽 陈丽 0005
7GO56KBFJV*E7152TM,8986082138694902519676,8657190858132774,安徽 陈丽 0005
7GO56KBFJV*B7792UM,8986082000983093793063,8657190894313818,安徽+陈丽 0005
7GO56KBFJV*E7221VM,8986082561549699614713,8657190831068951,安徽+陈丽 0005
7GO56KBFJV*E7787WM,8986082589801331976937,8657190890670841,安徽-陈丽 0005
7GO56KBFJV*C7625XM,8986082259490234407740,8657190851967039,安徽-陈丽 0005
7GO56KBFJV*E7136YM,8986082623359471321204,8657190868988017,安徽+陈丽 0005
7GO56KBFJV*B7281ZM,8986082318780088616848,8657190871171700,安徽+陈丽 0005
7GO56KBFJV*B7543AM,8986082720035419612680,8657190810111596,安徽 陈丽 0005
7GO56KBFJV*B7292BM,8986082139165652487569,8657190827003768,安徽+陈丽 0005
7GO56KBFJV*E7112CM,8986082963796695733833,8657190845721648,安徽-陈丽 0005
7GO56KBFJV*E7574DM,8986082841739873813489,8657190819204214,安徽+陈丽 0005
7GO56KBFJV*D7949EM,8986082952474919090342,8657190829840316,安徽 陈丽 0005
7GO56KBFJV*E7726FM,8986082112788390442328,8657190839975531,安徽+陈丽 0005
7GO56KBFJV*D7900GM,8986082692528440507604,8657190868924772,安徽+陈丽 0005
7GO56KBFJV*D7968HM,8986082742036579438281,8657190896208552,安徽-陈丽 0005
7GO56KBFJV*E7817IM,8986082802106704916557,8657190812274119,安徽+陈丽 0005
7GO56KBFJV*B7988JM,8986082341830431676370,8657190857749111,安徽 陈丽 0005
7GO56KBFJV*C7194KM,8986082793474556318841,8657190892265082,安徽+陈丽 0005
7GO56KBFJV*B7324LM,8986082799133635207402,8657190802430858,安徽-陈丽 0005
7GO56KBFJV*C7255MM,8986082597255126332120,8657190866541087,安徽+陈丽 0005
7GO56KBFJV*C7877NM,8986082578688306582532,8657190813477437,安徽-陈丽 0005
7GO56KBFJV*E7674OM,8986082576901000020479,8657190803697326,安徽-陈丽 0005
7GO56KBFJV*B7222PM,8986082329882976094002,8657190885527471,安徽+陈丽 0005
7GO56KBFJV*E7794QM,8986082304410869877226,8657190891689058,安徽 陈丽 0005
7GO56KBFJV*E7910RM,8986082280354416351731,8657190844328745,安徽-陈丽 0005
7GO56KBFJV*E7188SM,8986082683347810586558,8657190817182604,安徽+陈丽 0005
7GO56KBFJV*B7632TM,8986082109612731775363,8657190857692616,安徽+陈丽 0005
7GO56KBFJV*B7912UM,8986082974963732691022,8657190886041960,安徽 陈丽 0005
7GO56KBFJV*D7451VM,8986082324546040307835,8657190806639400,安徽-陈丽 0005
7GO56KBFJV*B7586WM,8986082202860336435746,8657190806560501,安徽-陈丽 0005
7GO56KBFJV*E7920XM,8986082960564921231181,8657190840789701,安徽-陈丽 0005
7GO56KBFJV*E7334YM,8986082789111960474783,8657190854047008,安徽 陈丽 0005
7GO56KBFJV*D7586ZM,8986082499811564932071,8657190845211700,安徽+陈丽 0005
7GO56KBFJV*B7637AM,8986082650819881440365,8657190881158059,安徽 陈丽 0005
7GO56KBFJV*C7352BM,8986082646984703317348,8657190829495486,安徽+陈丽 0005
7GO56KBFJV*D7609CM,8986082740008163348935,8657190833953866,安徽 陈丽 0005
7GO56KBFJV*C7580DM,8986082369560698529321,8657190891362561,安徽 陈丽 0005
7GO56KBFJV*C7921EM,8986082726353751786278,8657190816424255,安徽+陈丽 0005
7GO56KBFJV*D7720FM,8986082013530824958542,8657190896414311,安徽+陈丽 0005
7GO56KBFJV*B7967GM,8986082015107406019722,8657190826793205,安徽+陈丽 0005
7GO56KBFJV*C7925HM,8986082935015698124268,8657190892064884,安徽+陈丽 0005
7GO56KBFJV*B7967IM,8986082074736352847534,8657190868637663,安徽-陈丽 0005
7GO56KBFJV*C7323JM,8986082342226409264833,8657190834790223,安徽-陈丽 0005
7GO56KBFJV*E7261KM,8986082186588937090600,8657190894282923,安徽 陈丽 0005
7GO56KBFJV*B7337LM,8986082865788724410960,8657190872757531,安徽 陈丽 0005
7GO56KBFJV*C7351MM,8986082731285831482637,8657190844771609,安徽+陈丽 0005
7GO56KBFJV*B7394NM,8986082476354599367775,8657190845482532,安徽 陈丽 0005
7GO56KBFJV*E7491OM,8986082333104618776320,8657190824444844,安徽+陈丽 0005
7GO56KBFJV*C7249PM,8986082892043645354984,8657190831919172,安徽+陈丽 0005
7GO56KBFJV*C7745QM,8986082504746205144707,8657190875099364,安徽 陈丽 0005
7GO56KBFJV*D7247RM,8986082190330391548152,8657190890082404,安徽+陈丽 0005
7GO56KBFJV*E7216SM,8986082048698925883656,8657190885687284,安徽-陈丽 0005
7GO56KBFJV*D7621TM,8986082399058285829410,8657190853743014,安徽 陈丽 0005
7GO56KBFJV*B7893UM,8986082384814091284954,8657190882611330,安徽+陈丽 0005
7GO56KBFJV*B7915VM,8986082714897610402869,8657190866013090,安徽+陈丽 0005
7GO56KBFJV*B7941WM,8986082978842280614817,8657190854223314,安徽-陈丽 0005
7GO56KBFJV*D7621XM,8986082368497862470081,8657190891723324,安徽-陈丽 0005
7GO56KBFJV*B7759YM,8986082667378633308838,8657190849784877,安徽 陈丽 0005
7GO56KBFJV*D7869ZM,8986082560794491826997,8657190847678304,安徽 陈丽 0005
7GO56KBFJV*C7316AM,8986082168723559177095,8657190829420590,安徽-陈丽 0005
7GO56KBFJV*E7723BM,8986082598228886530228,8657190820008589,安徽+陈丽 0005
7GO56KBFJV*D7887CM,8986082609262129535260,8657190869017266,安徽-陈丽 0005
7GO56KBFJV*C7536DM,8986082210935509880277,8657190899141774,安徽+陈丽 0005
7GO56KBFJV*E7784EM,8986082673018520987001,8657190818549608,安徽-陈丽 0005
7GO56KBFJV*B7926FM,8986082582167709269473,8657190861040399,安徽 陈丽 0005
7GO56KBFJV*D7525GM,8986082703410575455718,8657190876254019,安徽 陈丽 0005
7GO56KBFJV*C7812HM,8986082231340503209378,8657190896830238,安徽+陈丽 0005
7GO56KBFJV*C7696IM,8986082822855885562528,8657190870946200,安徽 陈丽 0005
7GO56KBFJV*B7209JM,8986082808411982319718,8657190847178624,安徽 陈丽 0005
7GO56KBFJV*D7690KM,8986082771502615345922,8657190881464941,安徽-陈丽 0005
7GO56KBFJV*C7690LM,8986082161610977612956,8657190878012177,安徽-陈丽 0005
7GO56KBFJV*D7386NM,8986082174704322889244,8657190817639561,安徽-陈丽 0005
7GO56KBFJV*D7634OM,8986082208534091822998,8657190859969093,安徽 陈丽 0005
7GO56KBFJV*E7681PM,8986082341774621486504,8657190812034232,安徽 陈丽 0005
7GO56KBFJV*B7806QM,8986082051404571957223,8657190800512542,安徽-陈丽 0005
7GO56KBFJV*C7726RM,8986082187567065660882,8657190843059243,安徽-陈丽 0005
7GO56KBFJV*E7669SM,8986082600602117712146,8657190821192682,安徽 陈丽 0005
7GO56KBFJV*E7257TM,8986082681310184010446,8657190817785959,安徽 陈丽 0005
7GO56KBFJV*D7563UM,8986082195594672227704,8657190835981692,安徽 陈丽 0005
7GO56KBFJV*B7673VM,8986082495715521956825,8657190835231148,安徽+陈丽 0005
7GO56KBFJV*C7922WM,8986082760144607469300,8657190806080378,安徽 陈丽 0005
7GO56KBFJV*B7184XM,8986082648486069013319,8657190867208654,安徽-陈丽 0005
7GO56KBFJV*B7254YM,8986082175734540068360,8657190872131475,安徽-陈丽 0005
7GO56KBFJV*D7777ZM,8986082031575044266439,8657190877985108,安徽+陈丽 0005
7GO56KBFJV*E7358AM,8986082815506281949537,8657190850210662,安徽+陈丽 0005
7GO56KBFJV*D7517BM,8986082208717841924039,8657190861932817,安徽 陈丽 0005
7GO56KBFJV*E7724DM,8986082806060829273823,8657190873211055,安徽 陈丽 0005
7GO56KBFJV*B7657EM,8986082092064169040007,8657190874990987,安徽 陈丽 0005
7GO56KBFJV*B7110FM,8986082920853458506364,8657190878599986,安徽-陈丽 0005
7GO56KBFJV*D7724GM,8986082710301572523485,8657190874179650,安徽-陈丽 0005
7GO56KBFJV*D7443HM,8986082302077159030729,8657190849750748,安徽+陈丽 0005
7GO56KBFJV*C7995IM,8986082952380801437012,8657190883851548,安徽-陈丽 0005
7GO56KBFJV*C7736JM,8986082252702805412465,8657190881023706,安徽-陈丽 0005
7GO56KBFJV*E7191LM,8986082825339231053691,8657190811178219,安徽-陈丽 0005
7GO56KBFJV*B7517MM,8986082605164486125926,8657190836968565,安徽+陈丽 0005
7GO56KBFJV*D7947NM,8986082034699540874751,8657190860553692,安徽 陈丽 0005
7GO56KBFJV*E7928OM,8986082466115597212527,8657190835600942,安徽+陈丽 0005
7GO56KBFJV*E7714PM,8986082380087506839800,8657190856226834,安徽+陈丽 0005
7GO56KBFJV*C7992QM,8986082544172204421741,8657190848653508,安徽 陈丽 0005
7GO56KBFJV*E7493RM,8986082995907096291401,8657190893929449,安徽-陈丽 0005
7GO56KBFJV*B7309SM,8986082881160172561453,8657190812062209,安徽 陈丽 0005
7GO56KBFJV*D7148TM,8986082135902922214114,8657190876110104,安徽 陈丽 0005
7GO56KBFJV*C7204UM,8986082629453876478282,8657190815594354,安徽 陈丽 0005
7GO56KBFJV*B7604VM,8986082757469474924717,8657190830508163,安徽+陈丽 0005
7GO56KBFJV*B7502WM,8986082660399641069053,8657190834505724,安徽 陈丽 0005
7GO56KBFJV*D7902XM,8986082501803067659565,8657190821837566,安徽-陈丽 0005
7GO56KBFJV*D7562YM,8986082659706092544591,8657190894306764,安徽 陈丽 0005
7GO56KBFJV*E7493ZM,8986082585448815190635,8657190831620208,安徽-陈丽 0005
7GO56KBFJV*E7490AM,8986082734061817821543,8657190818612967,安徽-陈丽 0005
7GO56KBFJV*E7950BM,8986082881999310635394,8657190893154582,安徽 陈丽 0005
7GO56KBFJV*D7204CM,8986082295533942383677,8657190822036888,安徽+陈丽 0005
7GO56KBFJV*B7592DM,8986082511832703302182,8657190821624790,安徽-陈丽 0005
7GO56KBFJV*E7971EM,8986082306918827071359,8657190865568703,安徽+陈丽 0005
7GO56KBFJV*D7511FM,8986082113884037574421,8657190843376535,安徽-陈丽 0005
7GO56KBFJV*D7906GM,8986082761199984318808,8657190832629188,安徽+陈丽 0005
7GO56KBFJV*D7989HM,8986082323456476225636,8657190871969487,安徽 陈丽 0005
7GO56KBFJV*D7758IM,8986082471897929028781,8657190818168666,安徽+陈丽 0005
7GO56KBFJV*E7856JM,8986082002217401450478,8657190843736438,安徽+陈丽 0005
7GO56KBFJV*D7245KM,8986082657648573514140,8657190861779699,安徽+陈丽 0005
7GO56KBFJV*D7286LM,8986082155678977656252,8657190816725825,安徽-陈丽 0005
7GO56KBFJV*D7527MM,8986082174741320385947,8657190818685054,安徽+陈丽 0005
7GO56KBFJV*D7352AM,8986082657972781995106,8657190891377010,安徽+孙浩 0006
7GO56KBFJV*D7879BM,8986082569855532773516,8657190830879722,安徽-孙浩 0006
7GO56KBFJV*C7497CM,8986082688510812788015,8657190877530346,安徽 孙浩 0006
7GO56KBFJV*C7158DM,8986082610442509101121,8657190867446067,安徽+孙浩 0006
7GO56KBFJV*B7215EM,8986082319060137542972,8657190821320166,安徽-孙浩 0006
7GO56KBFJV*B7253FM,8986082721276613069121,8657190885739780,安徽 孙浩 0006
7GO56KBFJV*B7924GM,8986082975375872411955,8657190837182071,安徽+孙浩 0006
7GO56KBFJV*E7155HM,8986082431240507948021,8657190826932886,安徽 孙浩 0006
7GO56KBFJV*B7327IM,8986082780003995744763,8657190857328928,安徽+孙浩 0006
7GO56KBFJV*D7572JM,8986082415775009751370,8657190815558641,安徽+孙浩 0006
7GO56KBFJV*B7450KM,8986082741042420083523,8657190881705155,安徽-孙浩 0006
7GO56KBFJV*E7536LM,8986082754253987618998,8657190884130218,安徽+孙浩 0006
7GO56KBFJV*B7158MM,8986082944335770561206,8657190855907786,安徽-孙浩 0006
7GO56KBFJV*B7422NM,8986082290706582889369,8657190866156835,安徽-孙浩 0006
7GO56KBFJV*B7520OM,8986082991494528742655,8657190825168082,安徽-孙浩 0006
7GO56KBFJV*C7126PM,8986082204981486666289,8657190859037655,安徽 孙浩 0006
7GO56KBFJV*E7250QM,8986082804085526080532,8657190851198572,安徽-孙浩 0006
7GO56KBFJV*D7548RM,8986082950054368115247,8657190869548216,安徽 孙浩 0006
7GO56KBFJV*C7574SM,8986082739686003727743,8657190808612865,安徽-孙浩 0006
7GO56KBFJV*E7462TM,8986082195866168972632,8657190826043005,安徽+孙浩 0006
7GO56KBFJV*E7245UM,8986082195262509972462,8657190804931956,安徽+孙浩 0006
7GO56KBFJV*E7122VM,8986082602285773758987,8657190812783902,安徽 孙浩 0006
7GO56KBFJV*B7510WM,8986082380192311030120,8657190854074977,安徽+孙浩 0006
7GO56KBFJV*D7708XM,8986082576597845002597,8657190886969565,安徽+孙浩 0006
7GO56KBFJV*E7813YM,8986082649338032361676,8657190806436363,安徽+孙浩 0006
7GO56KBFJV*E7180ZM,8986082472575342961535,8657190830065829,安徽-孙浩 0006
7GO56KBFJV*C7148AM,8986082233877544072073,8657190843738573,安徽-孙浩 0006
7GO56KBFJV*C7296BM,8986082780183787814703,8657190836206611,安徽+孙浩 0006
7GO56KBFJV*C7401CM,8986082174946313000290,8657190898827690,安徽 孙浩 0006
7GO56KBFJV*B7210DM,8986082453791815947084,8657190894218079,安徽+孙浩 0006
7GO56KBFJV*C7641EM,8986082278346785438199,8657190811662327,安徽-孙浩 0006
7GO56KBFJV*B7132FM,8986082643363118191747,8657190867966804,安徽-孙浩 0006
7GO56KBFJV*C7348GM,8986082666111856883058,8657190807982713,安徽+孙浩 0006
7GO56KBFJV*D7836HM,8986082582832309761084,8657190855049226,安徽-孙浩 0006
7GO56KBFJV*D7368IM,8986082482530627506786,8657190825145687,安徽 孙浩 0006
7GO56KBFJV*E7700JM,8986082578753947818622,8657190888959711,安徽+孙浩 0006
7GO56KBFJV*C7706KM,8986082452711650918218,8657190897521011,安徽+孙浩 0006
7GO56KBFJV*B7116LM,8986082054300858967158,8657190813007823,安徽+孙浩 0006
7GO56KBFJV*B7703MM,8986082504478613858701,8657190870841389,安徽 孙浩 0006
7GO56KBFJV*E7548NM,8986082839048320933877,8657190889904338,安徽 孙浩 0006
7GO56KBFJV*D7890OM,8986082606351425375434,8657190802458549,安徽 孙浩 0006
7GO56KBFJV*E7900PM,8986082633514043620047,8657190894955833,安徽+孙浩 0006
7GO56KBFJV*B7879QM,8986082983104339447612,8657190867068526,安徽 孙浩 0006
7GO56KBFJV*E7241RM,8986082411935488927218,8657190832483718,安徽+孙浩 0006
7GO56KBFJV*C7964SM,8986082840590627320182,8657190889596882,安徽+孙浩 0006
7GO56KBFJV*B7597TM,8986082598167214399734,8657190803569059,安徽 孙浩 0006
7GO56KBFJV*C7964UM,8986082489634703984810,8657190848560498,安徽 孙浩 0006
7GO56KBFJV*B7998VM,8986082575328154558412,8657190897479751,安徽-孙浩 0006
7GO56KBFJV*C7924WM,8986082352770317646082,8657190887327839,安徽-孙浩 0006
7GO56KBFJV*B7515XM,8986082894745272251318,8657190839992953,安徽+孙浩 0006
7GO56KBFJV*E7935YM,8986082420363332185537,8657190814676680,安徽+孙浩 0006
7GO56KBFJV*B7573ZM,8986082790903296071073,8657190828960100,安徽+孙浩 0006
7GO56KBFJV*C7548AM,8986082979390876033899,8657190837654834,安徽+孙浩 0006
7GO56KBFJV*E7202BM,8986082778459753027003,8657190896970650,安徽-孙浩 0006
7GO56KBFJV*B7999AM,8986082206920260268615,8657190837963030,广东-林浩宇 0101
7GO56KBFJV*E7683BM,8986082900599503427895,8657190861821836,广东-林浩宇 0101
7GO56KBFJV*C7121CM,8986082043813268023281,8657190815101971,广东+林浩宇 0101
7GO56KBFJV*D7438DM,8986082807008463075952,8657190819032192,广东 林浩宇 0101
7GO56KBFJV*D7567EM,8986082385753511773328,8657190848106431,广东-林浩宇 0101
7GO56KBFJV*E7574FM,8986082861918827017166,8657190860951540,广东-林浩宇 0101
7GO56KBFJV*B7544GM,8986082114535785491635,8657190877794768,广东+林浩宇 0101
7GO56KBFJV*E7723HM,8986082955882930051710,8657190856568261,广东-林浩宇 0101
7GO56KBFJV*B7384IM,8986082296798709957767,8657190871692718,广东+林浩宇 0101
7GO56KBFJV*E7609JM,8986082396131875484309,8657190807594435,广东 林浩宇 0101
7GO56KBFJV*C7235KM,8986082766906890280959,8657190829029526,广东-林浩宇 0101
7GO56KBFJV*C7254LM,8986082582145353889478,8657190837905333,广东-林浩宇 0101
7GO56KBFJV*D7407MM,8986082644966124063411,8657190818121241,广东 林浩宇 0101
7GO56KBFJV*D7770NM,8986082536155807956064,8657190867976532,广东 林浩宇 0101
7GO56KBFJV*D7924OM,8986082219999130522288,8657190820885437,广东-林浩宇 0101
7GO56KBFJV*E7897PM,8986082795234587279693,8657190823483955,广东+林浩宇 0101
7GO56KBFJV*E7313QM,8986082911206038695813,8657190817333419,广东+林浩宇 0101
7GO56KBFJV*E7990RM,8986082913792392996528,8657190898333705,广东+林浩宇 0101
7GO56KBFJV*E7331SM,8986082199067453190749,8657190853286718,广东 林浩宇 0101
7GO56KBFJV*E7365TM,8986082268411989664371,8657190894146410,广东-林浩宇 0101
7GO56KBFJV*B7761UM,8986082896314509359094,8657190867014814,广东 林浩宇 0101
7GO56KBFJV*D7332VM,8986082961975609911631,8657190871761787,广东-林浩宇 0101
7GO56KBFJV*C7836WM,8986082368869116826861,8657190828687231,广东-林浩宇 0101
7GO56KBFJV*E7189XM,8986082594009016715183,8657190804106992,广东 林浩宇 0101
7GO56KBFJV*C7823YM,8986082086847287437129,8657190826199567,广东-林浩宇 0101
7GO56KBFJV*D7257ZM,8986082398576681943869,8657190826928747,广东+林浩宇 0101
7GO56KBFJV*B7644AM,8986082037280625315180,8657190871652357,广东 林浩宇 0101
7GO56KBFJV*D7495BM,8986082077035796347059,8657190834090752,广东-林浩宇 0101
7GO56KBFJV*E7660CM,8986082480880196084161,8657190802279645,广东-林浩宇 0101
7GO56KBFJV*E7137DM,8986082552144067166096,8657190895453899,广东 林浩宇 0101
7GO56KBFJV*D7307EM,8986082107319676110108,8657190874395494,广东 林浩宇 0101
7GO56KBFJV*B7101FM,8986082194357424439428,8657190849230232,广东+林浩宇 0101
7GO56KBFJV*B7702GM,8986082795694166162265,8657190871311422,广东+林浩宇 0101
7GO56KBFJV*D7728HM,8986082258876326297892,8657190827773156,广东+林浩宇 0101
7GO56KBFJV*C7953IM,8986082782428825665103,8657190846499657,广东 林浩宇 0101
7GO56KBFJV*D7202JM,8986082210851614038516,8657190873458120,广东-林浩宇 0101
7GO56KBFJV*E7968KM,8986082391658173117488,8657190855156895,广东-林浩宇 0101
7GO56KBFJV*B7687LM,8986082692322330253821,8657190881618141,广东-林浩宇 0101
7GO56KBFJV*C7771MM,8986082136747667505993,8657190871835086,广东 林浩宇 0101
7GO56KBFJV*C7109OM,8986082114928222406644,8657190890814673,广东 林浩宇 0101
7GO56KBFJV*B7277PM,8986082230912578102970,8657190854978790,广东-林浩宇 0101
7GO56KBFJV*C7267QM,8986082610348486579846,8657190848468912,广东-林浩宇 0101
7GO56KBFJV*D7755RM,8986082559166380158563,8657190872257946,广东-林浩宇 0101
7GO56KBFJV*B7913SM,8986082110059069587099,8657190808846795,广东-林浩宇 0101
7GO56KBFJV*B7701TM,8986082966138741143224,8657190813213338,广东 林浩宇 0101
7GO56KBFJV*E7970UM,8986082997051924905555,8657190832018635,广东-林浩宇 0101
7GO56KBFJV*B7726VM,8986082737427146187424,8657190843195003,广东 林浩宇 0101
7GO56KBFJV*B7245WM,8986082816591209972137,8657190874447148,广东 林浩宇 0101
7GO56KBFJV*D7780XM,8986082714066063172580,8657190858280611,广东+林浩宇 0101
7GO56KBFJV*B7481YM,8986082759131444481552,8657190853978603,广东 林浩宇 0101
7GO56KBFJV*E7552ZM,8986082648579628771412,8657190816741013,广东+林浩宇 0101
7GO56KBFJV*B7391AM,8986082122924587714617,8657190855655651,广东 林浩宇 0101
7GO56KBFJV*B7158BM,8986082244777031135103,8657190808288503,广东 林浩宇 0101
7GO56KBFJV*C7527CM,8986082866560361442289,8657190828637924,广东 林浩宇 0101
7GO56KBFJV*B7617DM,8986082316588431437001,8657190851971687,广东+林浩宇 0101
7GO56KBFJV*D7291EM,8986082468539774840077,8657190881695882,广东+林浩宇 0101
7GO56KBFJV*C7578FM,8986082691963555263470,8657190877736857,广东 林浩宇 0101
7GO56KBFJV*D7688GM,8986082814355932246778,8657190856461649,广东-林浩宇 0101
7GO56KBFJV*B7882HM,8986082464555362365405,8657190888814249,广东-林浩宇 0101
7GO56KBFJV*C7508IM,8986082755925020665309,8657190818039045,广东+林浩宇 0101
7GO56KBFJV*B7960JM,8986082528312555883385,8657190867289548,广东+林浩宇 0101
7GO56KBFJV*C7557KM,8986082790267745856093,8657190825714589,广东-林浩宇 0101
7GO56KBFJV*E7683LM,8986082079965188062360,8657190822926932,广东-林浩宇 0101
7GO56KBFJV*E7672MM,8986082949193713358197,8657190818102962,广东+林浩宇 0101
7GO56KBFJV*D7610NM,8986082393273241885340,8657190813317850,广东+林浩宇 0101
7GO56KBFJV*E7230OM,8986082699074966417552,8657190833651536,广东-林浩宇 0101
7GO56KBFJV*C7829PM,8986082811546409563524,8657190822327287,广东 林浩宇 0101
7GO56KBFJV*D7214QM,8986082881579428602501,8657190854802856,广东+林浩宇 0101
7GO56KBFJV*E7138RM,8986082558853151251631,8657190864823287,广东+林浩宇 0101
7GO56KBFJV*B7624SM,8986082514428474318503,8657190823558649,广东-林浩宇 0101
7GO56KBFJV*B7724TM,8986082550005320986300,8657190856226375,广东 林浩宇 0101
7GO56KBFJV*E7696AM,8986082319374657151510,8657190874566601,广东 黄丽华 0102
7GO56KBFJV*C7754BM,8986082688497592302947,8657190819911205,广东-黄丽华 0102
7GO56KBFJV*E7969CM,8986082575698093087699,8657190876114035,广东-黄丽华 0102
7GO56KBFJV*E7699DM,8986082283667507908313,8657190871570281,广东 黄丽华 0102
7GO56KBFJV*E7414EM,8986082183245635151201,8657190824499752,广东-黄丽华 0102
7GO56KBFJV*C7550FM,8986082065552267659984,8657190839426882,广东-黄丽华 0102
7GO56KBFJV*C7465GM,8986082381236015244854,8657190873092532,广东+黄丽华 0102
7GO56KBFJV*E7178HM,8986082019496258942990,8657190865190144,广东 黄丽华 0102
7GO56KBFJV*B7369IM,8986082664555795504279,8657190886601572,广东 黄丽华 0102
7GO56KBFJV*E7883JM,8986082239178758144809,8657190889977887,广东+黄丽华 0102
7GO56KBFJV*C7412KM,8986082957952463572240,8657190822009935,广东 黄丽华 0102
7GO56KBFJV*E7123LM,8986082111210261886734,8657190807006682,广东 黄丽华 0102
7GO56KBFJV*C7263MM,8986082292506739912907,8657190851329413,广东-黄丽华 0102
7GO56KBFJV*D7912NM,8986082122862418013462,8657190841361910,广东 黄丽华 0102
7GO56KBFJV*D7898OM,8986082738703450343041,8657190895072417,广东 黄丽华 0102
7GO56KBFJV*E7275PM,8986082115305864108397,8657190877911894,广东+黄丽华 0102
7GO56KBFJV*E7362QM,8986082349123891303119,8657190820996027,广东-黄丽华 0102
7GO56KBFJV*E7284RM,8986082306463214663596,8657190823653311,广东 黄丽华 0102
7GO56KBFJV*B7427SM,8986082959085472654448,8657190896149952,广东-黄丽华 0102
7GO56KBFJV*D7124TM,8986082528505546503057,8657190858893968,广东-黄丽华 0102
7GO56KBFJV*C7385UM,8986082552901294217001,8657190874910902,广东+黄丽华 0102
7GO56KBFJV*B7162VM,8986082053779456057502,8657190840580571,广东+黄丽华 0102
7GO56KBFJV*C7801WM,8986082497557776357399,8657190898542209,广东 黄丽华 0102
7GO56KBFJV*D7800XM,8986082248724950066631,8657190858106860,广东+黄丽华 0102
7GO56KBFJV*D7880YM,8986082240396257841001,8657190887875059,广东 黄丽华 0102
7GO56KBFJV*C7625ZM,8986082492093038469473,8657190894193400,广东 黄丽华 0102
7GO56KBFJV*B7890AM,8986082517114016352838,8657190806224012,广东+黄丽华 0102
7GO56KBFJV*E7188BM,8986082077191794316253,8657190844728897,广东-黄丽华 0102
7GO56KBFJV*E7842CM,8986082086894263910237,8657190879938239,广东+黄丽华 0102
7GO56KBFJV*E7519DM,8986082513168614034899,8657190879820988,广东-黄丽华 0102
7GO56KBFJV*E7622EM,8986082826486563091554,8657190831288334,广东 黄丽华 0102
7GO56KBFJV*E7660FM,8986082110742733519622,8657190887174155,广东-黄丽华 0102
7GO56KBFJV*C7102GM,8986082843352851055404,8657190827301008,广东-黄丽华 0102
7GO56KBFJV*D7300HM,8986082628181437509417,8657190883920614,广东 黄丽华 0102
7GO56KBFJV*B7182IM,8986082029294116754647,8657190816397966,广东+黄丽华 0102
7GO56KBFJV*D7200JM,8986082529458960933114,8657190815847475,广东+黄丽华 0102
7GO56KBFJV*C7579KM,8986082144557481257634,8657190875480851,广东+黄丽华 0102
7GO56KBFJV*C7917LM,8986082207574901281723,8657190819157363,广东-黄丽华 0102
7GO56KBFJV*E7365MM,8986082343460615996990,8657190801421040,广东+黄丽华 0102
7GO56KBFJV*D7147NM,8986082996781876685285,8657190820976883,广东+黄丽华 0102
7GO56KBFJV*B7250OM,8986082193777964728633,8657190800017947,广东+黄丽华 0102
7GO56KBFJV*E7617PM,8986082854932379150448,8657190815740318,广东 黄丽华 0102
7GO56KBFJV*B7880QM,8986082651702278327400,8657190814051326,广东 黄丽华 0102
7GO56KBFJV*C7592RM,8986082600395782038763,8657190811276414,广东 黄丽华 0102
7GO56KBFJV*D7146SM,8986082441486198792594,8657190863184540,广东 黄丽华 0102
7GO56KBFJV*B7916TM,8986082295361677230587,8657190845793842,广东+黄丽华 0102
7GO56KBFJV*D7296UM,8986082674045473185827,8657190828487171,广东 黄丽华 0102
7GO56KBFJV*C7279VM,8986082911788646911718,8657190832845011,广东-黄丽华 0102
7GO56KBFJV*B7312WM,8986082581879970981340,8657190840048029,广东-黄丽华 0102
7GO56KBFJV*C7556XM,8986082803005244225884,8657190857425590,广东-黄丽华 0102
7GO56KBFJV*D7366YM,8986082086693626179450,8657190881330954,广东+黄丽华 0102
7GO56KBFJV*E7835ZM,8986082433185395275075,8657190853079780,广东+黄丽华 0102
7GO56KBFJV*B7141BM,8986082136380679276085,8657190888276728,广东-黄丽华 0102
7GO56KBFJV*C7503CM,8986082951805792192215,8657190843538610,广东+黄丽华 0102
7GO56KBFJV*C7608DM,8986082404520017202467,8657190851470371,广东-黄丽华 0102
7GO56KBFJV*D7584EM,8986082365921978447051,8657190875282170,广东 黄丽华 0102
7GO56KBFJV*C7980FM,8986082300271626084562,8657190861621952,广东-黄丽华 0102
7GO56KBFJV*D7817GM,8986082975793544681221,8657190855336037,广东 黄丽华 0102
7GO56KBFJV*D7543HM,8986082283577585934717,8657190805315132,广东 黄丽华 0102
7GO56KBFJV*D7854IM,8986082373518011766182,8657190814521081,广东+黄丽华 0102
7GO56KBFJV*C7380JM,8986082051007416040988,8657190805414207,广东 黄丽华 0102
7GO56KBFJV*B7151KM,8986082702326124053009,8657190891403497,广东+黄丽华 0102
7GO56KBFJV*E7546LM,8986082832590521208686,8657190828140962,广东+黄丽华 0102
7GO56KBFJV*E7406MM,8986082120382911485449,8657190808222602,广东-黄丽华 0102
7GO56KBFJV*B7584NM,8986082335498461218223,8657190870423775,广东-黄丽华 0102
7GO56KBFJV*D7559OM,8986082591873281506157,8657190826903538,广东-黄丽华 0102
7GO56KBFJV*D7278PM,8986082072768074060464,8657190802592207,广东+黄丽华 0102
7GO56KBFJV*E7963QM,8986082688244632589068,8657190803560049,广东+黄丽华 0102
7GO56KBFJV*B7111RM,8986082730485093743074,8657190895204428,广东-黄丽华 0102
7GO56KBFJV*B7661SM,8986082911489676746427,8657190868042438,广东 黄丽华 0102
7GO56KBFJV*E7509TM,8986082087688651142847,8657190808644287,广东-黄丽华 0102
7GO56KBFJV*C7691UM,8986082968495188098945,8657190843828449,广东+黄丽华 0102
7GO56KBFJV*E7942VM,8986082861512659286236,8657190866135949,广东 黄丽华 0102
7GO56KBFJV*C7165WM,8986082684026192972786,8657190876807148,广东+黄丽华 0102
7GO56KBFJV*E7749XM,8986082366636579038857,8657190818531404,广东 黄丽华 0102
7GO56KBFJV*C7522YM,8986082608255589011195,8657190867883960,广东+黄丽华 0102
7GO56KBFJV*D7678ZM,8986082166040967831741,8657190855821071,广东-黄丽华 0102
7GO56KBFJV*C7788AM,8986082922356129688007,8657190889118255,广东+黄丽华 0102
7GO56KBFJV*C7569BM,8986082305248906641723,8657190888332727,广东 黄丽华 0102
7GO56KBFJV*E7908CM,8986082396988285137445,8657190827499204,广东-黄丽华 0102
7GO56KBFJV*E7390DM,8986082515549891026314,8657190860404951,广东-黄丽华 0102
7GO56KBFJV*E7724EM,8986082999619695277835,8657190874194325,广东+黄丽华 0102
7GO56KBFJV*D7722FM,8986082802517094082096,8657190891670776,广东+黄丽华 0102
7GO56KBFJV*D7848GM,8986082903055398406436,8657190827662067,广东+黄丽华 0102
7GO56KBFJV*B7631HM,8986082132544686294959,8657190879909358,广东+黄丽华 0102
7GO56KBFJV*E7774IM,8986082360649434767928,8657190837327396,广东-黄丽华 0102
7GO56KBFJV*D7970JM,8986082404460932056913,8657190868501420,广东-黄丽华 0102
7GO56KBFJV*C7929KM,8986082292450244941299,8657190886437676,广东 黄丽华 0102
7GO56KBFJV*D7191LM,8986082426850312607535,8657190807084283,广东-黄丽华 0102
7GO56KBFJV*C7716MM,8986082690440028038120,8657190876751802,广东-黄丽华 0102
7GO56KBFJV*E7887NM,8986082197238562976503,8657190816092468,广东 黄丽华 0102
7GO56KBFJV*C7450OM,8986082710192855074076,8657190849506160,广东 黄丽华 0102
7GO56KBFJV*D7986PM,8986082206983055538261,8657190860976102,广东-黄丽华 0102
7GO56KBFJV*B7587QM,8986082427279058798072,8657190878575478,广东-黄丽华 0102
7GO56KBFJV*C7993RM,8986082427593913731454,8657190823438303,广东-黄丽华 0102
7GO56KBFJV*B7479SM,8986082078062051855907,8657190861163674,广东-黄丽华 0102
7GO56KBFJV*E7812TM,8986082521613074193842,8657190838951379,广东-黄丽华 0102
7GO56KBFJV*D7437UM,8986082205615365282391,8657190817316063,广东+黄丽华 0102
7GO56KBFJV*E7205VM,8986082883442814901705,8657190803104660,广东-黄丽华 0102
7GO56KBFJV*B7423WM,8986082434012023427973,8657190808694071,广东 黄丽华 0102
7GO56KBFJV*B7876XM,8986082655399842385136,8657190826450601,广东+黄丽华 0102
7GO56KBFJV*E7967YM,8986082475206516421866,8657190847158208,广东+黄丽华 0102
7GO56KBFJV*D7345ZM,8986082789846511429178,8657190860215290,广东 黄丽华 0102
7GO56KBFJV*C7333AM,8986082712194051674883,8657190823809356,广东+黄丽华 0102
7GO56KBFJV*C7664BM,8986082910879217467944,8657190829476039,广东 黄丽华 0102
7GO56KBFJV*E7128CM,8986082942327336712704,8657190877140647,广东-黄丽华 0102
7GO56KBFJV*C7538DM,8986082415098007159679,8657190887972434,广东 黄丽华 0102
7GO56KBFJV*C7206EM,8986082525767878505745,8657190863385828,广东-黄丽华 0102
7GO56KBFJV*D7321FM,8986082179231157880816,8657190853200646,广东+黄丽华 0102
7GO56KBFJV*C7297GM,8986082897341863776055,8657190819255435,广东-黄丽华 0102
7GO56KBFJV*B7497HM,8986082530762644959937,8657190834427385,广东+黄丽华 0102
7GO56KBFJV*E7257IM,8986082280551040433459,8657190836533783,广东+黄丽华 0102
7GO56KBFJV*D7581JM,8986082400537451634331,8657190888275421,广东+黄丽华 0102
7GO56KBFJV*C7641KM,8986082454523400021829,8657190812600675,广东 黄丽华 0102
7GO56KBFJV*C7131LM,8986082972025540658988,8657190812951365,广东-黄丽华 0102
7GO56KBFJV*B7575AM,8986082273625954622038,8657190870641626,广东+张伟 0103
7GO56KBFJV*C7192BM,8986082359156848125442,8657190843396087,广东 张伟 0103
7GO56KBFJV*C7306CM,8986082057836868251629,8657190847357714,广东-张伟 0103
7GO56KBFJV*D7628DM,8986082284631566639587,8657190845213333,广东 张伟 0103
7GO56KBFJV*B7530EM,8986082924161690114807,8657190879327560,广东 张伟 0103
7GO56KBFJV*D7929FM,8986082443264435088568,8657190874053653,广东 张伟 0103
7GO56KBFJV*E7271GM,8986082455542010402311,8657190866087580,广东 张伟 0103
7GO56KBFJV*E7967HM,8986082675186493790141,8657190841536227,广东 张伟 0103
7GO56KBFJV*E7777IM,8986082399234354572936,8657190804211882,广东-张伟 0103
7GO56KBFJV*D7448JM,8986082667493656675720,8657190835293340,广东 张伟 0103
7GO56KBFJV*B7870KM,8986082126304916395006,8657190884408298,广东 张伟 0103
7GO56KBFJV*D7465LM,8986082424480727742049,8657190864752154,广东-张伟 0103
7GO56KBFJV*C7715MM,8986082966259720505966,8657190892108703,广东 张伟 0103
7GO56KBFJV*D7650NM,8986082243992787373632,8657190806299100,广东+张伟 0103
7GO56KBFJV*C7269OM,8986082064569807224605,8657190882440957,广东+张伟 0103
7GO56KBFJV*E7395PM,8986082699701969756381,8657190884417949,广东+张伟 0103
7GO56KBFJV*C7420QM,8986082792891816925082,8657190844243708,广东 张伟 0103
7GO56KBFJV*B7435RM,8986082138126273489438,8657190830527305,广东-张伟 0103
7GO56KBFJV*E7727SM,8986082637644820609995,8657190801837987,广东-张伟 0103
7GO56KBFJV*D7799TM,8986082254192042223370,8657190862810274,广东 张伟 0103
7GO56KBFJV*E7703UM,8986082821625246450530,8657190806423539,广东-张伟 0103
7GO56KBFJV*C7543VM,8986082446907040663334,8657190806608862,广东 张伟 0103
7GO56KBFJV*B7481WM,8986082917001094369903,8657190881707040,广东-张伟 0103
7GO56KBFJV*B7362XM,8986082351084285182038,8657190851131097,广东+张伟 0103
7GO56KBFJV*B7216YM,8986082723212113971728,8657190842135286,广东-张伟 0103
7GO56KBFJV*B7277ZM,8986082254277534466826,8657190856142473,广东+张伟 0103
7GO56KBFJV*E7513AM,8986082338273178564327,8657190832861879,广东-张伟 0103
7GO56KBFJV*E7836BM,8986082322569167532287,8657190894523068,广东 张伟 0103
7GO56KBFJV*E7301CM,8986082752292554607352,8657190846677700,广东+张伟 0103
7GO56KBFJV*B7203DM,8986082376602421067792,8657190868990832,广东+张伟 0103
7GO56KBFJV*B7234EM,8986082993177416879637,8657190834911198,广东 张伟 0103
7GO56KBFJV*D7111FM,8986082282806149750490,8657190865221131,广东 张伟 0103
7GO56KBFJV*B7216GM,8986082475257022246862,8657190865105727,广东+张伟 0103
7GO56KBFJV*E7605HM,8986082609904957600869,8657190880584419,广东+张伟 0103
7GO56KBFJV*B7997IM,8986082602182573589214,8657190865649525,广东+张伟 0103
7GO56KBFJV*B7431JM,8986082707042175380196,8657190809580015,广东 张伟 0103
7GO56KBFJV*D7424KM,8986082146769454246270,8657190894619152,广东+张伟 0103
7GO56KBFJV*C7221LM,8986082380292054634231,8657190837430134,广东+张伟 0103
7GO56KBFJV*E7697MM,8986082572594659590197,8657190834992358,广东+张伟 0103
7GO56KBFJV*E7753NM,8986082743164030002991,8657190829369827,广东 张伟 0103
7GO56KBFJV*E7896OM,8986082880684569811141,8657190851371251,广东 张伟 0103
7GO56KBFJV*C7390PM,8986082023119520075482,8657190881126893,广东-张伟 0103
7GO56KBFJV*E7249QM,8986082165909269349542,8657190815803697,广东-张伟 0103
7GO56KBFJV*C7408RM,8986082037759924447651,8657190866923749,广东 张伟 0103
7GO56KBFJV*B7789SM,8986082945112677292750,8657190885997537,广东 张伟 0103
7GO56KBFJV*D7291TM,8986082578646631650003,8657190842738034,广东+张伟 0103
7GO56KBFJV*C7528UM,8986082605512024366823,8657190874938021,广东 张伟 0103
7GO56KBFJV*C7356VM,8986082130007373931532,8657190899385311,广东-张伟 0103
7GO56KBFJV*B7344WM,8986082926635398358522,8657190891418601,广东-张伟 0103
7GO56KBFJV*D7260XM,8986082680049116583288,8657190839879121,广东+张伟 0103
7GO56KBFJV*D7644YM,8986082780146056264460,8657190861530183,广东 张伟 0103
7GO56KBFJV*D7816ZM,8986082453937568227791,8657190829649503,广东-张伟 0103
7GO56KBFJV*E7851AM,8986082220769366104497,8657190833667005,广东 张伟 0103
7GO56KBFJV*B7941BM,8986082735407010145906,8657190844311455,广东+张伟 0103
7GO56KBFJV*C7487CM,8986082852549021300743,8657190895591262,广东-张伟 0103
7GO56KBFJV*E7452DM,8986082568329752458430,8657190898910760,广东-张伟 0103
7GO56KBFJV*D7267EM,8986082731472801129282,8657190893393445,广东 张伟 0103
7GO56KBFJV*D7702FM,8986082418578041041535,8657190831804144,广东-张伟 0103
7GO56KBFJV*C7711GM,8986082977652621114730,8657190811849686,广东 张伟 0103
7GO56KBFJV*B7393HM,8986082997483826426504,8657190869912471,广东+张伟 0103
7GO56KBFJV*D7424IM,8986082094743421895219,8657190888090862,广东-张伟 0103
7GO56KBFJV*C7497JM,8986082878292863959664,8657190870203662,广东-张伟 0103
7GO56KBFJV*C7124KM,8986082534581123899389,8657190880821387,广东 张伟 0103
7GO56KBFJV*B7653LM,8986082825567020220483,8657190868161523,广东-张伟 0103
7GO56KBFJV*D7617MM,8986082006149344850961,8657190849185574,广东+张伟 0103
7GO56KBFJV*E7195NM,8986082153954058337561,8657190808783921,广东-张伟 0103
7GO56KBFJV*B7702OM,8986082337529955711414,8657190874503894,广东-张伟 0103
7GO56KBFJV*C7104PM,8986082870731817456203,8657190870383212,广东 张伟 0103
7GO56KBFJV*E7937QM,8986082195548867288974,8657190899185117,广东 张伟 0103
7GO56KBFJV*E7303RM,8986082060910181222607,8657190848690697,广东-张伟 0103
7GO56KBFJV*B7794SM,8986082561363374066522,8657190820719899,广东-张伟 0103
7GO56KBFJV*D7300TM,8986082769185726006420,8657190814619370,广东+张伟 0103
7GO56KBFJV*E7825UM,8986082810513522434582,8657190825240124,广东 张伟 0103
7GO56KBFJV*B7937VM,8986082228546862180941,8657190864153528,广东+张伟 0103
7GO56KBFJV*E7785WM,8986082108676030377355,8657190832184678,广东 张伟 0103
7GO56KBFJV*C7340XM,8986082346257880075552,8657190855783891,广东 张伟 0103
7GO56KBFJV*C7443YM,8986082623861662976407,8657190835658116,广东 张伟 0103
7GO56KBFJV*B7457ZM,8986082885789788929809,8657190869670642,广东-张伟 0103
7GO56KBFJV*D7242AM,8986082051366448671846,8657190804386594,广东+张伟 0103
7GO56KBFJV*E7657BM,8986082563068719114456,8657190806160381,广东 张伟 0103
7GO56KBFJV*B7574CM,8986082258513641364251,8657190859539992,广东-张伟 0103
7GO56KBFJV*B7899DM,8986082345591988305019,8657190850830712,广东 张伟 0103
7GO56KBFJV*C7635EM,8986082958340201117160,8657190858025946,广东-张伟 0103
7GO56KBFJV*C7285FM,8986082184215380960121,8657190837175347,广东 张伟 0103
7GO56KBFJV*D7125GM,8986082638687399347403,8657190897339230,广东-张伟 0103
7GO56KBFJV*E7662HM,8986082964956857586969,8657190868829852,广东+张伟 0103
7GO56KBFJV*E7584IM,8986082349921848566387,8657190896800737,广东-张伟 0103
7GO56KBFJV*B7710JM,8986082124704297756494,8657190819369690,广东 张伟 0103
7GO56KBFJV*B7164KM,8986082439101609015338,8657190814266224,广东-张伟 0103
7GO56KBFJV*C7180LM,8986082771165284142583,8657190816103217,广东-张伟 0103
7GO56KBFJV*D7399MM,8986082306406902049383,8657190866694451,广东-张伟 0103
7GO56KBFJV*C7353NM,8986082439103497777217,8657190802196306,广东+张伟 0103
7GO56KBFJV*E7684OM,8986082264089594403778,8657190859167460,广东+张伟 0103
7GO56KBFJV*C7387PM,8986082785593396603843,8657190881171247,广东-张伟 0103
7GO56KBFJV*E7577QM,8986082161357610822462,8657190878686546,广东+张伟 0103
7GO56KBFJV*D7116RM,8986082461641998921146,8657190800526152,广东 张伟 0103
7GO56KBFJV*B7905SM,8986082324710154063567,8657190831230907,广东-张伟 0103
7GO56KBFJV*C7673TM,8986082468733055432726,8657190872466207,广东+张伟 0103
7GO56KBFJV*C7907UM,8986082450886408322051,8657190802617177,广东 张伟 0103
7GO56KBFJV*B7870VM,8986082657628256094230,8657190875344001,广东-张伟 0103
7GO56KBFJV*B7899WM,8986082040125806561203,8657190878502639,广东-张伟 0103
7GO56KBFJV*E7245XM,8986082633114047866578,8657190823177375,广东+张伟 0103
7GO56KBFJV*D7472YM,8986082441857807267969,8657190837814709,广东+张伟 0103
7GO56KBFJV*B7924ZM,8986082476163226972920,8657190823555992,广东 张伟 0103
7GO56KBFJV*C7103AM,8986082054664287519779,8657190816403209,广东+张伟 0103
7GO56KBFJV*E7860BM,8986082910515211016796,8657190884657852,广东 张伟 0103
7GO56KBFJV*E7391CM,8986082546391415434506,8657190869800288,广东 张伟 0103
7GO56KBFJV*D7516DM,8986082804814984184434,8657190845058565,广东 张伟 0103
7GO56KBFJV*B7501EM,8986082596128444161386,8657190841806520,广东+张伟 0103
7GO56KBFJV*D7805FM,8986082604132532698255,8657190871427619,广东-张伟 0103
7GO56KBFJV*B7548GM,8986082806738079924419,8657190889740635,广东-张伟 0103
7GO56KBFJV*D7364HM,8986082027223202885577,8657190866463751,广东-张伟 0103
7GO56KBFJV*B7675IM,8986082968746839945029,8657190849441422,广东+张伟 0103
7GO56KBFJV*C7412JM,8986082111826577806274,8657190830807217,广东 张伟 0103
7GO56KBFJV*D7259KM,8986082661287064380656,8657190894265141,广东 张伟 0103
7GO56KBFJV*B7297LM,8986082438189665830970,8657190813615909,广东+张伟 0103
7GO56KBFJV*E7491MM,8986082746957525028657,8657190860627168,广东-张伟 0103
7GO56KBFJV*B7487NM,8986082417218652223973,8657190892048812,广东 张伟 0103
7GO56KBFJV*C7492OM,8986082995342808175956,8657190832946058,广东 张伟 0103
7GO56KBFJV*E7390PM,8986082330840485077315,8657190849976439,广东-张伟 0103
7GO56KBFJV*E7703QM,8986082554417808850240,8657190807729791,广东-张伟 0103
7GO56KBFJV*D7528AM,8986082436074004257122,8657190896645099,广东-陈志强 0104
7GO56KBFJV*B7761BM,8986082348594317997447,8657190858819839,广东 陈志强 0104
7GO56KBFJV*C7651CM,8986082374778390475227,8657190888615270,广东+陈志强 0104
7GO56KBFJV*C7549DM,8986082533962765399433,8657190848340142,广东 陈志强 0104
7GO56KBFJV*D7316EM,8986082625577256124448,8657190894214234,广东-陈志强 0104
7GO56KBFJV*C7791FM,8986082412356595844798,8657190866698713,广东+陈志强 0104
7GO56KBFJV*E7867GM,8986082428072344080843,8657190834103427,广东+陈志强 0104
7GO56KBFJV*B7907HM,8986082075204371773593,8657190863312694,广东+陈志强 0104
7GO56KBFJV*B7982IM,8986082920970785734065,8657190857890185,广东 陈志强 0104
7GO56KBFJV*E7906JM,8986082940744066562453,8657190867387031,广东-陈志强 0104
7GO56KBFJV*D7714KM,8986082506077601749838,8657190866490008,广东 陈志强 0104
7GO56KBFJV*E7485LM,8986082044258275148803,8657190821976925,广东 陈志强 0104
7GO56KBFJV*C7958MM,8986082309674384329906,8657190803329438,广东-陈志强 0104
7GO56KBFJV*C7736NM,8986082973115388053870,8657190819938891,广东-陈志强 0104
7GO56KBFJV*D7876OM,8986082622853755700158,8657190881168316,广东-陈志强 0104
7GO56KBFJV*E7862PM,8986082898871034100702,8657190836389300,广东-陈志强 0104
7GO56KBFJV*D7110QM,8986082456009735634772,8657190883815950,广东-陈志强 0104
7GO56KBFJV*D7449RM,8986082146998099793608,8657190888761281,广东 陈志强 0104
7GO56KBFJV*C7527SM,8986082891083617853156,8657190847770517,广东 陈志强 0104
7GO56KBFJV*D7604TM,8986082116021064856721,8657190841603983,广东 陈志强 0104
7GO56KBFJV*B7823UM,8986082999380519107882,8657190893990520,广东 陈志强 0104
7GO56KBFJV*D7546VM,8986082362036382559483,8657190869680394,广东+陈志强 0104
7GO56KBFJV*C7963WM,8986082589785028279050,8657190852172959,广东-陈志强 0104
7GO56KBFJV*C7673XM,8986082172071450331230,8657190874683263,广东+陈志强 0104
7GO56KBFJV*D7985YM,8986082558578361836668,8657190819797122,广东+陈志强 0104
7GO56KBFJV*B7547ZM,8986082854768444092829,8657190875841260,广东-陈志强 0104
7GO56KBFJV*D7452AM,8986082675156279067256,8657190891478676,广东-陈志强 0104
7GO56KBFJV*D7442BM,8986082263377486452790,8657190893518310,广东 陈志强 0104
7GO56KBFJV*D7689CM,8986082461212573613555,8657190826006500,广东+陈志强 0104
7GO56KBFJV*C7407DM,8986082508842754713240,8657190821364898,广东-陈志强 0104
7GO56KBFJV*C7607EM,8986082167367605159479,8657190815710833,广东 陈志强 0104
7GO56KBFJV*C7670FM,8986082204331934263627,8657190805704368,广东 陈志强 0104
7GO56KBFJV*B7721GM,8986082543056276121961,8657190877566444,广东-陈志强 0104
7GO56KBFJV*D7696HM,8986082843366763944434,8657190859782684,广东 陈志强 0104
7GO56KBFJV*C7405IM,8986082833410013242292,8657190808251339,广东-陈志强 0104
7GO56KBFJV*E7360JM,8986082136740583261859,8657190830777845,广东-陈志强 0104
7GO56KBFJV*D7613KM,8986082040797267427693,8657190800145960,广东 陈志强 0104
7GO56KBFJV*E7785LM,8986082578691333074274,8657190810630460,广东+陈志强 0104
7GO56KBFJV*B7548MM,8986082794720571530917,8657190838257546,广东-陈志强 0104
7GO56KBFJV*C7909NM,8986082493635444152028,8657190887601693,广东-陈志强 0104
7GO56KBFJV*D7729OM,8986082246247548065078,8657190880047874,广东-陈志强 0104
7GO56KBFJV*C7499PM,8986082859396278977157,8657190839186971,广东-陈志强 0104
7GO56KBFJV*C7430QM,8986082880146598883739,8657190862971632,广东+陈志强 0104
7GO56KBFJV*B7633RM,8986082075893291961286,8657190815494307,广东-陈志强 0104
7GO56KBFJV*E7182SM,8986082261925139814590,8657190804794470,广东-陈志强 0104
7GO56KBFJV*E7545TM,8986082157373466049405,8657190883025822,广东 陈志强 0104
7GO56KBFJV*C7496UM,8986082867242500762639,8657190875977621,广东 陈志强 0104
7GO56KBFJV*B7822VM,8986082940573519139419,8657190890297731,广东+陈志强 0104
7GO56KBFJV*C7278WM,8986082159074751861957,8657190881860328,广东+陈志强 0104
7GO56KBFJV*E7418XM,8986082325771873971515,8657190839545937,广东 陈志强 0104
7GO56KBFJV*E7202YM,8986082448613598319600,8657190835265323,广东-陈志强 0104
7GO56KBFJV*B7874ZM,8986082574468023967576,8657190862077022,广东-陈志强 0104
7GO56KBFJV*E7441AM,8986082998281058857972,8657190810303244,广东 陈志强 0104
7GO56KBFJV*D7937BM,8986082588411494342744,8657190857135239,广东 陈志强 0104
7GO56KBFJV*B7876CM,8986082205938704771868,8657190805974688,广东-陈志强 0104
7GO56KBFJV*E7710DM,8986082306584345889070,8657190842315160,广东 陈志强 0104
7GO56KBFJV*C7394EM,8986082226701692378889,8657190839229331,广东-陈志强 0104
7GO56KBFJV*E7650FM,8986082831313480392852,8657190849215777,广东-陈志强 0104
7GO56KBFJV*C7470GM,8986082331839499384895,8657190864360791,广东+陈志强 0104
7GO56KBFJV*B7592HM,8986082086734425518571,8657190884862133,广东-陈志强 0104
7GO56KBFJV*C7690IM,8986082846334275540005,8657190836106760,广东 陈志强 0104
7GO56KBFJV*E7469JM,8986082290241808248377,8657190834642827,广东+陈志强 0104
7GO56KBFJV*E7647KM,8986082937982539125370,8657190800245240,广东 陈志强 0104
7GO56KBFJV*D7612LM,8986082764001468416350,8657190881732794,广东+陈志强 0104
7GO56KBFJV*D7689MM,8986082614319396331426,8657190842107393,广东+陈志强 0104
7GO56KBFJV*D7287NM,8986082288511655616999,8657190872947482,广东+陈志强 0104
7GO56KBFJV*D7302OM,8986082633851934347388,8657190868657296,广东 陈志强 0104
7GO56KBFJV*D7228PM,8986082254000264324213,8657190876135927,广东+陈志强 0104
7GO56KBFJV*B7709QM,8986082772899612914839,8657190829357865,广东+陈志强 0104
7GO56KBFJV*C7322RM,8986082969281568963446,8657190877038014,广东+陈志强 0104
7GO56KBFJV*D7576SM,8986082723026009034083,8657190815273297,广东-陈志强 0104
7GO56KBFJV*C7756TM,8986082244170498256325,8657190852876876,广东+陈志强 0104
7GO56KBFJV*E7671UM,8986082631880204228609,8657190841124265,广东+陈志强 0104
7GO56KBFJV*E7261VM,8986082020931838409380,8657190859662166,广东-陈志强 0104
7GO56KBFJV*D7502WM,8986082306330358970029,8657190893072662,广东+陈志强 0104
7GO56KBFJV*E7212XM,8986082347398371569407,8657190814806539,广东-陈志强 0104
7GO56KBFJV*C7423YM,8986082180400135386448,8657190836649575,广东+陈志强 0104
7GO56KBFJV*B7180ZM,8986082974002185552293,8657190819519453,广东 陈志强 0104
7GO56KBFJV*D7530AM,8986082903053457310414,8657190887916846,广东-陈志强 0104
7GO56KBFJV*C7460BM,8986082405770504487593,8657190863254824,广东 陈志强 0104
7GO56KBFJV*B7545CM,8986082354383414306782,8657190839006451,广东 陈志强 0104
7GO56KBFJV*B7237DM,8986082383372447023645,8657190814356012,广东+陈志强 0104
7GO56KBFJV*C7483EM,8986082923692957059854,8657190862513307,广东-陈志强 0104
7GO56KBFJV*C7638FM,8986082260523662067195,8657190863271663,广东 陈志强 0104
7GO56KBFJV*E7260GM,8986082117601218237489,8657190810350298,广东+陈志强 0104
7GO56KBFJV*B7444HM,8986082040511545746531,8657190801335883,广东+陈志强 0104
7GO56KBFJV*B7248IM,8986082196158108203208,8657190815633512,广东+陈志强 0104
7GO56KBFJV*C7785JM,8986082500297857888678,8657190836587457,广东-陈志强 0104
7GO56KBFJV*B7146KM,8986082200751886393071,8657190864503030,广东 陈志强 0104
7GO56KBFJV*D7911LM,8986082093165501287331,8657190874642070,广东+陈志强 0104
7GO56KBFJV*E7371MM,8986082266946267396084,8657190830324839,广东 陈志强 0104
7GO56KBFJV*B7456NM,8986082492600543403332,8657190804945836,广东 陈志强 0104
7GO56KBFJV*D7620OM,8986082200641994474972,8657190845312905,广东+陈志强 0104
7GO56KBFJV*B7552PM,8986082174006102093842,8657190826567993,广东+陈志强 0104
7GO56KBFJV*C7681QM,8986082946873987365169,8657190823174829,广东+陈志强 0104
7GO56KBFJV*D7881RM,8986082492479175358926,8657190886340799,广东-陈志强 0104
7GO56KBFJV*C7910SM,8986082179394351884181,8657190810656932,广东-陈志强 0104
7GO56KBFJV*E7313TM,8986082855096634827216,8657190897937931,广东 陈志强 0104
7GO56KBFJV*B7437UM,8986082093000986703005,8657190812276510,广东+陈志强 0104
7GO56KBFJV*B7148VM,8986082651753986768754,8657190816206548,广东-陈志强 0104
7GO56KBFJV*C7743WM,8986082989970197511475,8657190898136678,广东+陈志强 0104
7GO56KBFJV*C7523XM,8986082216641960840225,8657190805213758,广东 陈志强 0104
7GO56KBFJV*E7924YM,8986082413642858111672,8657190862987475,广东 陈志强 0104
7GO56KBFJV*B7993ZM,8986082913924070548336,8657190870638759,广东+陈志强 0104
7GO56KBFJV*C7464AM,8986082560799411737215,8657190807136594,广东+陈志强 0104
7GO56KBFJV*E7915BM,8986082563457098246042,8657190839074936,广东-陈志强 0104
7GO56KBFJV*B7205CM,8986082192820003275196,8657190895529870,广东-陈志强 0104
7GO56KBFJV*C7185DM,8986082147972314068514,8657190880616486,广东-陈志强 0104
7GO56KBFJV*B7260EM,8986082673070305667718,8657190820204131,广东 陈志强 0104
7GO56KBFJV*C7102FM,8986082712182932145858,8657190814318768,广东-陈志强 0104
7GO56KBFJV*D7109GM,8986082282229342405275,8657190807041981,广东+陈志强 0104
7GO56KBFJV*C7402HM,8986082033068694771873,8657190866175055,广东-陈志强 0104
7GO56KBFJV*E7751IM,8986082332067449765011,8657190831354145,广东 陈志强 0104
7GO56KBFJV*C7511JM,8986082004502298570748,8657190847839192,广东 陈志强 0104
7GO56KBFJV*D7808KM,8986082763807343468114,8657190855033418,广东-陈志强 0104
7GO56KBFJV*B7189LM,8986082905835497139112,8657190835709146,广东+陈志强 0104
7GO56KBFJV*C7787MM,8986082555626929777574,8657190888119330,广东+陈志强 0104
7GO56KBFJV*C7633NM,8986082678681369855172,8657190825327800,广东+陈志强 0104
7GO56KBFJV*E7701OM,8986082256778736627280,8657190849143736,广东-陈志强 0104
7GO56KBFJV*E7950PM,8986082356082365959687,8657190846793847,广东 陈志强 0104
7GO56KBFJV*E7437QM,8986082495359230860468,8657190884386830,广东 陈志强 0104
7GO56KBFJV*B7603RM,8986082525117309453937,8657190872799631,广东-陈志强 0104
7GO56KBFJV*C7421SM,8986082678242619240468,8657190857334991,广东+陈志强 0104
7GO56KBFJV*E7216TM,8986082404397577115260,8657190864778344,广东+陈志强 0104
7GO56KBFJV*C7990UM,8986082196663246202383,8657190831474445,广东 陈志强 0104
7GO56KBFJV*D7912VM,8986082264817064017257,8657190898949091,广东+陈志强 0104
7GO56KBFJV*E7483WM,8986082964464949031028,8657190826458937,广东 陈志强 0104
7GO56KBFJV*C7802XM,8986082262780553610300,8657190814881124,广东 陈志强 0104
7GO56KBFJV*D7286YM,8986082402545878901168,8657190870094502,广东-陈志强 0104
7GO56KBFJV*E7474ZM,8986082537248460482169,8657190891444249,广东-陈志强 0104
7GO56KBFJV*B7552AM,8986082066444890956913,8657190830559860,广东 陈志强 0104
7GO56KBFJV*E7363BM,8986082103805437357086,8657190839953045,广东+陈志强 0104
7GO56KBFJV*C7879CM,8986082725396287069520,8657190849105748,广东+陈志强 0104
7GO56KBFJV*D7274DM,8986082041942229575419,8657190846300890,广东-陈志强 0104
7GO56KBFJV*B7934EM,8986082153700324692610,8657190891949746,广东 陈志强 0104
7GO56KBFJV*D7755FM,8986082253897273366761,8657190824172297,广东-陈志强 0104
7GO56KBFJV*B7292GM,8986082299787735763163,8657190898340736,广东-陈志强 0104
7GO56KBFJV*D7730HM,8986082750265283420323,8657190855413214,广东 陈志强 0104
7GO56KBFJV*B7199IM,8986082909958892686675,8657190880351606,广东 陈志强 0104
7GO56KBFJV*C7766JM,8986082295801641696133,8657190851589951,广东 陈志强 0104
7GO56KBFJV*C7165KM,8986082884665432599452,8657190847120130,广东-陈志强 0104
7GO56KBFJV*D7919LM,8986082181494956554423,8657190824202169,广东 陈志强 0104
7GO56KBFJV*C7525MM,8986082996946399528501,8657190829226473,广东+陈志强 0104
7GO56KBFJV*B7468NM,8986082481198094632032,8657190831162224,广东 陈志强 0104
7GO56KBFJV*C7927OM,8986082867456128310810,8657190850519579,广东-陈志强 0104
7GO56KBFJV*B7426PM,8986082626553338091861,8657190819955409,广东 陈志强 0104
7GO56KBFJV*D7499QM,8986082575358989401268,8657190816590782,广东+陈志强 0104
7GO56KBFJV*B7312RM,8986082895914843456345,8657190879715942,广东-陈志强 0104
7GO56KBFJV*E7181SM,8986082901582687963281,8657190891884702,广东+陈志强 0104
7GO56KBFJV*D7643TM,8986082352972681394931,8657190827933957,广东 陈志强 0104
7GO56KBFJV*C7692UM,8986082789621458074728,8657190845893629,广东 陈志强 0104
7GO56KBFJV*D7864VM,8986082642118915359408,8657190882695589,广东-陈志强 0104
7GO56KBFJV*D7132WM,8986082405301729501750,8657190871235085,广东+陈志强 0104
7GO56KBFJV*B7653XM,8986082693248140641703,8657190836636583,广东-陈志强 0104
7GO56KBFJV*D7681YM,8986082359038261701589,8657190820231376,广东-陈志强 0104
7GO56KBFJV*C7928ZM,8986082998765706006129,8657190847302764,广东-陈志强 0104
7GO56KBFJV*D7574AM,8986082257191762701982,8657190871272670,广东-陈志强 0104
7GO56KBFJV*B7280BM,8986082705076355009490,8657190886934090,广东+陈志强 0104
7GO56KBFJV*C7919CM,8986082399253027668441,8657190828110106,广东+陈志强 0104
7GO56KBFJV*B7329DM,8986082028515656756331,8657190881555023,广东 陈志强 0104
7GO56KBFJV*C7196EM,8986082417864997604066,8657190890157238,广东+陈志强 0104
7GO56KBFJV*C7839FM,8986082217927549084307,8657190847176103,广东 陈志强 0104
7GO56KBFJV*B7503AM,8986082014670969076480,8657190818682480,广东-刘敏 0105
7GO56KBFJV*D7512BM,8986082989368172401650,8657190804920422,广东+刘敏 0105
7GO56KBFJV*B7918CM,8986082735426656623784,8657190818356653,广东-刘敏 0105
7GO56KBFJV*D7423DM,8986082916154023872452,8657190871881950,广东 刘敏 0105
7GO56KBFJV*C7521EM,8986082233475792340024,8657190831431335,广东+刘敏 0105
7GO56KBFJV*D7359FM,8986082731132304313013,8657190806377372,广东-刘敏 0105
7GO56KBFJV*D7279GM,8986082752528782498186,8657190863983440,广东+刘敏 0105
7GO56KBFJV*B7194HM,8986082649179935966677,8657190878355689,广东-刘敏 0105
7GO56KBFJV*E7121IM,8986082952760690118787,8657190892865174,广东-刘敏 0105
7GO56KBFJV*B7115JM,8986082614575818532743,8657190810768634,广东-刘敏 0105
7GO56KBFJV*D7272KM,8986082591979986424627,8657190852687584,广东 刘敏 0105
7GO56KBFJV*E7835LM,8986082098044916663407,8657190802995509,广东-刘敏 0105
7GO56KBFJV*C7740MM,8986082768277788221543,8657190844912943,广东-刘敏 0105
7GO56KBFJV*E7828NM,8986082483587059408729,8657190894514092,广东-刘敏 0105
7GO56KBFJV*B7205OM,8986082982748178498698,8657190879147426,广东 刘敏 0105
7GO56KBFJV*E7569PM,8986082045112300678511,8657190849044714,广东 刘敏 0105
7GO56KBFJV*C7662QM,8986082986303761178194,8657190887800250,广东 刘敏 0105
7GO56KBFJV*E7830RM,8986082748514870982556,8657190864344663,广东-刘敏 0105
7GO56KBFJV*D7789SM,8986082883443605119243,8657190888131119,广东-刘敏 0105
7GO56KBFJV*C7159TM,8986082283921992097947,8657190827720511,广东-刘敏 0105
7GO56KBFJV*E7862UM,8986082413546507382776,8657190821422196,广东+刘敏 0105
7GO56KBFJV*C7576VM,8986082178261720878770,8657190855129070,广东+刘敏 0105
7GO56KBFJV*C7338WM,8986082811685536916860,8657190844586396,广东-刘敏 0105
7GO56KBFJV*E7685XM,8986082658633737604674,8657190864021819,广东 刘敏 0105
7GO56KBFJV*E7634YM,8986082562955652494968,8657190860320578,广东-刘敏 0105
7GO56KBFJV*D7917ZM,8986082306033496460622,8657190840256415,广东 刘敏 0105
7GO56KBFJV*B7848AM,8986082051141137262592,8657190866922537,广东-刘敏 0105
7GO56KBFJV*D7545BM,8986082761452070679933,8657190869337271,广东 刘敏 0105
7GO56KBFJV*C7391CM,8986082945506001635390,8657190849743775,广东 刘敏 0105
7GO56KBFJV*C7780DM,8986082433909776010497,8657190863912787,广东-刘敏 0105
7GO56KBFJV*E7688EM,8986082824292450787190,8657190834901587,广东-刘敏 0105
7GO56KBFJV*B7707FM,8986082575928364320131,8657190808683366,广东-刘敏 0105
7GO56KBFJV*C7405GM,8986082722439113024052,8657190884249504,广东-刘敏 0105
7GO56KBFJV*E7382HM,8986082475684113925669,8657190854590560,广东-刘敏 0105
7GO56KBFJV*B7421IM,8986082522157608530813,8657190881518012,广东-刘敏 0105
7GO56KBFJV*E7196JM,8986082903076025514738,8657190835675855,广东+刘敏 0105
7GO56KBFJV*E7914KM,8986082600039521895779,8657190834914152,广东+刘敏 0105
7GO56KBFJV*B7880LM,8986082151159726984694,8657190835372030,广东+刘敏 0105
7GO56KBFJV*E7907MM,8986082910203930361148,8657190800178778,广东 刘敏 0105
7GO56KBFJV*C7300NM,8986082035775907278346,8657190856810531,广东-刘敏 0105
7GO56KBFJV*B7395OM,8986082330102454216502,8657190874050692,广东 刘敏 0105
7GO56KBFJV*C7379PM,8986082432804587890864,8657190834566936,广东-刘敏 0105
7GO56KBFJV*D7245QM,8986082623662399443175,8657190847688109,广东-刘敏 0105
7GO56KBFJV*E7242RM,8986082561963550993643,8657190813173015,广东+刘敏 0105
7GO56KBFJV*D7927SM,8986082985674613144600,8657190839927111,广东+刘敏 0105
7GO56KBFJV*D7255TM,8986082378038833013831,8657190869837112,广东-刘敏 0105
7GO56KBFJV*C7371VM,8986082681848556370191,8657190804989556,广东+刘敏 0105
7GO56KBFJV*E7254WM,8986082814956886349788,8657190847355174,广东 刘敏 0105
7GO56KBFJV*C7422XM,8986082371330455100232,8657190871919443,广东-刘敏 0105
7GO56KBFJV*B7645YM,8986082154365060426873,8657190831371160,广东-刘敏 0105
7GO56KBFJV*B7363ZM,8986082720803221759342,8657190820780182,广东+刘敏 0105
7GO56KBFJV*D7904AM,8986082546840777325475,8657190835405584,广东-刘敏 0105
7GO56KBFJV*B7827BM,8986082981354249219509,8657190821183594,广东-刘敏 0105
7GO56KBFJV*E7311CM,8986082697885753482423,8657190889306491,广东 刘敏 0105
7GO56KBFJV*C7223DM,8986082816518284915244,8657190872289735,广东-刘敏 0105
7GO56KBFJV*C7778EM,8986082794902321292382,8657190885153840,广东-刘敏 0105
7GO56KBFJV*C7221FM,8986082032507057236504,8657190833395639,广东+刘敏 0105
7GO56KBFJV*B7737GM,8986082251174935134445,8657190835083490,广东-刘敏 0105
7GO56KBFJV*C7893HM,8986082859671781608818,8657190800213931,广东+刘敏 0105
7GO56KBFJV*E7357IM,8986082410960853838887,8657190808965094,广东 刘敏 0105
7GO56KBFJV*B7490JM,8986082493631061874421,8657190837541239,广东+刘敏 0105
7GO56KBFJV*D7470KM,8986082941740136096287,8657190880943568,广东 刘敏 0105
7GO56KBFJV*E7872LM,8986082095649594895899,8657190894241248,广东 刘敏 0105
7GO56KBFJV*E7921MM,8986082733823473252403,8657190867242306,广东-刘敏 0105
7GO56KBFJV*B7893NM,8986082341652853862828,8657190835974022,广东 刘敏 0105
7GO56KBFJV*D7512OM,8986082516263709802298,8657190800828783,广东+刘敏 0105
7GO56KBFJV*C7517PM,8986082325642232469934,8657190802814854,广东+刘敏 0105
7GO56KBFJV*D7708QM,8986082109580806445651,8657190825545459,广东+刘敏 0105
7GO56KBFJV*E7189RM,8986082223837458083761,8657190807045370,广东+刘敏 0105
7GO56KBFJV*B7263SM,8986082527985142559917,8657190829494367,广东+刘敏 0105
7GO56KBFJV*E7692TM,8986082008461040042564,8657190875102832,广东-刘敏 0105
7GO56KBFJV*D7806UM,8986082688645618582639,8657190829473689,广东-刘敏 0105
7GO56KBFJV*B7664VM,8986082553721164848816,8657190871329019,广东 刘敏 0105
7GO56KBFJV*E7490WM,8986082106893939905582,8657190870149019,广东 刘敏 0105
7GO56KBFJV*D7320XM,8986082093010910989193,8657190887029935,广东 刘敏 0105
7GO56KBFJV*E7322YM,8986082937442891836283,8657190801167842,广东+刘敏 0105
7GO56KBFJV*D7988ZM,8986082951366776095291,8657190847833741,广东-刘敏 0105
7GO56KBFJV*B7944AM,8986082725517305627090,8657190894933672,广东-刘敏 0105
7GO56KBFJV*B7979BM,8986082071143486925127,8657190815125844,广东+刘敏 0105
7GO56KBFJV*B7605CM,8986082023395364898141,8657190857641329,广东+刘敏 0105
7GO56KBFJV*E7541DM,8986082467311711438989,8657190862196039,广东-刘敏 0105
7GO56KBFJV*C7909EM,8986082239834119962794,8657190897408673,广东 刘敏 0105
7GO56KBFJV*B7130FM,8986082570243343165525,8657190887698645,广东 刘敏 0105
7GO56KBFJV*D7761GM,8986082690371018112076,8657190877944096,广东+刘敏 0105
7GO56KBFJV*E7631HM,8986082169565295744472,8657190881025027,广东-刘敏 0105
7GO56KBFJV*E7399IM,8986082418382616148447,8657190830648361,广东-刘敏 0105
7GO56KBFJV*E7779JM,8986082092827630384612,8657190896750553,广东 刘敏 0105
7GO56KBFJV*E7499KM,8986082495919117166962,8657190851922452,广东-刘敏 0105
7GO56KBFJV*B7308LM,8986082543853502356937,8657190866673855,广东+刘敏 0105
7GO56KBFJV*B7461MM,8986082381376226242431,8657190893871019,广东 刘敏 0105
7GO56KBFJV*E7553NM,8986082278120555668462,8657190838356998,广东 刘敏 0105
7GO56KBFJV*E7533OM,8986082491457712049759,8657190874016539,广东 刘敏 0105
7GO56KBFJV*E7470AM,8986082608473601239809,8657190804773240,上海+周敏 0201
7GO56KBFJV*C7211BM,8986082452824249120127,8657190814381204,上海-周敏 0201
7GO56KBFJV*D7622CM,8986082072334986487171,8657190809989950,上海 周敏 0201
7GO56KBFJV*B7426DM,8986082400160385893752,8657190862635779,上海-周敏 0201
7GO56KBFJV*B7897FM,8986082302277247047617,8657190805524929,上海+周敏 0201
7GO56KBFJV*C7198GM,8986082709208376568896,8657190854485313,上海-周敏 0201
7GO56KBFJV*D7137HM,8986082309265079678576,8657190852642824,上海 周敏 0201
7GO56KBFJV*D7840IM,8986082237829317593049,8657190833538483,上海+周敏 0201
7GO56KBFJV*C7560JM,8986082161019637914801,8657190898740658,上海+周敏 0201
7GO56KBFJV*B7769KM,8986082401166538664887,8657190806465815,上海-周敏 0201
7GO56KBFJV*E7413LM,8986082494693651510891,8657190824875742,上海 周敏 0201
7GO56KBFJV*C7460MM,8986082041428561557445,8657190892428666,上海-周敏 0201
7GO56KBFJV*D7321NM,8986082536571100268451,8657190881045136,上海+周敏 0201
7GO56KBFJV*B7351OM,8986082742331774233411,8657190867925154,上海 周敏 0201
7GO56KBFJV*C7397PM,8986082712981244490266,8657190884860346,上海 周敏 0201
7GO56KBFJV*E7899QM,8986082803013333560338,8657190819165715,上海-周敏 0201
7GO56KBFJV*E7759RM,8986082348211587985337,8657190829628070,上海+周敏 0201
7GO56KBFJV*E7898SM,8986082746381908758669,8657190862186249,上海+周敏 0201
7GO56KBFJV*D7915TM,8986082561348230094881,8657190818334199,上海+周敏 0201
7GO56KBFJV*D7826UM,8986082237165080462399,8657190889826700,上海+周敏 0201
7GO56KBFJV*B7152VM,8986082493330677012130,8657190859328593,上海+周敏 0201
7GO56KBFJV*C7323WM,8986082643813980968546,8657190867557185,上海+周敏 0201
7GO56KBFJV*B7933XM,8986082516615652272537,8657190895521301,上海+周敏 0201
7GO56KBFJV*B7210YM,8986082481653365933205,8657190849523836,上海+周敏 0201
7GO56KBFJV*E7419ZM,8986082965991116800311,8657190848782127,上海+周敏 0201
7GO56KBFJV*C7251AM,8986082889394027012872,8657190824784076,上海 周敏 0201
7GO56KBFJV*C7767BM,8986082996747879397848,8657190804378022,上海+周敏 0201
7GO56KBFJV*D7974CM,8986082068774924931384,8657190889521947,上海 周敏 0201
7GO56KBFJV*C7694DM,8986082562681959696746,8657190854992629,上海-周敏 0201
7GO56KBFJV*C7180EM,8986082565004510127738,8657190899040599,上海 周敏 0201
7GO56KBFJV*D7774FM,8986082569133491050350,8657190872237133,上海+周敏 0201
7GO56KBFJV*C7936GM,8986082810302526179054,8657190836984436,上海-周敏 0201
7GO56KBFJV*B7357HM,8986082028912478749078,8657190881651007,上海 周敏 0201
7GO56KBFJV*C7461IM,8986082934678919435288,8657190820692989,上海 周敏 0201
7GO56KBFJV*E7265JM,8986082904775280855072,8657190897691537,上海+周敏 0201
7GO56KBFJV*B7558KM,8986082059064471726490,8657190869266273,上海+周敏 0201
7GO56KBFJV*B7144LM,8986082400080021239430,8657190849166537,上海 周敏 0201
7GO56KBFJV*E7233MM,8986082647057855458447,8657190898246125,上海 周敏 0201
7GO56KBFJV*C7729NM,8986082461240353745867,8657190882156496,上海-周敏 0201
7GO56KBFJV*B7353OM,8986082673433157536709,8657190886754630,上海-周敏 0201
7GO56KBFJV*C7628PM,8986082344104671520836,8657190877629849,上海 周敏 0201
7GO56KBFJV*E7566QM,8986082498589177977007,8657190860276499,上海+周敏 0201
7GO56KBFJV*D7512RM,8986082146509089954049,8657190814739465,上海-周敏 0201
7GO56KBFJV*E7184SM,8986082101472140227023,8657190834598628,上海 周敏 0201
7GO56KBFJV*B7872TM,8986082272951468551452,8657190808196057,上海-周敏 0201
7GO56KBFJV*C7239UM,8986082289680713080227,8657190827188408,上海 周敏 0201
7GO56KBFJV*D7315VM,8986082338620310590134,8657190824500819,上海-周敏 0201
7GO56KBFJV*D7267WM,8986082649697322171816,8657190866737475,上海-周敏 0201
7GO56KBFJV*D7314XM,8986082478515760185830,8657190871332302,上海 周敏 0201
7GO56KBFJV*D7996YM,8986082650083875586422,8657190872117442,上海-周敏 0201
7GO56KBFJV*E7370ZM,8986082723204355124963,8657190832428936,上海-周敏 0201
7GO56KBFJV*E7121AM,8986082510801383140459,8657190888162053,上海+周敏 0201
7GO56KBFJV*D7784BM,8986082977213010879726,8657190859221536,上海+周敏 0201
7GO56KBFJV*E7192CM,8986082749573767368781,8657190877486884,上海+周敏 0201
7GO56KBFJV*C7235DM,8986082892029361349206,8657190892933052,上海+周敏 0201
7GO56KBFJV*B7116EM,8986082397856072651957,8657190817847163,上海-周敏 0201
7GO56KBFJV*C7870FM,8986082268177524718301,8657190804128696,上海-周敏 0201
7GO56KBFJV*E7909GM,8986082938094101550408,8657190890684891,上海+周敏 0201
7GO56KBFJV*E7297HM,8986082820338764936801,8657190850641560,上海+周敏 0201
7GO56KBFJV*B7634IM,8986082572156340203676,8657190879137010,上海 周敏 0201
7GO56KBFJV*B7913JM,8986082406940971204646,8657190857363955,上海+周敏 0201
7GO56KBFJV*D7443KM,8986082069124234591926,8657190807962696,上海 周敏 0201
7GO56KBFJV*D7510LM,8986082143696252489732,8657190805666578,上海 周敏 0201
7GO56KBFJV*D7645MM,8986082320706941495664,8657190863409228,上海-周敏 0201
7GO56KBFJV*D7464NM,8986082659922952006238,8657190883714657,上海+周敏 0201
7GO56KBFJV*C7580OM,8986082997138991207455,8657190871271730,上海 周敏 0201
7GO56KBFJV*B7996PM,8986082898260909289846,8657190815492868,上海 周敏 0201
7GO56KBFJV*E7935QM,8986082978402387249770,8657190884391507,上海-周敏 0201
7GO56KBFJV*C7615RM,8986082941034430398411,8657190877324320,上海+周敏 0201
7GO56KBFJV*E7277SM,8986082476161755888137,8657190806181622,上海 周敏 0201
7GO56KBFJV*D7899TM,8986082347086196303585,8657190884834498,上海-周敏 0201
7GO56KBFJV*E7481UM,8986082873843515736538,8657190890326555,上海 周敏 0201
7GO56KBFJV*E7247VM,8986082422146564655725,8657190872081492,上海+周敏 0201
7GO56KBFJV*C7266WM,8986082802151582009856,8657190842534363,上海 周敏 0201
7GO56KBFJV*E7206XM,8986082324424920455649,8657190863999486,上海+周敏 0201
7GO56KBFJV*D7827YM,8986082856069369667979,8657190842466495,上海-周敏 0201
7GO56KBFJV*D7240ZM,8986082488451476908198,8657190840769376,上海+周敏 0201
7GO56KBFJV*B7292AM,8986082561918300237139,8657190826103462,上海+周敏 0201
7GO56KBFJV*D7137BM,8986082527336022639552,8657190868085190,上海-周敏 0201
7GO56KBFJV*D7114CM,8986082772895868641237,8657190809046167,上海+周敏 0201
7GO56KBFJV*C7874DM,8986082846432344423514,8657190809418227,上海 周敏 0201
7GO56KBFJV*C7721EM,8986082240100622865448,8657190856858842,上海 周敏 0201
7GO56KBFJV*B7951FM,8986082188296193263499,8657190880746909,上海-周敏 0201
7GO56KBFJV*D7712GM,8986082002238322178401,8657190869764199,上海-周敏 0201
7GO56KBFJV*C7426HM,8986082158584561625300,8657190800461586,上海-周敏 0201
7GO56KBFJV*E7438IM,8986082234453402862783,8657190877482802,上海-周敏 0201
7GO56KBFJV*C7440JM,8986082132978517936383,8657190853409992,上海+周敏 0201
7GO56KBFJV*E7861KM,8986082318756051837345,8657190837414422,上海-周敏 0201
7GO56KBFJV*D7319LM,8986082064524151626186,8657190861607693,上海-周敏 0201
7GO56KBFJV*C7670MM,8986082244653694966746,8657190809413436,上海 周敏 0201
7GO56KBFJV*C7541NM,8986082986535587903536,8657190814137187,上海-周敏 0201
7GO56KBFJV*E7852OM,8986082846384577406416,8657190826894139,上海-周敏 0201
7GO56KBFJV*E7189PM,8986082598355776996196,8657190898767693,上海 周敏 0201
7GO56KBFJV*E7736QM,8986082740628926855151,8657190845867296,上海+周敏 0201
7GO56KBFJV*B7193RM,8986082781702530620101,8657190883720751,上海+周敏 0201
7GO56KBFJV*E7146SM,8986082115418130826463,8657190856001597,上海-周敏 0201
7GO56KBFJV*E7989TM,8986082392798522894302,8657190844146864,上海+周敏 0201
7GO56KBFJV*E7244UM,8986082510202970892651,8657190881360882,上海-周敏 0201
7GO56KBFJV*B7659VM,8986082267141188014571,8657190897136174,上海 周敏 0201
7GO56KBFJV*B7215WM,8986082894857903358742,8657190801624892,上海+周敏 0201
7GO56KBFJV*D7789XM,8986082070570347023544,8657190807546006,上海+周敏 0201
7GO56KBFJV*B7766YM,8986082422092380944549,8657190811085201,上海+周敏 0201
7GO56KBFJV*B7946ZM,8986082108850600340668,8657190884000359,上海-周敏 0201
7GO56KBFJV*E7622AM,8986082596087207632695,8657190861019929,上海 周敏 0201
7GO56KBFJV*E7611BM,8986082744953230457430,8657190888471120,上海 周敏 0201
7GO56KBFJV*D7335CM,8986082351418709661254,8657190827499681,上海 周敏 0201
7GO56KBFJV*D7817DM,8986082460728654477335,8657190826253773,上海 周敏 0201
7GO56KBFJV*C7717EM,8986082074419439223031,8657190884120280,上海-周敏 0201
7GO56KBFJV*C7361FM,8986082891821851230237,8657190819632210,上海-周敏 0201
7GO56KBFJV*D7371GM,8986082829361865287358,8657190806192469,上海 周敏 0201
7GO56KBFJV*E7395HM,8986082155427366547512,8657190804829672,上海-周敏 0201
7GO56KBFJV*E7682IM,8986082162348131070299,8657190824683120,上海 周敏 0201
7GO56KBFJV*B7375JM,8986082604737386243187,8657190875496300,上海-周敏 0201
7GO56KBFJV*E7185KM,8986082301107140209458,8657190857952190,上海-周敏 0201
7GO56KBFJV*D7865AM,8986082751043366952000,8657190808136242,上海 钱文博 0202
7GO56KBFJV*E7169BM,8986082733593582966274,8657190875503448,上海 钱文博 0202
7GO56KBFJV*C7499CM,8986082403605675378202,8657190894013546,上海-钱文博 0202
7GO56KBFJV*E7833DM,8986082062349048700236,8657190838210783,上海-钱文博 0202
7GO56KBFJV*B7613EM,8986082376333864475048,8657190899738485,上海 钱文博 0202
7GO56KBFJV*D7844FM,8986082910138524560431,8657190814796579,上海-钱文博 0202
7GO56KBFJV*C7314GM,8986082732895002524020,8657190850115382,上海 钱文博 0202
7GO56KBFJV*D7170HM,8986082729832120141251,8657190832240551,上海+钱文博 0202
7GO56KBFJV*C7766IM,8986082336866019008392,8657190888253253,上海-钱文博 0202
7GO56KBFJV*E7155JM,8986082666904501902477,8657190849748393,上海-钱文博 0202
7GO56KBFJV*D7405KM,8986082382856862771032,8657190832857161,上海+钱文博 0202
7GO56KBFJV*C7473LM,8986082693637003017047,8657190839728419,上海-钱文博 0202
7GO56KBFJV*D7675MM,8986082972168521243411,8657190802795241,上海-钱文博 0202
7GO56KBFJV*C7649NM,8986082295858793693760,8657190875386222,上海-钱文博 0202
7GO56KBFJV*C7343OM,8986082802918987353400,8657190857530834,上海+钱文博 0202
7GO56KBFJV*C7533PM,8986082479979606649062,8657190874610604,上海 钱文博 0202
7GO56KBFJV*C7921QM,8986082608331367762153,8657190865996485,上海 钱文博 0202
7GO56KBFJV*B7455RM,8986082346344849895473,8657190840531480,上海+钱文博 0202
7GO56KBFJV*D7525SM,8986082912301345017947,8657190838634347,上海 钱文博 0202
7GO56KBFJV*E7857TM,8986082159016225817874,8657190810144971,上海-钱文博 0202
7GO56KBFJV*C7210UM,8986082708829683380710,8657190814274362,上海 钱文博 0202
7GO56KBFJV*D7919VM,8986082078872740735736,8657190837362341,上海 钱文博 0202
7GO56KBFJV*C7113WM,8986082985648755996516,8657190860161747,上海+钱文博 0202
7GO56KBFJV*C7752XM,8986082332693102485202,8657190866766902,上海-钱文博 0202
7GO56KBFJV*C7453YM,8986082617612384648538,8657190887044071,上海-钱文博 0202
7GO56KBFJV*D7255ZM,8986082282503755589901,8657190854452743,上海-钱文博 0202
7GO56KBFJV*D7240AM,8986082599783866758895,8657190852718873,上海-钱文博 0202
7GO56KBFJV*E7984BM,8986082372583379975033,8657190844195677,上海 钱文博 0202
7GO56KBFJV*C7492CM,8986082895214417647409,8657190816082629,上海+钱文博 0202
7GO56KBFJV*B7261DM,8986082096349491422283,8657190844160484,上海-钱文博 0202
7GO56KBFJV*C7703EM,8986082443346025573986,8657190849703941,上海+钱文博 0202
7GO56KBFJV*D7317FM,8986082915184397865538,8657190873864700,上海 钱文博 0202
7GO56KBFJV*B7135GM,8986082459247234245860,8657190861159302,上海+钱文博 0202
7GO56KBFJV*C7113HM,8986082316667300961337,8657190851501567,上海 钱文博 0202
7GO56KBFJV*B7846IM,8986082671576934931753,8657190890293658,上海-钱文博 0202
7GO56KBFJV*C7646JM,8986082426155417668871,8657190872101955,上海+钱文博 0202
7GO56KBFJV*C7328KM,8986082818504484597856,8657190878019934,上海+钱文博 0202
7GO56KBFJV*D7615LM,8986082692820451817493,8657190838092842,上海-钱文博 0202
7GO56KBFJV*B7811MM,8986082734737928859376,8657190895015971,上海+钱文博 0202
7GO56KBFJV*D7853NM,8986082487533474036785,8657190895520523,上海+钱文博 0202
7GO56KBFJV*C7877OM,8986082454267836875268,8657190817433834,上海 钱文博 0202
7GO56KBFJV*C7512PM,8986082158212681015677,8657190869399248,上海+钱文博 0202
7GO56KBFJV*E7125QM,8986082256254815589717,8657190890799717,上海+钱文博 0202
7GO56KBFJV*E7289RM,8986082362793328638890,8657190870240911,上海-钱文博 0202
7GO56KBFJV*C7434SM,8986082680957931857601,8657190873515932,上海 钱文博 0202
7GO56KBFJV*C7405TM,8986082406891013457639,8657190863020531,上海+钱文博 0202
7GO56KBFJV*E7255UM,8986082509746587620082,8657190887862076,上海-钱文博 0202
7GO56KBFJV*E7340VM,8986082749953307536991,8657190883710340,上海 钱文博 0202
7GO56KBFJV*E7865WM,8986082060882564635618,8657190838929465,上海-钱文博 0202
7GO56KBFJV*D7581XM,8986082828940161251228,8657190848604150,上海+钱文博 0202
7GO56KBFJV*B7454YM,8986082678405221172532,8657190881986271,上海+钱文博 0202
7GO56KBFJV*C7619ZM,8986082990715861885184,8657190843030791,上海 钱文博 0202
7GO56KBFJV*B7337AM,8986082820861074687229,8657190827996263,上海+钱文博 0202
7GO56KBFJV*D7258BM,8986082853519568242165,8657190883089541,上海 钱文博 0202
7GO56KBFJV*B7956CM,8986082359410022521019,8657190880223652,上海 钱文博 0202
7GO56KBFJV*E7437DM,8986082642223301377872,8657190815515263,上海+钱文博 0202
7GO56KBFJV*D7104EM,8986082357103739364599,8657190827445418,上海 钱文博 0202
7GO56KBFJV*B7354FM,8986082348189260973516,8657190880691654,上海+钱文博 0202
7GO56KBFJV*D7821GM,8986082802847437284425,8657190865456379,上海-钱文博 0202
7GO56KBFJV*E7561HM,8986082237026049497008,8657190808748468,上海+钱文博 0202
7GO56KBFJV*C7924AM,8986082166568649535143,8657190800539949,上海+吴俊 0203
7GO56KBFJV*C7494BM,8986082341851781456536,8657190829564627,上海-吴俊 0203
7GO56KBFJV*D7996CM,8986082342724413590846,8657190825907007,上海+吴俊 0203
7GO56KBFJV*E7478DM,8986082417904907614715,8657190863719725,上海-吴俊 0203
7GO56KBFJV*C7984EM,8986082376568483273945,8657190896794007,上海+吴俊 0203
7GO56KBFJV*C7463FM,8986082657641370649729,8657190813701943,上海-吴俊 0203
7GO56KBFJV*E7460GM,8986082170114974429087,8657190816179625,上海+吴俊 0203
7GO56KBFJV*E7836HM,8986082439180739392059,8657190824302895,上海 吴俊 0203
7GO56KBFJV*B7798IM,8986082263937361920692,8657190881708444,上海-吴俊 0203
7GO56KBFJV*D7771JM,8986082026266645221979,8657190846382903,上海+吴俊 0203
7GO56KBFJV*C7218KM,8986082274596338111493,8657190834396355,上海-吴俊 0203
7GO56KBFJV*D7194LM,8986082119589541955824,8657190806333475,上海-吴俊 0203
7GO56KBFJV*D7177MM,8986082828230941728500,8657190894112736,上海+吴俊 0203
7GO56KBFJV*D7252NM,8986082984311879706091,8657190851546508,上海 吴俊 0203
7GO56KBFJV*D7352OM,8986082473696888854927,8657190850586089,上海 吴俊 0203
7GO56KBFJV*B7659PM,8986082102709576839736,8657190876850112,上海+吴俊 0203
7GO56KBFJV*B7520QM,8986082754890989987117,8657190873517082,上海 吴俊 0203
7GO56KBFJV*D7698RM,8986082975838120873937,8657190887348500,上海 吴俊 0203
7GO56KBFJV*D7969SM,8986082025636335179818,8657190878099895,上海-吴俊 0203
7GO56KBFJV*E7360TM,8986082010283874335035,8657190853953698,上海 吴俊 0203
7GO56KBFJV*E7627UM,8986082559114331394146,8657190814284225,上海 吴俊 0203
7GO56KBFJV*D7447VM,8986082645791998150409,8657190845391372,上海-吴俊 0203
7GO56KBFJV*C7895WM,8986082320866602971587,8657190898684474,上海 吴俊 0203
7GO56KBFJV*C7869XM,8986082090825524537647,8657190877619913,上海 吴俊 0203
7GO56KBFJV*C7730YM,8986082123747424311853,8657190809239235,上海 吴俊 0203
7GO56KBFJV*E7828ZM,8986082748817772366553,8657190855448598,上海 吴俊 0203
7GO56KBFJV*C7638AM,8986082316193487749496,8657190857575477,上海+吴俊 0203
7GO56KBFJV*C7990BM,8986082562695707342690,8657190864451657,上海-吴俊 0203
7GO56KBFJV*D7399CM,8986082756440461810717,8657190802544010,上海-吴俊 0203
7GO56KBFJV*D7700DM,8986082325706467905029,8657190854111882,上海 吴俊 0203
7GO56KBFJV*E7533EM,8986082366810911470682,8657190872243444,上海-吴俊 0203
7GO56KBFJV*C7497FM,8986082775406075524466,8657190815949954,上海-吴俊 0203
7GO56KBFJV*E7502GM,8986082896464787471734,8657190862901739,上海 吴俊 0203
7GO56KBFJV*D7832HM,8986082135784309776166,8657190824394691,上海-吴俊 0203
7GO56KBFJV*B7366IM,8986082666662738936257,8657190850638490,上海-吴俊 0203
7GO56KBFJV*C7499JM,8986082197063058988039,8657190812678197,上海 吴俊 0203
7GO56KBFJV*C7718KM,8986082494618373463257,8657190800156660,上海-吴俊 0203
7GO56KBFJV*C7941LM,8986082906526193542004,8657190855040160,上海-吴俊 0203
7GO56KBFJV*C7817MM,8986082637340493512386,8657190834094067,上海 吴俊 0203
7GO56KBFJV*C7722NM,8986082973185438396394,8657190868446341,上海 吴俊 0203
7GO56KBFJV*C7205OM,8986082791536505378977,8657190831051568,上海-吴俊 0203
7GO56KBFJV*E7708PM,8986082492454879387272,8657190823425914,上海+吴俊 0203
7GO56KBFJV*C7912QM,8986082869119314284233,8657190816090470,上海-吴俊 0203
7GO56KBFJV*E7267RM,8986082529429357956074,8657190873366558,上海 吴俊 0203
7GO56KBFJV*D7770SM,8986082842762297904833,8657190824241155,上海-吴俊 0203
7GO56KBFJV*D7492TM,8986082908697843568278,8657190807930274,上海-吴俊 0203
7GO56KBFJV*D7663UM,8986082307023148749129,8657190897732817,上海 吴俊 0203
7GO56KBFJV*E7421VM,8986082986038571404466,8657190858174184,上海+吴俊 0203
7GO56KBFJV*E7566WM,8986082265243045489977,8657190862964139,上海 吴俊 0203
7GO56KBFJV*B7802XM,8986082096761341223303,8657190840425777,上海+吴俊 0203
7GO56KBFJV*D7920YM,8986082657585696347768,8657190837361589,上海+吴俊 0203
7GO56KBFJV*E7858ZM,8986082600106401132409,8657190849925871,上海 吴俊 0203
7GO56KBFJV*C7417AM,8986082044086585505659,8657190849514133,上海-吴俊 0203
7GO56KBFJV*B7508BM,8986082439542972837684,8657190863003876,上海 吴俊 0203
7GO56KBFJV*B7126CM,8986082698513577600217,8657190800497513,上海 吴俊 0203
7GO56KBFJV*B7538DM,8986082780669060263083,8657190850651448,上海 吴俊 0203
7GO56KBFJV*B7766EM,8986082363243688992622,8657190821137900,上海 吴俊 0203
7GO56KBFJV*C7341FM,8986082377862686847600,8657190803595299,上海 吴俊 0203
7GO56KBFJV*E7607GM,8986082681051455408951,8657190834552085,上海-吴俊 0203
7GO56KBFJV*B7795HM,8986082100339314182145,8657190841879597,上海 吴俊 0203
7GO56KBFJV*D7600IM,8986082200557196034902,8657190839087483,上海-吴俊 0203
7GO56KBFJV*D7884JM,8986082112965657729268,8657190871274054,上海-吴俊 0203
7GO56KBFJV*C7121KM,8986082688459731447461,8657190848801611,上海+吴俊 0203
7GO56KBFJV*D7461LM,8986082301841059830062,8657190819314045,上海 吴俊 0203
7GO56KBFJV*B7622MM,8986082965101032066251,8657190871442814,上海 吴俊 0203
7GO56KBFJV*E7549NM,8986082283551623964269,8657190826104381,上海 吴俊 0203
7GO56KBFJV*E7518OM,8986082576893444570017,8657190878453395,上海 吴俊 0203
7GO56KBFJV*C7293PM,8986082167680032814588,8657190825696311,上海-吴俊 0203
7GO56KBFJV*C7676QM,8986082493288506704173,8657190820196839,上海 吴俊 0203
7GO56KBFJV*C7248RM,8986082991791946973910,8657190820888463,上海 吴俊 0203
7GO56KBFJV*B7138SM,8986082566195439257589,8657190810941590,上海-吴俊 0203
7GO56KBFJV*C7692TM,8986082066900873300162,8657190828845551,上海+吴俊 0203
7GO56KBFJV*C7572UM,8986082213158156172158,8657190826827320,上海 吴俊 0203
7GO56KBFJV*E7906VM,8986082364046819724554,8657190839662955,上海-吴俊 0203
7GO56KBFJV*B7113WM,8986082844057170877970,8657190812834400,上海-吴俊 0203
7GO56KBFJV*E7131XM,8986082061921849836297,8657190813821005,上海+吴俊 0203
7GO56KBFJV*C7207YM,8986082046172470766355,8657190870884486,上海+吴俊 0203
7GO56KBFJV*E7331ZM,8986082334432291195740,8657190833415934,上海-吴俊 0203
7GO56KBFJV*D7183AM,8986082653031786686633,8657190815957858,上海+吴俊 0203
7GO56KBFJV*E7935BM,8986082780939027128333,8657190842994948,上海 吴俊 0203
7GO56KBFJV*D7194CM,8986082596439303702867,8657190894943281,上海 吴俊 0203
7GO56KBFJV*C7562DM,8986082220966402353820,8657190856899213,上海+吴俊 0203
7GO56KBFJV*E7666EM,8986082812182719788293,8657190823427128,上海 吴俊 0203
7GO56KBFJV*E7400FM,8986082100920595363126,8657190831844372,上海-吴俊 0203
7GO56KBFJV*D7694GM,8986082700381629912667,8657190876704566,上海 吴俊 0203
7GO56KBFJV*E7690HM,8986082874318592638223,8657190842736662,上海 吴俊 0203
7GO56KBFJV*E7135IM,8986082047198087732054,8657190807565620,上海 吴俊 0203
7GO56KBFJV*D7273JM,8986082537903910273532,8657190886824603,上海-吴俊 0203
7GO56KBFJV*B7931KM,8986082678871468099705,8657190827161931,上海 吴俊 0203
7GO56KBFJV*C7897LM,8986082812034106853744,8657190866921747,上海+吴俊 0203
7GO56KBFJV*C7306MM,8986082346817631614241,8657190864661083,上海 吴俊 0203
7GO56KBFJV*C7779NM,8986082972869853864696,8657190836125427,上海+吴俊 0203
7GO56KBFJV*E7797OM,8986082705031806003370,8657190884598878,上海+吴俊 0203
7GO56KBFJV*C7242PM,8986082812104278849773,8657190858205389,上海+吴俊 0203
7GO56KBFJV*E7732QM,8986082129495165682012,8657190898375785,上海+吴俊 0203
7GO56KBFJV*E7753RM,8986082268850746533334,8657190849099395,上海+吴俊 0203
7GO56KBFJV*D7665SM,8986082767051629097545,8657190851343494,上海-吴俊 0203
7GO56KBFJV*B7428TM,8986082882740464664720,8657190870401937,上海+吴俊 0203
7GO56KBFJV*C7601UM,8986082211624047256005,8657190810093148,上海-吴俊 0203
7GO56KBFJV*C7948VM,8986082292259237379856,8657190838394618,上海+吴俊 0203
7GO56KBFJV*B7736WM,8986082356683939557785,8657190889233797,上海 吴俊 0203
7GO56KBFJV*B7944XM,8986082729030930836349,8657190807076765,上海+吴俊 0203
7GO56KBFJV*B7124YM,8986082088083606002793,8657190850002072,上海-吴俊 0203
7GO56KBFJV*D7738ZM,8986082452754142851243,8657190840104309,上海+吴俊 0203
7GO56KBFJV*C7783AM,8986082873160633023089,8657190804042947,上海 吴俊 0203
7GO56KBFJV*E7999BM,8986082178668712540390,8657190859252766,上海+吴俊 0203
7GO56KBFJV*D7799CM,8986082395180072419624,8657190878157357,上海-吴俊 0203
7GO56KBFJV*D7642DM,8986082953853375829562,8657190878409746,上海 吴俊 0203
7GO56KBFJV*E7528EM,8986082884253211051154,8657190848464065,上海 吴俊 0203
7GO56KBFJV*C7473FM,8986082181562484907483,8657190816847776,上海-吴俊 0203
7GO56KBFJV*E7147GM,8986082687448108849139,8657190800326086,上海 吴俊 0203
7GO56KBFJV*D7569HM,8986082813649272336499,8657190862869093,上海 吴俊 0203
7GO56KBFJV*D7320IM,8986082761945774568495,8657190898876442,上海-吴俊 0203
7GO56KBFJV*B7906JM,8986082674821968913048,8657190884247622,上海+吴俊 0203
7GO56KBFJV*E7394KM,8986082501165084163063,8657190865452405,上海+吴俊 0203
7GO56KBFJV*E7369MM,8986082001145043396012,8657190887039966,上海-吴俊 0203
7GO56KBFJV*C7322NM,8986082598524868215344,8657190835702878,上海-吴俊 0203
7GO56KBFJV*C7800OM,8986082795843931461863,8657190875619774,上海+吴俊 0203
7GO56KBFJV*D7981PM,8986082588945445902478,8657190813673827,上海-吴俊 0203
7GO56KBFJV*C7176QM,8986082600008410582649,8657190813506230,上海 吴俊 0203
7GO56KBFJV*C7478RM,8986082200875342884677,8657190896219440,上海-吴俊 0203
7GO56KBFJV*C7106SM,8986082119984425860806,8657190895407589,上海+吴俊 0203
7GO56KBFJV*D7115TM,8986082942326441689237,8657190888087079,上海-吴俊 0203
7GO56KBFJV*D7614VM,8986082831402142052757,8657190877321544,上海+吴俊 0203
7GO56KBFJV*D7675WM,8986082573359568345473,8657190898270297,上海 吴俊 0203
7GO56KBFJV*D7884XM,8986082147056808266984,8657190826901076,上海+吴俊 0203
7GO56KBFJV*D7253YM,8986082894354040245195,8657190864410287,上海-吴俊 0203
7GO56KBFJV*B7129ZM,8986082740847178044259,8657190834544744,上海 吴俊 0203
7GO56KBFJV*B7718AM,8986082771728206711976,8657190851949705,上海 吴俊 0203
7GO56KBFJV*B7274BM,8986082605886675895061,8657190877020050,上海-吴俊 0203
7GO56KBFJV*E7943CM,8986082678810674233381,8657190814307158,上海-吴俊 0203
7GO56KBFJV*E7994DM,8986082739139349861838,8657190899326598,上海 吴俊 0203
7GO56KBFJV*E7199EM,8986082852887964322998,8657190877200428,上海 吴俊 0203
7GO56KBFJV*E7101FM,8986082768683582372460,8657190883522045,上海+吴俊 0203
7GO56KBFJV*C7969GM,8986082421167360885993,8657190849502401,上海+吴俊 0203
7GO56KBFJV*D7902HM,8986082013131508813208,8657190854770328,上海 吴俊 0203
7GO56KBFJV*B7998IM,8986082525302199029973,8657190835928146,上海-吴俊 0203
7GO56KBFJV*D7558JM,8986082246096120931841,8657190888228613,上海+吴俊 0203
7GO56KBFJV*C7540KM,8986082321293603739929,8657190851053127,上海 吴俊 0203
7GO56KBFJV*B7646LM,8986082454429710182256,8657190826373671,上海+吴俊 0203
7GO56KBFJV*D7105MM,8986082037543548637445,8657190844402910,上海 吴俊 0203
7GO56KBFJV*C7306NM,8986082185069524640631,8657190856869845,上海 吴俊 0203
7GO56KBFJV*C7617OM,8986082604930788590940,8657190871163505,上海+吴俊 0203
7GO56KBFJV*E7711PM,8986082161679420025058,8657190882995089,上海 吴俊 0203
7GO56KBFJV*C7297QM,8986082293369631265077,8657190840965636,上海 吴俊 0203
7GO56KBFJV*E7842RM,8986082582596392148542,8657190883949064,上海 吴俊 0203
7GO56KBFJV*B7390SM,8986082891439252728454,8657190870664158,上海-吴俊 0203
7GO56KBFJV*D7832TM,8986082920142915653463,8657190838137411,上海 吴俊 0203
7GO56KBFJV*B7574UM,8986082194606092217956,8657190859688663,上海+吴俊 0203
7GO56KBFJV*D7762VM,8986082845458903325534,8657190897854460,上海-吴俊 0203
7GO56KBFJV*B7153WM,8986082714886070609001,8657190838533370,上海+吴俊 0203
7GO56KBFJV*E7631XM,8986082881742768061736,8657190859491491,上海-吴俊 0203
7GO56KBFJV*E7482YM,8986082895170567014290,8657190810021447,上海+吴俊 0203
7GO56KBFJV*D7952ZM,8986082536396903144809,8657190805781895,上海 吴俊 0203
7GO56KBFJV*E7451AM,8986082365957076817579,8657190870839706,上海 吴俊 0203
7GO56KBFJV*C7717BM,8986082942622717344946,8657190827284426,上海-吴俊 0203
7GO56KBFJV*D7735CM,8986082477827174678054,8657190829615061,上海+吴俊 0203
7GO56KBFJV*C7533DM,8986082336909725064507,8657190887263396,上海+吴俊 0203
7GO56KBFJV*D7309EM,8986082927407460756234,8657190876230497,上海+吴俊 0203
7GO56KBFJV*C7175AM,8986082671319532455764,8657190843003604,上海+郑文 0204
7GO56KBFJV*E7784BM,8986082241267913194524,8657190846782654,上海-郑文 0204
7GO56KBFJV*C7817CM,8986082915483883216569,8657190894755316,上海+郑文 0204
7GO56KBFJV*E7922DM,8986082916519488993329,8657190806570668,上海-郑文 0204
7GO56KBFJV*E7165EM,8986082640430100044673,8657190885984736,上海-郑文 0204
7GO56KBFJV*C7625FM,8986082806407324892745,8657190881892831,上海-郑文 0204
7GO56KBFJV*E7424GM,8986082108127516441082,8657190862717329,上海 郑文 0204
7GO56KBFJV*E7280HM,8986082665059874684964,8657190836068109,上海+郑文 0204
7GO56KBFJV*C7191IM,8986082641031274904443,8657190800372970,上海+郑文 0204
7GO56KBFJV*E7769JM,8986082346446793411643,8657190873430772,上海+郑文 0204
7GO56KBFJV*D7993KM,8986082471768889388280,8657190828250456,上海-郑文 0204
7GO56KBFJV*C7692LM,8986082298330184162843,8657190801486644,上海+郑文 0204
7GO56KBFJV*B7708MM,8986082524566524016925,8657190875348591,上海+郑文 0204
7GO56KBFJV*E7456NM,8986082697541991607070,8657190834390817,上海+郑文 0204
7GO56KBFJV*E7563OM,8986082870837500159749,8657190868812070,上海-郑文 0204
7GO56KBFJV*C7779PM,8986082821942902880177,8657190835024043,上海 郑文 0204
7GO56KBFJV*D7161QM,8986082765362215897966,8657190848505990,上海-郑文 0204
7GO56KBFJV*B7952RM,8986082284683176829480,8657190893595262,上海 郑文 0204
7GO56KBFJV*E7596SM,8986082757719000078035,8657190847666429,上海 郑文 0204
7GO56KBFJV*D7703TM,8986082935290501842989,8657190847645581,上海 郑文 0204
7GO56KBFJV*C7340UM,8986082677262705016342,8657190809816733,上海+郑文 0204
7GO56KBFJV*C7309VM,8986082407624881922217,8657190857454910,上海+郑文 0204
7GO56KBFJV*C7482WM,8986082042677087180855,8657190817575870,上海-郑文 0204
7GO56KBFJV*C7745XM,8986082689735358112704,8657190848038640,上海+郑文 0204
7GO56KBFJV*D7885YM,8986082092943365624245,8657190850089355,上海 郑文 0204
7GO56KBFJV*B7917ZM,8986082117266836316738,8657190831339158,上海+郑文 0204
7GO56KBFJV*D7890AM,8986082422956320069075,8657190872530381,上海 郑文 0204
7GO56KBFJV*C7731BM,8986082139570643477266,8657190835664166,上海-郑文 0204
7GO56KBFJV*D7175CM,8986082135557095579750,8657190884279242,上海-郑文 0204
7GO56KBFJV*B7619DM,8986082696272847818744,8657190848729709,上海+郑文 0204
7GO56KBFJV*D7338EM,8986082522795493721170,8657190888445762,上海+郑文 0204
7GO56KBFJV*C7495FM,8986082363006105473784,8657190835003802,上海-郑文 0204
7GO56KBFJV*B7490GM,8986082381355030098461,8657190832811606,上海+郑文 0204
7GO56KBFJV*C7130HM,8986082865883092607804,8657190814073655,上海-郑文 0204
7GO56KBFJV*C7806IM,8986082682931411908531,8657190828307326,上海+郑文 0204
7GO56KBFJV*E7553JM,8986082289881940836432,8657190807299322,上海+郑文 0204
7GO56KBFJV*D7994KM,8986082570511330356239,8657190872269837,上海 郑文 0204
7GO56KBFJV*D7497LM,8986082821016511091590,8657190878143439,上海 郑文 0204
7GO56KBFJV*C7499MM,8986082846820311659976,8657190835768671,上海+郑文 0204
7GO56KBFJV*B7363NM,8986082899002732322777,8657190871999302,上海 郑文 0204
7GO56KBFJV*D7463OM,8986082050160453139286,8657190852607051,上海-郑文 0204
7GO56KBFJV*B7760PM,8986082524208441041339,8657190826174110,上海 郑文 0204
7GO56KBFJV*D7406QM,8986082942039407211127,8657190864617985,上海 郑文 0204
7GO56KBFJV*E7767RM,8986082639108337893483,8657190830237088,上海-郑文 0204
7GO56KBFJV*C7913SM,8986082995140585113382,8657190858330198,上海 郑文 0204
7GO56KBFJV*E7445TM,8986082817187571887883,8657190804206205,上海 郑文 0204
7GO56KBFJV*D7119UM,8986082144756856738850,8657190834973704,上海+郑文 0204
7GO56KBFJV*D7353VM,8986082574531667346541,8657190837272994,上海+郑文 0204
7GO56KBFJV*C7792WM,8986082865934381902183,8657190862974856,上海 郑文 0204
7GO56KBFJV*E7134XM,8986082986540612747220,8657190820910367,上海-郑文 0204
7GO56KBFJV*C7523YM,8986082119491425877329,8657190897439900,上海-郑文 0204
7GO56KBFJV*D7706ZM,8986082144708562115359,8657190813459872,上海+郑文 0204
7GO56KBFJV*B7869AM,8986082912475744239847,8657190842210041,上海+郑文 0204
7GO56KBFJV*C7632BM,8986082703608572102457,8657190816482276,上海 郑文 0204
7GO56KBFJV*C7750CM,8986082465538616501244,8657190862394541,上海-郑文 0204
7GO56KBFJV*D7712DM,8986082944625062040564,8657190866595997,上海+郑文 0204
7GO56KBFJV*C7906EM,8986082490435275729146,8657190884804887,上海+郑文 0204
7GO56KBFJV*C7153FM,8986082835053007018021,8657190898057153,上海-郑文 0204
7GO56KBFJV*E7290GM,8986082246574287447918,8657190866745547,上海-郑文 0204
7GO56KBFJV*B7814HM,8986082456949227840822,8657190844455623,上海+郑文 0204
7GO56KBFJV*E7175IM,8986082568912551783223,8657190818361981,上海-郑文 0204
7GO56KBFJV*B7507JM,8986082779447508589340,8657190816895331,上海 郑文 0204
7GO56KBFJV*E7895KM,8986082865904756201314,8657190832308443,上海-郑文 0204
7GO56KBFJV*D7633LM,8986082365966677383327,8657190878150043,上海+郑文 0204
7GO56KBFJV*E7999MM,8986082960394481236700,8657190827888933,上海-郑文 0204
7GO56KBFJV*D7502NM,8986082731710185837953,8657190807876575,上海+郑文 0204
7GO56KBFJV*D7210OM,8986082204234317152401,8657190868206229,上海 郑文 0204
7GO56KBFJV*C7186PM,8986082728386594338749,8657190806938940,上海 郑文 0204
7GO56KBFJV*D7211QM,8986082900349968667718,8657190832043751,上海+郑文 0204
7GO56KBFJV*B7957RM,8986082636956692953542,8657190816325459,上海-郑文 0204
7GO56KBFJV*B7631SM,8986082752992525782022,8657190841013315,上海+郑文 0204
7GO56KBFJV*B7716TM,8986082346520306693041,8657190858249619,上海 郑文 0204
7GO56KBFJV*D7647UM,8986082448401668613946,8657190899636327,上海-郑文 0204
7GO56KBFJV*E7168VM,8986082514475097737101,8657190874385364,上海-郑文 0204
7GO56KBFJV*D7680WM,8986082403329225311419,8657190868786891,上海+郑文 0204
7GO56KBFJV*B7908XM,8986082610230634409681,8657190873802996,上海-郑文 0204
7GO56KBFJV*D7811YM,8986082845908487871223,8657190896905233,上海-郑文 0204
7GO56KBFJV*B7524ZM,8986082879889704025068,8657190842148264,上海 郑文 0204
7GO56KBFJV*D7388AM,8986082408827294126068,8657190851981323,上海+郑文 0204
7GO56KBFJV*D7945AM,8986082169485886490779,8657190827782774,北京-王磊 0301
7GO56KBFJV*B7615BM,8986082833881276327006,8657190866167352,北京-王磊 0301
7GO56KBFJV*C7436CM,8986082201532772810360,8657190897725904,北京-王磊 0301
7GO56KBFJV*C7115DM,8986082831007672168186,8657190873399883,北京-王磊 0301
7GO56KBFJV*D7493EM,8986082774688567206055,8657190875518908,北京-王磊 0301
7GO56KBFJV*E7284FM,8986082782416064368627,8657190867873466,北京-王磊 0301
7GO56KBFJV*E7103GM,8986082894985343750148,8657190861275042,北京 王磊 0301
7GO56KBFJV*B7747HM,8986082325446027870465,8657190805661177,北京-王磊 0301
7GO56KBFJV*C7725IM,8986082667669806944494,8657190853441702,北京 王磊 0301
7GO56KBFJV*C7111JM,8986082603651399092833,8657190862038182,北京-王磊 0301
7GO56KBFJV*E7243KM,8986082283822137046445,8657190860110165,北京-王磊 0301
7GO56KBFJV*E7735LM,8986082887764772667537,8657190840273476,北京 王磊 0301
7GO56KBFJV*D7886MM,8986082460987756795583,8657190820032222,北京 王磊 0301
7GO56KBFJV*C7126NM,8986082780194342768704,8657190853181921,北京-王磊 0301
7GO56KBFJV*C7191OM,8986082499968597729866,8657190856780130,北京-王磊 0301
7GO56KBFJV*C7161PM,8986082338440114158988,8657190899991394,北京 王磊 0301
7GO56KBFJV*E7217QM,8986082040346298142884,8657190851493343,北京 王磊 0301
7GO56KBFJV*E7834RM,8986082476506321624806,8657190806796783,北京+王磊 0301
7GO56KBFJV*E7845SM,8986082671039174739676,8657190862852399,北京 王磊 0301
7GO56KBFJV*B7544TM,8986082175364089095305,8657190822822409,北京 王磊 0301
7GO56KBFJV*E7553UM,8986082699242704305726,8657190823623234,北京 王磊 0301
7GO56KBFJV*C7697VM,8986082816555351142193,8657190806954920,北京+王磊 0301
7GO56KBFJV*E7987WM,8986082729478146537414,8657190801366224,北京 王磊 0301
7GO56KBFJV*D7107XM,8986082638235043422614,8657190805232197,北京-王磊 0301
7GO56KBFJV*D7229YM,8986082297530132148312,8657190817600642,北京 王磊 0301
7GO56KBFJV*B7744ZM,8986082158285297614144,8657190813691805,北京 王磊 0301
7GO56KBFJV*E7388AM,8986082259056088571682,8657190806352154,北京-王磊 0301
7GO56KBFJV*D7229BM,8986082865959283149535,8657190861550603,北京+王磊 0301
7GO56KBFJV*E7650CM,8986082198767660714080,8657190875118536,北京+王磊 0301
7GO56KBFJV*B7475DM,8986082239055486176185,8657190889643725,北京 王磊 0301
7GO56KBFJV*E7305EM,8986082576562360172235,8657190838152425,北京 王磊 0301
7GO56KBFJV*B7545FM,8986082053953065076798,8657190889245610,北京-王磊 0301
7GO56KBFJV*B7381GM,8986082325856165355450,8657190808457935,北京+王磊 0301
7GO56KBFJV*E7772HM,8986082100604054896946,8657190866399784,北京+王磊 0301
7GO56KBFJV*D7534IM,8986082870361731726676,8657190809350841,北京 王磊 0301
7GO56KBFJV*D7899JM,8986082463968854428062,8657190846690707,北京-王磊 0301
7GO56KBFJV*C7373KM,8986082637002701138432,8657190898977983,北京-王磊 0301
7GO56KBFJV*D7845LM,8986082315598374395563,8657190894201342,北京+王磊 0301
7GO56KBFJV*C7392MM,8986082451265208630637,8657190844968556,北京+王磊 0301
7GO56KBFJV*E7976NM,8986082863515962910649,8657190840587364,北京+王磊 0301
7GO56KBFJV*E7152OM,8986082859856492474926,8657190873952506,北京+王磊 0301
7GO56KBFJV*E7924PM,8986082437502066106876,8657190803614364,北京+王磊 0301
7GO56KBFJV*C7743QM,8986082959965945380152,8657190842815639,北京+王磊 0301
7GO56KBFJV*C7854RM,8986082272511359138013,8657190816221755,北京-王磊 0301
7GO56KBFJV*C7237SM,8986082402469170378382,8657190826069792,北京 王磊 0301
7GO56KBFJV*D7507TM,8986082276559011370692,8657190838466932,北京 王磊 0301
7GO56KBFJV*D7648UM,8986082336789361103738,8657190827899603,北京 王磊 0301
7GO56KBFJV*C7584VM,8986082361047479623323,8657190855122545,北京-王磊 0301
7GO56KBFJV*B7144WM,8986082874988906716060,8657190828318048,北京-王磊 0301
7GO56KBFJV*D7628XM,8986082569035358771112,8657190803658884,北京+王磊 0301
7GO56KBFJV*C7490YM,8986082730688910851825,8657190869727123,北京+王磊 0301
7GO56KBFJV*C7367ZM,8986082712021700156562,8657190820540937,北京 王磊 0301
7GO56KBFJV*D7489AM,8986082199127544307785,8657190845339016,北京+王磊 0301
7GO56KBFJV*B7501BM,8986082293199734744974,8657190852865781,北京 王磊 0301
7GO56KBFJV*C7807CM,8986082391211115257193,8657190872601678,北京-王磊 0301
7GO56KBFJV*B7998DM,8986082702039192340662,8657190879632966,北京+王磊 0301
7GO56KBFJV*C7758EM,8986082923138792746570,8657190899020625,北京-王磊 0301
7GO56KBFJV*D7160FM,8986082593911610048563,8657190883446370,北京 王磊 0301
7GO56KBFJV*C7857GM,8986082368063184990186,8657190838626770,北京-王磊 0301
7GO56KBFJV*D7856HM,8986082469164857989753,8657190802812779,北京+王磊 0301
7GO56KBFJV*B7540IM,8986082387140920687843,8657190887116384,北京+王磊 0301
7GO56KBFJV*B7733JM,8986082972909137724444,8657190866214924,北京 王磊 0301
7GO56KBFJV*B7571KM,8986082577712827362115,8657190835025867,北京+王磊 0301
7GO56KBFJV*E7273LM,8986082667891052740210,8657190808620372,北京-王磊 0301
7GO56KBFJV*E7662MM,8986082330493115304517,8657190894607519,北京+王磊 0301
7GO56KBFJV*B7181NM,8986082948402311364369,8657190881328028,北京+王磊 0301
7GO56KBFJV*C7107OM,8986082430638730570661,8657190872206956,北京 王磊 0301
7GO56KBFJV*C7900PM,8986082089972086517691,8657190871771583,北京+王磊 0301
7GO56KBFJV*D7827QM,8986082596821781464576,8657190888858007,北京 王磊 0301
7GO56KBFJV*C7815RM,8986082812044623404582,8657190806237827,北京+王磊 0301
7GO56KBFJV*D7565SM,8986082501240760491831,8657190816806945,北京+王磊 0301
7GO56KBFJV*B7971TM,8986082950205669347052,8657190882563376,北京-王磊 0301
7GO56KBFJV*E7108UM,8986082730663960246365,8657190850998930,北京 王磊 0301
7GO56KBFJV*D7893VM,8986082012000169603575,8657190879654562,北京+王磊 0301
7GO56KBFJV*E7553WM,8986082286974306601461,8657190883466113,北京 王磊 0301
7GO56KBFJV*C7943XM,8986082501524543398730,8657190832692510,北京+王磊 0301
7GO56KBFJV*C7158YM,8986082408040006801298,8657190845653757,北京+王磊 0301
7GO56KBFJV*E7508ZM,8986082008225272683091,8657190869681137,北京+王磊 0301
7GO56KBFJV*C7841AM,8986082371684759753542,8657190895215938,北京+王磊 0301
7GO56KBFJV*C7769CM,8986082270191493827637,8657190881744056,北京+王磊 0301
7GO56KBFJV*B7120DM,8986082388565137831553,8657190879632368,北京 王磊 0301
7GO56KBFJV*E7298EM,8986082597393759259177,8657190891588390,北京+王磊 0301
7GO56KBFJV*E7715FM,8986082710254403578929,8657190880619737,北京 王磊 0301
7GO56KBFJV*C7304GM,8986082751677134928013,8657190866844430,北京-王磊 0301
7GO56KBFJV*C7867HM,8986082378687634232940,8657190838871340,北京-王磊 0301
7GO56KBFJV*C7816IM,8986082223341434270830,8657190867538085,北京-王磊 0301
7GO56KBFJV*E7792JM,8986082528369842854321,8657190829721128,北京+王磊 0301
7GO56KBFJV*C7528KM,8986082876435933132622,8657190836595633,北京+王磊 0301
7GO56KBFJV*B7379MM,8986082853785087529721,8657190856475381,北京-王磊 0301
7GO56KBFJV*B7259NM,8986082692873457869607,8657190848891144,北京+王磊 0301
7GO56KBFJV*D7556OM,8986082517534840434077,8657190812699583,北京-王磊 0301
7GO56KBFJV*B7534PM,8986082176657648390135,8657190861249940,北京 王磊 0301
7GO56KBFJV*E7204QM,8986082346554143199509,8657190871724229,北京-王磊 0301
7GO56KBFJV*B7167RM,8986082339895834794046,8657190896810892,北京+王磊 0301
7GO56KBFJV*C7297SM,8986082423989267717019,8657190864752568,北京-王磊 0301
7GO56KBFJV*E7143TM,8986082274357310882339,8657190813456925,北京+王磊 0301
7GO56KBFJV*E7747UM,8986082836785169114411,8657190808728516,北京+王磊 0301
7GO56KBFJV*B7191VM,8986082614967346515751,8657190811057617,北京 王磊 0301
7GO56KBFJV*B7207WM,8986082306796944490630,8657190823908392,北京-王磊 0301
7GO56KBFJV*B7181XM,8986082871829494118192,8657190836665747,北京+王磊 0301
7GO56KBFJV*E7962YM,8986082987082244950835,8657190852399894,北京 王磊 0301
7GO56KBFJV*B7209ZM,8986082739694626381262,8657190808493389,北京+王磊 0301
7GO56KBFJV*D7325AM,8986082179796958669079,8657190842283396,北京 王磊 0301
7GO56KBFJV*C7266BM,8986082703787670953562,8657190865684408,北京-王磊 0301
7GO56KBFJV*C7174CM,8986082993595729610956,8657190851778351,北京 王磊 0301
7GO56KBFJV*B7296DM,8986082424713555652024,8657190858205612,北京-王磊 0301
7GO56KBFJV*B7861EM,8986082017708095371891,8657190812907233,北京+王磊 0301
7GO56KBFJV*E7249FM,8986082330296767540866,8657190811244183,北京+王磊 0301
7GO56KBFJV*C7356GM,8986082704379401847207,8657190860072614,北京-王磊 0301
7GO56KBFJV*D7477HM,8986082634227793323318,8657190804663168,北京 王磊 0301
7GO56KBFJV*B7450IM,8986082736972505334105,8657190812998309,北京-王磊 0301
7GO56KBFJV*E7990JM,8986082577030339362610,8657190815174615,北京 王磊 0301
7GO56KBFJV*C7123KM,8986082866413167133479,8657190822981300,北京+王磊 0301
7GO56KBFJV*D7970LM,8986082001223302658083,8657190891144910,北京-王磊 0301
7GO56KBFJV*E7509MM,8986082666754145630386,8657190876314424,北京+王磊 0301
7GO56KBFJV*B7553NM,8986082118409310087480,8657190821697271,北京 王磊 0301
7GO56KBFJV*B7927OM,8986082324909766338501,8657190865730135,北京-王磊 0301
7GO56KBFJV*C7345PM,8986082594339413287375,8657190897784845,北京-王磊 0301
7GO56KBFJV*B7631QM,8986082636609856207876,8657190813262392,北京 王磊 0301
7GO56KBFJV*E7904RM,8986082941545776242497,8657190831862615,北京 王磊 0301
7GO56KBFJV*B7425SM,8986082432872763448767,8657190844036329,北京+王磊 0301
7GO56KBFJV*E7300TM,8986082191495116341037,8657190891814633,北京 王磊 0301
7GO56KBFJV*E7415UM,8986082977235111004944,8657190831086754,北京 王磊 0301
7GO56KBFJV*E7562VM,8986082943021153867074,8657190833591799,北京 王磊 0301
7GO56KBFJV*D7785AM,8986082322909008153400,8657190871903683,北京 冯子轩 0302
7GO56KBFJV*E7584BM,8986082515053027210892,8657190870411469,北京-冯子轩 0302
7GO56KBFJV*C7851CM,8986082491704386659975,8657190810261912,北京+冯子轩 0302
7GO56KBFJV*D7268DM,8986082143278321263208,8657190897437334,北京+冯子轩 0302
7GO56KBFJV*C7774EM,8986082541823767043098,8657190866920772,北京-冯子轩 0302
7GO56KBFJV*E7987FM,8986082064900378241732,8657190839327880,北京 冯子轩 0302
7GO56KBFJV*B7514GM,8986082332864018513761,8657190890597181,北京-冯子轩 0302
7GO56KBFJV*C7659HM,8986082253893434129358,8657190898405292,北京 冯子轩 0302
7GO56KBFJV*C7850IM,8986082815363613535505,8657190842011902,北京-冯子轩 0302
7GO56KBFJV*B7387JM,8986082401084011828455,8657190866976831,北京-冯子轩 0302
7GO56KBFJV*C7725KM,8986082272359270475763,8657190856696078,北京+冯子轩 0302
7GO56KBFJV*B7369LM,8986082023112381323217,8657190871813310,北京+冯子轩 0302
7GO56KBFJV*E7733MM,8986082818592073897451,8657190898782547,北京 冯子轩 0302
7GO56KBFJV*E7694OM,8986082683903886369595,8657190894401123,北京 冯子轩 0302
7GO56KBFJV*D7802PM,8986082124028216811442,8657190891186168,北京 冯子轩 0302
7GO56KBFJV*E7296QM,8986082907859224165325,8657190807240373,北京+冯子轩 0302
7GO56KBFJV*D7765RM,8986082426226969983913,8657190840329265,北京+冯子轩 0302
7GO56KBFJV*D7409SM,8986082185961355692761,8657190853464997,北京 冯子轩 0302
7GO56KBFJV*B7537TM,8986082732613240254746,8657190880183240,北京 冯子轩 0302
7GO56KBFJV*C7491UM,8986082417447898145730,8657190866494982,北京 冯子轩 0302
7GO56KBFJV*E7273VM,8986082607134963656428,8657190886132193,北京+冯子轩 0302
7GO56KBFJV*D7500WM,8986082842289228133345,8657190802236031,北京 冯子轩 0302
7GO56KBFJV*B7323XM,8986082561711269428395,8657190863584745,北京 冯子轩 0302
7GO56KBFJV*E7820YM,8986082851762444140894,8657190889373123,北京+冯子轩 0302
7GO56KBFJV*E7781ZM,8986082565665286775361,8657190857722351,北京+冯子轩 0302
7GO56KBFJV*B7464AM,8986082279048195940071,8657190864697224,北京-冯子轩 0302
7GO56KBFJV*C7151BM,8986082976484065367908,8657190801729430,北京+冯子轩 0302
7GO56KBFJV*B7611CM,8986082011013720160704,8657190898460331,北京-冯子轩 0302
7GO56KBFJV*C7810DM,8986082629447392131828,8657190865374092,北京-冯子轩 0302
7GO56KBFJV*C7910EM,8986082010040676780372,8657190899144892,北京 冯子轩 0302
7GO56KBFJV*C7868FM,8986082707891719650304,8657190811253961,北京+冯子轩 0302
7GO56KBFJV*B7657GM,8986082891895896971874,8657190882336966,北京-冯子轩 0302
7GO56KBFJV*D7899HM,8986082413553301526006,8657190862006663,北京-冯子轩 0302
7GO56KBFJV*C7633IM,8986082866297803722549,8657190832750123,北京 冯子轩 0302
7GO56KBFJV*C7341JM,8986082933310616968337,8657190853502378,北京 冯子轩 0302
7GO56KBFJV*E7114KM,8986082961743617769550,8657190891610617,北京+冯子轩 0302
7GO56KBFJV*C7870LM,8986082845849814464679,8657190872013448,北京 冯子轩 0302
7GO56KBFJV*C7220MM,8986082944023575699930,8657190895780858,北京+冯子轩 0302
7GO56KBFJV*D7951OM,8986082047598036319350,8657190884366070,北京-冯子轩 0302
7GO56KBFJV*E7517PM,8986082866278137114076,8657190806111720,北京 冯子轩 0302
7GO56KBFJV*D7371QM,8986082639883378245406,8657190815338575,北京+冯子轩 0302
7GO56KBFJV*C7439RM,8986082565666743996631,8657190876310600,北京 冯子轩 0302
7GO56KBFJV*D7872SM,8986082520084285608306,8657190876386462,北京+冯子轩 0302
7GO56KBFJV*D7731TM,8986082472993710205205,8657190859420443,北京+冯子轩 0302
7GO56KBFJV*D7418UM,8986082191023440847960,8657190884942231,北京 冯子轩 0302
7GO56KBFJV*D7907VM,8986082828373851404611,8657190856836854,北京+冯子轩 0302
7GO56KBFJV*C7609WM,8986082401286068357537,8657190822213642,北京-冯子轩 0302
7GO56KBFJV*D7706XM,8986082625474050767072,8657190843612210,北京-冯子轩 0302
7GO56KBFJV*B7785YM,8986082470446274868719,8657190810518356,北京 冯子轩 0302
7GO56KBFJV*C7982ZM,8986082365854231789636,8657190807812174,北京 冯子轩 0302
7GO56KBFJV*B7652AM,8986082869260462099874,8657190817642952,北京 冯子轩 0302
7GO56KBFJV*C7878BM,8986082108869443210900,8657190815982473,北京-冯子轩 0302
7GO56KBFJV*D7783CM,8986082838172708129399,8657190885015855,北京 冯子轩 0302
7GO56KBFJV*D7464DM,8986082295743418047311,8657190884559838,北京-冯子轩 0302
7GO56KBFJV*D7412EM,8986082484577118757230,8657190852020920,北京 冯子轩 0302
7GO56KBFJV*B7329FM,8986082776422248174138,8657190811999025,北京+冯子轩 0302
7GO56KBFJV*D7875GM,8986082021284149538068,8657190822966544,北京+冯子轩 0302
7GO56KBFJV*D7263HM,8986082003594398799106,8657190887310575,北京 冯子轩 0302
7GO56KBFJV*B7640IM,8986082109611872164165,8657190869381267,北京 冯子轩 0302
7GO56KBFJV*E7230JM,8986082628862221678860,8657190877232226,北京 冯子轩 0302
7GO56KBFJV*E7883KM,8986082934250480936559,8657190890319864,北京+冯子轩 0302
7GO56KBFJV*D7397LM,8986082639456019207453,8657190843998032,北京+冯子轩 0302
7GO56KBFJV*C7577MM,8986082406101830028738,8657190827992279,北京+冯子轩 0302
7GO56KBFJV*D7921NM,8986082958201185118931,8657190816972701,北京+冯子轩 0302
7GO56KBFJV*C7551OM,8986082007659619538838,8657190872384038,北京+冯子轩 0302
7GO56KBFJV*C7494PM,8986082337828219443819,8657190840340893,北京+冯子轩 0302
7GO56KBFJV*C7401QM,8986082710549124024696,8657190836188692,北京+冯子轩 0302
7GO56KBFJV*E7147RM,8986082133853907762103,8657190862849058,北京+冯子轩 0302
7GO56KBFJV*C7446SM,8986082578969436474574,8657190817966073,北京-冯子轩 0302
7GO56KBFJV*C7916TM,8986082442985069564897,8657190827155446,北京 冯子轩 0302
7GO56KBFJV*D7482UM,8986082188968840755414,8657190818776786,北京+冯子轩 0302
7GO56KBFJV*D7175VM,8986082854438073260347,8657190819159262,北京-冯子轩 0302
7GO56KBFJV*D7643WM,8986082937277782000102,8657190870454404,北京 冯子轩 0302
7GO56KBFJV*C7587XM,8986082269874644009698,8657190840540236,北京-冯子轩 0302
7GO56KBFJV*E7861YM,8986082853097804819711,8657190875296380,北京+冯子轩 0302
7GO56KBFJV*B7851ZM,8986082312503469809230,8657190887485735,北京-冯子轩 0302
7GO56KBFJV*C7704AM,8986082953410807823833,8657190897917867,北京-冯子轩 0302
7GO56KBFJV*D7751BM,8986082534383911274232,8657190866249891,北京+冯子轩 0302
7GO56KBFJV*B7510CM,8986082028127447825154,8657190809608240,北京 冯子轩 0302
7GO56KBFJV*E7527DM,8986082348136978936090,8657190874929328,北京-冯子轩 0302
7GO56KBFJV*D7850EM,8986082344716943247285,8657190887171439,北京-冯子轩 0302
7GO56KBFJV*D7231FM,8986082435796320800682,8657190847853955,北京+冯子轩 0302
7GO56KBFJV*C7354GM,8986082397235117574343,8657190866699860,北京+冯子轩 0302
7GO56KBFJV*C7928HM,8986082660696409810756,8657190882361034,北京 冯子轩 0302
7GO56KBFJV*E7445IM,8986082073846088671830,8657190895005220,北京-冯子轩 0302
7GO56KBFJV*E7330JM,8986082103324410618988,8657190842602742,北京 冯子轩 0302
7GO56KBFJV*E7180KM,8986082229172503923195,8657190829574376,北京 冯子轩 0302
7GO56KBFJV*D7418LM,8986082832427281558138,8657190845951736,北京+冯子轩 0302
7GO56KBFJV*D7255MM,8986082103531845835803,8657190875317582,北京 冯子轩 0302
7GO56KBFJV*D7920NM,8986082298068679581642,8657190884718137,北京-冯子轩 0302
7GO56KBFJV*B7225OM,8986082208034631125133,8657190853584403,北京 冯子轩 0302
7GO56KBFJV*C7456PM,8986082866003857931924,8657190826210166,北京 冯子轩 0302
7GO56KBFJV*E7776QM,8986082574264333416499,8657190803619173,北京 冯子轩 0302
7GO56KBFJV*E7630RM,8986082382482090365303,8657190880076029,北京+冯子轩 0302
7GO56KBFJV*C7336SM,8986082675816430604875,8657190846223291,北京+冯子轩 0302
7GO56KBFJV*E7761TM,8986082236844918887785,8657190802782787,北京+冯子轩 0302
7GO56KBFJV*B7440UM,8986082436840919349403,8657190863531005,北京-冯子轩 0302
7GO56KBFJV*D7454VM,8986082871722170607255,8657190852570006,北京+冯子轩 0302
7GO56KBFJV*B7625WM,8986082432812661005858,8657190895814089,北京-冯子轩 0302
7GO56KBFJV*D7567XM,8986082405944871150152,8657190859944709,北京+冯子轩 0302
7GO56KBFJV*B7311YM,8986082068951377498736,8657190894305148,北京 冯子轩 0302
7GO56KBFJV*D7212ZM,8986082354472645891170,8657190824735894,北京-冯子轩 0302
7GO56KBFJV*D7538AM,8986082632158929611335,8657190844883200,北京-李欣 0303
7GO56KBFJV*E7482BM,8986082074669624244203,8657190828897280,北京-李欣 0303
7GO56KBFJV*D7895CM,8986082486799434170440,8657190826238428,北京+李欣 0303
7GO56KBFJV*D7307DM,8986082597759006907371,8657190871817190,北京+李欣 0303
7GO56KBFJV*B7547EM,8986082324385255764593,8657190857473740,北京 李欣 0303
7GO56KBFJV*B7569FM,8986082962080379765308,8657190897721453,北京 李欣 0303
7GO56KBFJV*E7655GM,8986082995302993698920,8657190870448923,北京 李欣 0303
7GO56KBFJV*D7714HM,8986082342974695796174,8657190833544065,北京-李欣 0303
7GO56KBFJV*E7485IM,8986082199133797917996,8657190863868739,北京+李欣 0303
7GO56KBFJV*B7921KM,8986082588387748679796,8657190810118517,北京+李欣 0303
7GO56KBFJV*E7885LM,8986082309640166723096,8657190893634249,北京-李欣 0303
7GO56KBFJV*E7897MM,8986082517843746910598,8657190866037089,北京 李欣 0303
7GO56KBFJV*B7101NM,8986082165412349216064,8657190860994983,北京 李欣 0303
7GO56KBFJV*B7774OM,8986082755786566112515,8657190895064397,北京 李欣 0303
7GO56KBFJV*D7904PM,8986082837882529205213,8657190840013763,北京+李欣 0303
7GO56KBFJV*D7958QM,8986082937622564182409,8657190816540025,北京 李欣 0303
7GO56KBFJV*E7379RM,8986082145586667727721,8657190814455757,北京+李欣 0303
7GO56KBFJV*D7625SM,8986082145791937208686,8657190825473160,北京 李欣 0303
7GO56KBFJV*D7711TM,8986082469919770317461,8657190800449854,北京-李欣 0303
7GO56KBFJV*C7818UM,8986082609906495782024,8657190804911722,北京 李欣 0303
7GO56KBFJV*E7610VM,8986082135266870134991,8657190848537865,北京+李欣 0303
7GO56KBFJV*B7576WM,8986082197857377065546,8657190871627969,北京+李欣 0303
7GO56KBFJV*D7731XM,8986082054274289398637,8657190847564114,北京-李欣 0303
7GO56KBFJV*B7874YM,8986082992010430888967,8657190866250322,北京 李欣 0303
7GO56KBFJV*E7764ZM,8986082509581903006760,8657190835992568,北京-李欣 0303
7GO56KBFJV*D7426AM,8986082341107562067569,8657190845205355,北京+李欣 0303
7GO56KBFJV*E7113BM,8986082367570484178540,8657190886089656,北京 李欣 0303
7GO56KBFJV*C7170CM,8986082214956551590650,8657190815030975,北京+李欣 0303
7GO56KBFJV*E7154DM,8986082273953655295298,8657190833079696,北京-李欣 0303
7GO56KBFJV*D7622EM,8986082450310778306368,8657190838187723,北京-李欣 0303
7GO56KBFJV*E7743FM,8986082338880305334355,8657190884620642,北京+李欣 0303
7GO56KBFJV*B7821GM,8986082180777980114749,8657190873261185,北京+李欣 0303
7GO56KBFJV*E7763HM,8986082462499128269293,8657190814972387,北京+李欣 0303
7GO56KBFJV*E7370IM,8986082684485457990035,8657190869621438,北京+李欣 0303
7GO56KBFJV*D7376JM,8986082256835504698671,8657190825583767,北京+李欣 0303
7GO56KBFJV*D7377KM,8986082405524084389353,8657190883376348,北京-李欣 0303
7GO56KBFJV*E7469LM,8986082686062972814142,8657190886160315,北京-李欣 0303
7GO56KBFJV*C7829MM,8986082396726016148981,8657190854248747,北京+李欣 0303
7GO56KBFJV*B7594NM,8986082706858356598616,8657190876635328,北京+李欣 0303
7GO56KBFJV*E7255OM,8986082547334583522115,8657190852359119,北京 李欣 0303
7GO56KBFJV*E7342PM,8986082320476086293394,8657190898083046,北京-李欣 0303
7GO56KBFJV*D7178QM,8986082341492702650013,8657190866233328,北京 李欣 0303
7GO56KBFJV*D7434RM,8986082514259454080285,8657190808314118,北京 李欣 0303
7GO56KBFJV*B7566SM,8986082977320006271600,8657190852016371,北京-李欣 0303
7GO56KBFJV*C7270TM,8986082248632293052228,8657190817635077,北京+李欣 0303
7GO56KBFJV*E7294UM,8986082780636410300571,8657190820326182,北京+李欣 0303
7GO56KBFJV*B7818VM,8986082233067698104566,8657190815286655,北京 李欣 0303
7GO56KBFJV*D7476WM,8986082851362412433157,8657190858692144,北京-李欣 0303
7GO56KBFJV*B7315XM,8986082001626994766202,8657190858367745,北京 李欣 0303
7GO56KBFJV*C7733YM,8986082452633208969393,8657190846239079,北京 李欣 0303
7GO56KBFJV*C7866ZM,8986082213741560881872,8657190833184511,北京-李欣 0303
7GO56KBFJV*D7201AM,8986082211864912391621,8657190864845080,北京+李欣 0303
7GO56KBFJV*B7462CM,8986082234954613883295,8657190806646070,北京 李欣 0303
7GO56KBFJV*E7607DM,8986082995625156862994,8657190831906010,北京-李欣 0303
7GO56KBFJV*B7606EM,8986082837989221417549,8657190858935720,北京+李欣 0303
7GO56KBFJV*B7160FM,8986082763807247976220,8657190834696974,北京 李欣 0303
7GO56KBFJV*E7142GM,8986082569756698221057,8657190811389446,北京+李欣 0303
7GO56KBFJV*B7664HM,8986082026877611972303,8657190867642164,北京+李欣 0303
7GO56KBFJV*E7360IM,8986082018316667135702,8657190825026169,北京 李欣 0303
7GO56KBFJV*E7640JM,8986082671794800611773,8657190898756416,北京-李欣 0303
7GO56KBFJV*B7721KM,8986082428183046241882,8657190850336443,北京-李欣 0303
7GO56KBFJV*C7887LM,8986082344012209195827,8657190890929355,北京 李欣 0303
7GO56KBFJV*D7652MM,8986082761440325802996,8657190810861834,北京+李欣 0303
7GO56KBFJV*E7413NM,8986082491093171132367,8657190885757549,北京-李欣 0303
7GO56KBFJV*D7662OM,8986082263160629219970,8657190821242843,北京+李欣 0303
7GO56KBFJV*E7301PM,8986082169652861962991,8657190897189232,北京-李欣 0303
7GO56KBFJV*E7528QM,8986082594943481541802,8657190824779510,北京-李欣 0303
7GO56KBFJV*B7275RM,8986082648150820517399,8657190877553638,北京 李欣 0303
7GO56KBFJV*C7960SM,8986082155707753096617,8657190894595705,北京+李欣 0303
7GO56KBFJV*B7933TM,8986082772748770112869,8657190886968786,北京+李欣 0303
7GO56KBFJV*C7136UM,8986082410235256311276,8657190847928415,北京-李欣 0303
7GO56KBFJV*E7548VM,8986082982052178783367,8657190834181053,北京 李欣 0303
7GO56KBFJV*D7928WM,8986082565711502752659,8657190885570944,北京+李欣 0303
7GO56KBFJV*B7740XM,8986082304953828108156,8657190807292974,北京 李欣 0303
7GO56KBFJV*E7706YM,8986082264185538964151,8657190809372049,北京+李欣 0303
7GO56KBFJV*E7973ZM,8986082761338550435912,8657190877458116,北京 李欣 0303
7GO56KBFJV*B7911AM,8986082978869588868559,8657190880201723,北京 李欣 0303
7GO56KBFJV*E7621BM,8986082150201124838310,8657190851565856,北京-李欣 0303
7GO56KBFJV*B7658CM,8986082068536409087220,8657190860910102,北京 李欣 0303
7GO56KBFJV*C7418DM,8986082688322234627525,8657190880004572,北京-李欣 0303
7GO56KBFJV*D7107EM,8986082013610078007164,8657190878366160,北京 李欣 0303
7GO56KBFJV*E7229FM,8986082579855562280319,8657190844025864,北京+李欣 0303
7GO56KBFJV*B7517GM,8986082062621711804639,8657190853816775,北京-李欣 0303
7GO56KBFJV*D7844HM,8986082770847960814338,8657190861434047,北京+李欣 0303
7GO56KBFJV*B7941IM,8986082104160355754519,8657190843814007,北京+李欣 0303
7GO56KBFJV*C7455JM,8986082866658456667102,8657190821588528,北京+李欣 0303
7GO56KBFJV*B7166KM,8986082725525204845896,8657190860803308,北京-李欣 0303
7GO56KBFJV*E7138LM,8986082685661975216055,8657190817742711,北京 李欣 0303
7GO56KBFJV*E7181MM,8986082419640941495261,8657190830876457,北京 李欣 0303
7GO56KBFJV*D7198NM,8986082628774378490428,8657190855988958,北京-李欣 0303
7GO56KBFJV*E7628OM,8986082978181550980802,8657190888782975,北京+李欣 0303
7GO56KBFJV*D7117PM,8986082214477891419255,8657190823235827,北京+李欣 0303
7GO56KBFJV*B7986QM,8986082939344860950667,8657190869678888,北京-李欣 0303
7GO56KBFJV*E7529RM,8986082005172849361096,8657190805378930,北京+李欣 0303
7GO56KBFJV*D7404SM,8986082238832934131880,8657190813585501,北京+李欣 0303
7GO56KBFJV*B7862TM,8986082243796162829172,8657190849944993,北京 李欣 0303
7GO56KBFJV*D7309UM,8986082829224969784462,8657190875643837,北京 李欣 0303
7GO56KBFJV*C7383VM,8986082152516690315921,8657190854326254,北京-李欣 0303
7GO56KBFJV*E7407WM,8986082441479915479848,8657190899865536,北京-李欣 0303
7GO56KBFJV*C7109XM,8986082376849410273543,8657190812120871,北京 李欣 0303
7GO56KBFJV*E7738YM,8986082077647928871073,8657190824098361,北京-李欣 0303
7GO56KBFJV*D7179ZM,8986082723936967599133,8657190820818706,北京 李欣 0303
7GO56KBFJV*B7161AM,8986082176079293836262,8657190852619707,北京 李欣 0303
7GO56KBFJV*C7525BM,8986082389625653572578,8657190857449101,北京-李欣 0303
7GO56KBFJV*D7498DM,8986082990767609456850,8657190801173016,北京-李欣 0303
7GO56KBFJV*B7315EM,8986082323876120784400,8657190801944285,北京-李欣 0303
7GO56KBFJV*C7264FM,8986082498326008222988,8657190827940331,北京 李欣 0303
7GO56KBFJV*E7861GM,8986082239412016039955,8657190871241197,北京-李欣 0303
7GO56KBFJV*B7778HM,8986082494877781827379,8657190836418379,北京 李欣 0303
7GO56KBFJV*E7315IM,8986082102326885242578,8657190880853711,北京+李欣 0303
7GO56KBFJV*E7458JM,8986082016631715418954,8657190844776543,北京 李欣 0303
7GO56KBFJV*D7692KM,8986082707654627924130,8657190800195000,北京 李欣 0303
7GO56KBFJV*C7283LM,8986082102705539050404,8657190880045243,北京 李欣 0303
7GO56KBFJV*B7887MM,8986082145740457377191,8657190842906833,北京+李欣 0303
7GO56KBFJV*E7903AM,8986082806619969627742,8657190853366748,北京+韩雪 0304
7GO56KBFJV*D7269BM,8986082730988179242704,8657190851918966,北京+韩雪 0304
7GO56KBFJV*E7537CM,8986082796197203143548,8657190806003095,北京-韩雪 0304
7GO56KBFJV*C7759DM,8986082747662360035698,8657190803666004,北京-韩雪 0304
7GO56KBFJV*D7571EM,8986082392577594652393,8657190811523968,北京 韩雪 0304
7GO56KBFJV*D7281FM,8986082614230489428604,8657190810275042,北京 韩雪 0304
7GO56KBFJV*B7646GM,8986082136438957740148,8657190809381881,北京 韩雪 0304
7GO56KBFJV*C7984HM,8986082004533804213128,8657190895590614,北京 韩雪 0304
7GO56KBFJV*E7658IM,8986082423253261485763,8657190837018567,北京-韩雪 0304
7GO56KBFJV*D7515JM,8986082692208058255988,8657190894998847,北京-韩雪 0304
7GO56KBFJV*B7608KM,8986082568190534846120,8657190809844372,北京-韩雪 0304
7GO56KBFJV*B7614LM,8986082250078028611852,8657190800827613,北京 韩雪 0304
7GO56KBFJV*B7694MM,8986082179224423598358,8657190836582337,北京-韩雪 0304
7GO56KBFJV*E7145NM,8986082965249116787251,8657190873146738,北京+韩雪 0304
7GO56KBFJV*E7512OM,8986082461755174408847,8657190839797354,北京-韩雪 0304
7GO56KBFJV*E7602PM,8986082426850408517729,8657190852769745,北京-韩雪 0304
7GO56KBFJV*D7559QM,8986082028938073048202,8657190865451650,北京+韩雪 0304
7GO56KBFJV*C7702RM,8986082637846255464778,8657190867016632,北京-韩雪 0304
7GO56KBFJV*D7739SM,8986082083805853177166,8657190883248989,北京-韩雪 0304
7GO56KBFJV*B7527TM,8986082967791061608283,8657190884066511,北京-韩雪 0304
7GO56KBFJV*D7832UM,8986082681840569910156,8657190800938642,北京-韩雪 0304
7GO56KBFJV*D7190VM,8986082283309989354936,8657190834163243,北京-韩雪 0304
7GO56KBFJV*D7119WM,8986082092383605422034,8657190848745082,北京-韩雪 0304
7GO56KBFJV*D7253XM,8986082285470829561378,8657190829321764,北京+韩雪 0304
7GO56KBFJV*C7248YM,8986082900658499279240,8657190860863903,北京+韩雪 0304
7GO56KBFJV*C7680ZM,8986082696881528447169,8657190812515770,北京+韩雪 0304
7GO56KBFJV*E7277AM,8986082871296134543650,8657190860469129,北京-韩雪 0304
7GO56KBFJV*B7354BM,8986082730331787796677,8657190896517608,北京 韩雪 0304
7GO56KBFJV*C7644CM,8986082650623194350582,8657190889864291,北京+韩雪 0304
7GO56KBFJV*C7358DM,8986082144873712299795,8657190846246432,北京+韩雪 0304
7GO56KBFJV*B7452EM,8986082427337256286723,8657190855305643,北京-韩雪 0304
7GO56KBFJV*E7239FM,8986082777604170791364,8657190892854229,北京-韩雪 0304
7GO56KBFJV*B7456GM,8986082157923410985045,8657190805810836,北京+韩雪 0304
7GO56KBFJV*D7885HM,8986082166400185590307,8657190891591349,北京 韩雪 0304
7GO56KBFJV*C7440IM,8986082767224011006402,8657190871138513,北京 韩雪 0304
7GO56KBFJV*D7941JM,8986082590390165990564,8657190865914350,北京-韩雪 0304
7GO56KBFJV*D7952KM,8986082972136601355527,8657190869965660,北京-韩雪 0304
7GO56KBFJV*C7928LM,8986082886869588054840,8657190896067032,北京+韩雪 0304
7GO56KBFJV*D7739MM,8986082164203635759481,8657190862243038,北京+韩雪 0304
7GO56KBFJV*B7964NM,8986082855865867363426,8657190845207907,北京+韩雪 0304
7GO56KBFJV*B7680OM,8986082588045182379570,8657190856564633,北京-韩雪 0304
7GO56KBFJV*B7454PM,8986082225906237550960,8657190808005456,北京 韩雪 0304
7GO56KBFJV*C7292QM,8986082991357330967405,8657190850925040,北京+韩雪 0304
7GO56KBFJV*E7738RM,8986082308968032453355,8657190803847389,北京-韩雪 0304
7GO56KBFJV*E7622SM,8986082119551496539620,8657190850806544,北京+韩雪 0304
7GO56KBFJV*C7434TM,8986082351676174030098,8657190832477026,北京+韩雪 0304
7GO56KBFJV*D7722UM,8986082444128574670328,8657190869087089,北京-韩雪 0304
7GO56KBFJV*D7760VM,8986082384691135847825,8657190889093431,北京-韩雪 0304
7GO56KBFJV*D7286WM,8986082081935449709277,8657190842207458,北京 韩雪 0304
7GO56KBFJV*C7249XM,8986082474186214099143,8657190808190379,北京-韩雪 0304
7GO56KBFJV*B7184YM,8986082698127160186088,8657190837045773,北京+韩雪 0304
7GO56KBFJV*B7878ZM,8986082046281878367298,8657190822138852,北京 韩雪 0304
7GO56KBFJV*E7869AM,8986082036209149754019,8657190888834980,北京+韩雪 0304
7GO56KBFJV*D7202BM,8986082151810647539768,8657190887973348,北京+韩雪 0304
7GO56KBFJV*E7225CM,8986082703396194398719,8657190801212909,北京-韩雪 0304
7GO56KBFJV*C7322DM,8986082617930566100191,8657190870766208,北京-韩雪 0304
7GO56KBFJV*D7228EM,8986082096174769006197,8657190830360588,北京 韩雪 0304
7GO56KBFJV*E7827FM,8986082305526147589703,8657190823559495,北京 韩雪 0304
7GO56KBFJV*E7465GM,8986082473235152208732,8657190845680005,北京 韩雪 0304
7GO56KBFJV*E7657HM,8986082611162252487557,8657190836839021,北京-韩雪 0304
7GO56KBFJV*E7243IM,8986082652300252914239,8657190817327998,北京 韩雪 0304
7GO56KBFJV*B7956JM,8986082219874829940862,8657190843049958,北京+韩雪 0304
7GO56KBFJV*C7662KM,8986082956857870255933,8657190831004453,北京 韩雪 0304
7GO56KBFJV*E7264LM,8986082097314738893848,8657190837854202,北京-韩雪 0304
7GO56KBFJV*C7349MM,8986082532706199765521,8657190803605629,北京 韩雪 0304
7GO56KBFJV*C7769NM,8986082910798849507845,8657190861174096,北京 韩雪 0304
7GO56KBFJV*E7599OM,8986082262616557123113,8657190829424204,北京-韩雪 0304
7GO56KBFJV*E7405PM,8986082220510793961833,8657190821897975,北京-韩雪 0304
7GO56KBFJV*D7424QM,8986082039233523415251,8657190891759778,北京 韩雪 0304
7GO56KBFJV*B7200RM,8986082063781397012912,8657190890892441,北京-韩雪 0304
7GO56KBFJV*C7129SM,8986082098631680959647,8657190850955970,北京-韩雪 0304
7GO56KBFJV*D7274TM,8986082827563741057748,8657190878064515,北京 韩雪 0304
7GO56KBFJV*E7747AM,8986082700520686276937,8657190853968195,四川+杨柳 0401
7GO56KBFJV*E7489BM,8986082482424977434612,8657190836704553,四川+杨柳 0401
7GO56KBFJV*D7172CM,8986082915353627101019,8657190895675720,四川+杨柳 0401
7GO56KBFJV*C7146DM,8986082868470344982170,8657190871361840,四川+杨柳 0401
7GO56KBFJV*E7144EM,8986082546321612660161,8657190837246184,四川 杨柳 0401
7GO56KBFJV*C7685FM,8986082417219695462972,8657190824385566,四川 杨柳 0401
7GO56KBFJV*D7498GM,8986082750130942665996,8657190826629524,四川+杨柳 0401
7GO56KBFJV*D7340HM,8986082861807057161906,8657190814067564,四川 杨柳 0401
7GO56KBFJV*D7307IM,8986082011115307352918,8657190824222888,四川 杨柳 0401
7GO56KBFJV*C7669JM,8986082560755569161193,8657190879154077,四川-杨柳 0401
7GO56KBFJV*C7250KM,8986082992296761733341,8657190800256664,四川-杨柳 0401
7GO56KBFJV*D7269LM,8986082966822283029881,8657190809906872,四川 杨柳 0401
7GO56KBFJV*E7599MM,8986082246435544077422,8657190895499159,四川 杨柳 0401
7GO56KBFJV*D7900NM,8986082635283164751606,8657190842056121,四川-杨柳 0401
7GO56KBFJV*D7536OM,8986082142910869046334,8657190822184326,四川 杨柳 0401
7GO56KBFJV*B7904PM,8986082797448752899516,8657190879023849,四川-杨柳 0401
7GO56KBFJV*D7908QM,8986082691608580721942,8657190817367286,四川 杨柳 0401
7GO56KBFJV*B7889RM,8986082643852661856158,8657190875525640,四川-杨柳 0401
7GO56KBFJV*E7675SM,8986082410203052306697,8657190888220501,四川-杨柳 0401
7GO56KBFJV*C7550TM,8986082713401504338017,8657190899168168,四川+杨柳 0401
7GO56KBFJV*E7897UM,8986082998101227385443,8657190851415743,四川 杨柳 0401
7GO56KBFJV*D7503VM,8986082939270352697544,8657190829765741,四川+杨柳 0401
7GO56KBFJV*D7347WM,8986082759990008428959,8657190872605609,四川+杨柳 0401
7GO56KBFJV*D7157XM,8986082701614868267224,8657190815451246,四川 杨柳 0401
7GO56KBFJV*E7630ZM,8986082840050998279714,8657190801917776,四川+杨柳 0401
7GO56KBFJV*D7529AM,8986082195226719270181,8657190802095561,四川-杨柳 0401
7GO56KBFJV*E7774BM,8986082496509452629324,8657190885853677,四川-杨柳 0401
7GO56KBFJV*B7669CM,8986082236072642505095,8657190873852290,四川-杨柳 0401
7GO56KBFJV*D7985DM,8986082148641937631168,8657190886814386,四川 杨柳 0401
7GO56KBFJV*D7422EM,8986082620553744236559,8657190830204449,四川+杨柳 0401
7GO56KBFJV*B7570FM,8986082271913520673075,8657190896308723,四川 杨柳 0401
7GO56KBFJV*D7684GM,8986082112347159904395,8657190844250530,四川+杨柳 0401
7GO56KBFJV*D7334HM,8986082364601909583267,8657190826911357,四川 杨柳 0401
7GO56KBFJV*E7468IM,8986082953856998446631,8657190857546711,四川-杨柳 0401
7GO56KBFJV*E7621JM,8986082724894356337637,8657190882921430,四川+杨柳 0401
7GO56KBFJV*D7536KM,8986082340068914750034,8657190881033847,四川-杨柳 0401
7GO56KBFJV*E7140LM,8986082366521438257262,8657190821859659,四川 杨柳 0401
7GO56KBFJV*C7863MM,8986082093424460508900,8657190887384078,四川-杨柳 0401
7GO56KBFJV*D7810NM,8986082678399673177910,8657190801819349,四川+杨柳 0401
7GO56KBFJV*E7174OM,8986082943311171516746,8657190814923525,四川-杨柳 0401
7GO56KBFJV*D7688PM,8986082170582992882531,8657190840076411,四川-杨柳 0401
7GO56KBFJV*E7811QM,8986082365917689150826,8657190889239690,四川+杨柳 0401
7GO56KBFJV*B7368RM,8986082955119520732707,8657190862265137,四川+杨柳 0401
7GO56KBFJV*B7240SM,8986082075604274890908,8657190804441002,四川-杨柳 0401
7GO56KBFJV*D7406TM,8986082163473110732840,8657190893276684,四川 杨柳 0401
7GO56KBFJV*B7576UM,8986082982547357779658,8657190880860403,四川+杨柳 0401
7GO56KBFJV*B7803VM,8986082934213547226378,8657190834732277,四川+杨柳 0401
7GO56KBFJV*B7173WM,8986082292499206328560,8657190851096072,四川+杨柳 0401
7GO56KBFJV*D7881XM,8986082058588054079842,8657190853531143,四川-杨柳 0401
7GO56KBFJV*E7443YM,8986082347295430281446,8657190811803681,四川 杨柳 0401
7GO56KBFJV*B7381ZM,8986082646109238421055,8657190872120462,四川 杨柳 0401
7GO56KBFJV*E7304AM,8986082699628749318439,8657190863969365,四川-杨柳 0401
7GO56KBFJV*C7750BM,8986082024535127666158,8657190815464030,四川 杨柳 0401
7GO56KBFJV*D7890CM,8986082380986157631350,8657190847414001,四川-杨柳 0401
7GO56KBFJV*C7757DM,8986082171813380069402,8657190831451908,四川-杨柳 0401
7GO56KBFJV*D7918FM,8986082290197629287538,8657190840055836,四川-杨柳 0401
7GO56KBFJV*D7470GM,8986082611912495421380,8657190836482815,四川 杨柳 0401
7GO56KBFJV*E7808HM,8986082151510899726787,8657190884528653,四川-杨柳 0401
7GO56KBFJV*B7281IM,8986082144300944434178,8657190822818042,四川+杨柳 0401
7GO56KBFJV*B7850JM,8986082889147284062389,8657190891293654,四川-杨柳 0401
7GO56KBFJV*E7632KM,8986082659691138731944,8657190866022824,四川+杨柳 0401
7GO56KBFJV*D7640LM,8986082887711066170701,8657190862991656,四川 杨柳 0401
7GO56KBFJV*D7481MM,8986082983000645442743,8657190836305588,四川+杨柳 0401
7GO56KBFJV*C7826NM,8986082638721344338506,8657190853342815,四川+杨柳 0401
7GO56KBFJV*B7199OM,8986082373164039619920,8657190883243994,四川 杨柳 0401
7GO56KBFJV*D7711PM,8986082848322948236433,8657190851920824,四川-杨柳 0401
7GO56KBFJV*E7558QM,8986082473702962923453,8657190877516812,四川 杨柳 0401
7GO56KBFJV*C7584RM,8986082976665270364682,8657190885454145,四川+杨柳 0401
7GO56KBFJV*E7731SM,8986082286936965767375,8657190849070087,四川 杨柳 0401
7GO56KBFJV*D7835TM,8986082866611410183201,8657190816885696,四川+杨柳 0401
7GO56KBFJV*B7150UM,8986082736205106514818,8657190816265769,四川-杨柳 0401
7GO56KBFJV*C7202VM,8986082600548261584022,8657190808275238,四川-杨柳 0401
7GO56KBFJV*E7507WM,8986082965827590112338,8657190824711337,四川+杨柳 0401
7GO56KBFJV*E7191XM,8986082189750318162795,8657190897044252,四川+杨柳 0401
7GO56KBFJV*D7514YM,8986082718557475373432,8657190822306517,四川+杨柳 0401
7GO56KBFJV*E7214ZM,8986082678721991317020,8657190804554976,四川+杨柳 0401
7GO56KBFJV*D7956AM,8986082433423739572678,8657190882027025,四川 杨柳 0401
7GO56KBFJV*C7131BM,8986082355727902347877,8657190867301186,四川 杨柳 0401
7GO56KBFJV*C7124CM,8986082020288768074269,8657190802118443,四川+杨柳 0401
7GO56KBFJV*C7891DM,8986082422006958977817,8657190807044688,四川-杨柳 0401
7GO56KBFJV*B7785EM,8986082755606628785127,8657190845787556,四川+杨柳 0401
7GO56KBFJV*B7165FM,8986082906550011768682,8657190875808315,四川 杨柳 0401
7GO56KBFJV*C7414GM,8986082721222704327021,8657190861004080,四川 杨柳 0401
7GO56KBFJV*C7856HM,8986082577199907181063,8657190819745205,四川-杨柳 0401
7GO56KBFJV*E7953IM,8986082654696419183747,8657190850968075,四川+杨柳 0401
7GO56KBFJV*D7706JM,8986082623045831888593,8657190899825303,四川 杨柳 0401
7GO56KBFJV*D7773KM,8986082949910220545493,8657190818521215,四川+杨柳 0401
7GO56KBFJV*C7799LM,8986082904402251884467,8657190883889851,四川-杨柳 0401
7GO56KBFJV*B7370MM,8986082002827517758864,8657190824229082,四川+杨柳 0401
7GO56KBFJV*B7612AM,8986082169208119507820,8657190858229208,四川 何佳 0402
7GO56KBFJV*C7813BM,8986082578373688053524,8657190886815089,四川 何佳 0402
7GO56KBFJV*D7505CM,8986082356852111275520,8657190844064075,四川 何佳 0402
7GO56KBFJV*C7894DM,8986082198365203626492,8657190843895116,四川-何佳 0402
7GO56KBFJV*B7756EM,8986082603183553615929,8657190854947789,四川-何佳 0402
7GO56KBFJV*B7743FM,8986082567141658723282,8657190824516478,四川+何佳 0402
7GO56KBFJV*C7105GM,8986082388874788170265,8657190835986522,四川 何佳 0402
7GO56KBFJV*E7311HM,8986082129109016060603,8657190894718923,四川 何佳 0402
7GO56KBFJV*D7339IM,8986082933279980585550,8657190832408657,四川-何佳 0402
7GO56KBFJV*C7910JM,8986082814323138829775,8657190812812110,四川 何佳 0402
7GO56KBFJV*D7344KM,8986082819213562502715,8657190856778772,四川 何佳 0402
7GO56KBFJV*C7585LM,8986082268905640897902,8657190882010242,四川-何佳 0402
7GO56KBFJV*D7548MM,8986082174173773259183,8657190896904217,四川 何佳 0402
7GO56KBFJV*C7733NM,8986082841676107974343,8657190838669041,四川+何佳 0402
7GO56KBFJV*E7951OM,8986082622739412246095,8657190882789310,四川+何佳 0402
7GO56KBFJV*E7467PM,8986082694466343145218,8657190858767629,四川 何佳 0402
7GO56KBFJV*E7386QM,8986082479368338727484,8657190805661440,四川-何佳 0402
7GO56KBFJV*B7697RM,8986082032717474320241,8657190873894759,四川 何佳 0402
7GO56KBFJV*B7812SM,8986082441824972045922,8657190877505763,四川-何佳 0402
7GO56KBFJV*C7737TM,8986082119577168543693,8657190868623858,四川+何佳 0402
7GO56KBFJV*B7735UM,8986082262775583980889,8657190876048139,四川-何佳 0402
7GO56KBFJV*C7762VM,8986082847446381207432,8657190862792500,四川-何佳 0402
7GO56KBFJV*C7912WM,8986082518840489675491,8657190840401619,四川+何佳 0402
7GO56KBFJV*C7274XM,8986082913849406344149,8657190882282719,四川 何佳 0402
7GO56KBFJV*D7125YM,8986082671354753481235,8657190820684792,四川+何佳 0402
7GO56KBFJV*B7870ZM,8986082648331945245804,8657190854819004,四川-何佳 0402
7GO56KBFJV*E7511AM,8986082360109647212316,8657190819964617,四川+何佳 0402
7GO56KBFJV*C7469BM,8986082288518542160737,8657190854890584,四川 何佳 0402
7GO56KBFJV*E7479CM,8986082640777068428599,8657190852068057,四川 何佳 0402
7GO56KBFJV*B7665DM,8986082528025462449097,8657190884391164,四川-何佳 0402
7GO56KBFJV*B7444EM,8986082167375837218492,8657190874742582,四川+何佳 0402
7GO56KBFJV*D7783FM,8986082916967663378798,8657190890985351,四川 何佳 0402
7GO56KBFJV*C7328GM,8986082240288026338270,8657190861809812,四川+何佳 0402
7GO56KBFJV*E7686HM,8986082924631226207952,8657190881205982,四川+何佳 0402
7GO56KBFJV*C7493IM,8986082179898899565150,8657190810280670,四川 何佳 0402
7GO56KBFJV*E7116JM,8986082461451215866953,8657190854719094,四川-何佳 0402
7GO56KBFJV*C7847KM,8986082754487971899689,8657190871108723,四川+何佳 0402
7GO56KBFJV*D7491LM,8986082845341219115802,8657190885662638,四川-何佳 0402
7GO56KBFJV*D7144MM,8986082832535896605355,8657190855656883,四川-何佳 0402
7GO56KBFJV*B7505NM,8986082075953336155097,8657190844095021,四川 何佳 0402
7GO56KBFJV*C7311OM,8986082239435535179651,8657190823913752,四川 何佳 0402
7GO56KBFJV*B7411PM,8986082744106177932653,8657190812406080,四川+何佳 0402
7GO56KBFJV*B7555RM,8986082599982633230102,8657190895484433,四川 何佳 0402
7GO56KBFJV*C7491SM,8986082271550530555649,8657190807394977,四川-何佳 0402
7GO56KBFJV*C7736TM,8986082174709723087276,8657190868463748,四川+何佳 0402
7GO56KBFJV*C7355UM,8986082428711023035664,8657190835992397,四川-何佳 0402
7GO56KBFJV*D7782VM,8986082539870227607503,8657190830440701,四川+何佳 0402
7GO56KBFJV*D7249WM,8986082643480428014336,8657190893702772,四川-何佳 0402
7GO56KBFJV*E7485XM,8986082377479171243615,8657190844971719,四川+何佳 0402
7GO56KBFJV*D7954YM,8986082768466298038451,8657190844009549,四川+何佳 0402
7GO56KBFJV*D7910ZM,8986082539508209331867,8657190878013175,四川 何佳 0402
7GO56KBFJV*E7613AM,8986082474419310761194,8657190876085331,四川+何佳 0402
7GO56KBFJV*D7401BM,8986082839193554736328,8657190830230703,四川-何佳 0402
7GO56KBFJV*C7637DM,8986082806698858841793,8657190827698702,四川+何佳 0402
7GO56KBFJV*C7486EM,8986082367214202194723,8657190837813350,四川-何佳 0402
7GO56KBFJV*B7710FM,8986082930444079456688,8657190826249715,四川 何佳 0402
7GO56KBFJV*C7608GM,8986082215668387812335,8657190895284232,四川 何佳 0402
7GO56KBFJV*B7783HM,8986082351345998771834,8657190849965341,四川+何佳 0402
7GO56KBFJV*C7908IM,8986082687845077262753,8657190846392817,四川+何佳 0402
7GO56KBFJV*E7464JM,8986082925169678183982,8657190824101371,四川 何佳 0402
7GO56KBFJV*E7735KM,8986082991775892819915,8657190871159780,四川-何佳 0402
7GO56KBFJV*E7261LM,8986082413403780185977,8657190823072063,四川+何佳 0402
7GO56KBFJV*E7755MM,8986082639590236548311,8657190817079369,四川 何佳 0402
7GO56KBFJV*B7918OM,8986082431941033288657,8657190867445684,四川-何佳 0402
7GO56KBFJV*C7271PM,8986082719858612060532,8657190854125637,四川 何佳 0402
7GO56KBFJV*C7366QM,8986082639463237643438,8657190861292960,四川 何佳 0402
7GO56KBFJV*E7929RM,8986082301838505166830,8657190812526626,四川+何佳 0402
7GO56KBFJV*E7781SM,8986082886090190557120,8657190858349115,四川-何佳 0402
7GO56KBFJV*B7816TM,8986082283095856712182,8657190880749036,四川 何佳 0402
7GO56KBFJV*C7237UM,8986082058725019183521,8657190801423035,四川+何佳 0402
7GO56KBFJV*B7665VM,8986082484559125381298,8657190863023753,四川+何佳 0402
7GO56KBFJV*E7845WM,8986082188710245758988,8657190804962077,四川-何佳 0402
7GO56KBFJV*E7194XM,8986082361417074050217,8657190895321558,四川-何佳 0402
7GO56KBFJV*B7900YM,8986082389675108051541,8657190844297385,四川 何佳 0402
7GO56KBFJV*E7616ZM,8986082870746441440853,8657190838760933,四川+何佳 0402
7GO56KBFJV*C7225AM,8986082846263673212203,8657190855330566,四川+何佳 0402
7GO56KBFJV*E7198BM,8986082986230667746307,8657190868344425,四川 何佳 0402
7GO56KBFJV*B7862CM,8986082442125870997195,8657190884725905,四川+何佳 0402
7GO56KBFJV*D7794DM,8986082636700221625173,8657190890861679,四川-何佳 0402
7GO56KBFJV*C7427EM,8986082188912396299605,8657190833651226,四川 何佳 0402
7GO56KBFJV*D7216FM,8986082229973211423445,8657190819847739,四川-何佳 0402
7GO56KBFJV*B7614GM,8986082561877449325950,8657190822452328,四川+何佳 0402
7GO56KBFJV*E7502HM,8986082557125328900651,8657190865779003,四川-何佳 0402
7GO56KBFJV*D7558IM,8986082812417080189797,8657190894204357,四川-何佳 0402
7GO56KBFJV*B7624JM,8986082806920855580215,8657190838982486,四川+何佳 0402
7GO56KBFJV*C7443KM,8986082187451815952830,8657190846360485,四川 何佳 0402
7GO56KBFJV*B7825LM,8986082319254774957173,8657190882562898,四川+何佳 0402
7GO56KBFJV*C7324MM,8986082907206812637899,8657190868850005,四川+何佳 0402
7GO56KBFJV*B7599NM,8986082655723386446726,8657190819702983,四川-何佳 0402
7GO56KBFJV*E7858OM,8986082115749304795590,8657190811253258,四川 何佳 0402
7GO56KBFJV*D7158PM,8986082099830252289798,8657190893480209,四川 何佳 0402
7GO56KBFJV*D7236QM,8986082102634172011115,8657190821092805,四川 何佳 0402
7GO56KBFJV*D7574RM,8986082452179107246304,8657190824952869,四川+何佳 0402
7GO56KBFJV*D7646SM,8986082323663312402482,8657190895540869,四川-何佳 0402
7GO56KBFJV*D7855TM,8986082178083173461995,8657190804553368,四川 何佳 0402
7GO56KBFJV*C7717UM,8986082320824505932338,8657190823043661,四川-何佳 0402
7GO56KBFJV*C7703VM,8986082322532081225069,8657190863313504,四川-何佳 0402
7GO56KBFJV*C7417WM,8986082648334170361981,8657190866701001,四川 何佳 0402
7GO56KBFJV*B7322XM,8986082549990044968054,8657190874098955,四川+何佳 0402
7GO56KBFJV*C7190YM,8986082405256476082315,8657190829554282,四川-何佳 0402
7GO56KBFJV*C7977ZM,8986082497083295510280,8657190809635938,四川-何佳 0402
7GO56KBFJV*C7619AM,8986082363005894638334,8657190822470270,四川+何佳 0402
7GO56KBFJV*B7154BM,8986082618862352953411,8657190832479074,四川-何佳 0402
7GO56KBFJV*E7452CM,8986082384913500780020,8657190878430991,四川 何佳 0402
7GO56KBFJV*D7877DM,8986082442073209172960,8657190872689478,四川 何佳 0402
7GO56KBFJV*B7307EM,8986082410497657566325,8657190884503935,四川+何佳 0402
7GO56KBFJV*C7300FM,8986082865085789574246,8657190829932634,四川 何佳 0402
7GO56KBFJV*E7971GM,8986082310093879608595,8657190814954069,四川+何佳 0402
7GO56KBFJV*C7342HM,8986082912571757300460,8657190880721481,四川 何佳 0402
7GO56KBFJV*B7399IM,8986082012397697819726,8657190804625340,四川-何佳 0402
7GO56KBFJV*B7530JM,8986082398369715202018,8657190834881669,四川 何佳 0402
7GO56KBFJV*D7438KM,8986082204802285038032,8657190878667094,四川 何佳 0402
7GO56KBFJV*E7809LM,8986082160645535015496,8657190855042564,四川-何佳 0402
7GO56KBFJV*B7533MM,8986082840584853750998,8657190815420839,四川 何佳 0402
7GO56KBFJV*B7782NM,8986082305531503789515,8657190807128844,四川+何佳 0402
7GO56KBFJV*E7685OM,8986082301997213166530,8657190828684049,四川-何佳 0402
7GO56KBFJV*B7740PM,8986082178915496905973,8657190882588749,四川+何佳 0402
7GO56KBFJV*C7457QM,8986082759341875314419,8657190844986352,四川+何佳 0402
7GO56KBFJV*C7567RM,8986082327376057275121,8657190848254124,四川 何佳 0402
7GO56KBFJV*B7698SM,8986082949946702911795,8657190812497058,四川-何佳 0402
7GO56KBFJV*B7982TM,8986082068312209621024,8657190862059377,四川+何佳 0402
7GO56KBFJV*E7124UM,8986082751889071918768,8657190897308596,四川 何佳 0402
7GO56KBFJV*E7630VM,8986082355456744511739,8657190813324997,四川-何佳 0402
7GO56KBFJV*C7496AM,8986082385899479200681,8657190867981603,四川 马腾 0403
7GO56KBFJV*B7123BM,8986082586917054713038,8657190891213926,四川-马腾 0403
7GO56KBFJV*E7392CM,8986082153191294786085,8657190809330497,四川-马腾 0403
7GO56KBFJV*B7690DM,8986082666168010245024,8657190833154188,四川-马腾 0403
7GO56KBFJV*C7573EM,8986082177144865116774,8657190880089731,四川+马腾 0403
7GO56KBFJV*D7327FM,8986082678733924800702,8657190839357653,四川-马腾 0403
7GO56KBFJV*E7464GM,8986082434398972719779,8657190892311923,四川 马腾 0403
7GO56KBFJV*C7993HM,8986082672613025368357,8657190891374050,四川+马腾 0403
7GO56KBFJV*E7522IM,8986082365039220039509,8657190823932421,四川 马腾 0403
7GO56KBFJV*D7279JM,8986082918655017178393,8657190869379061,四川-马腾 0403
7GO56KBFJV*D7430KM,8986082928106725613538,8657190828715863,四川-马腾 0403
7GO56KBFJV*B7995LM,8986082088844114413572,8657190802353406,四川+马腾 0403
7GO56KBFJV*B7307MM,8986082880783263381263,8657190813592708,四川-马腾 0403
7GO56KBFJV*E7845NM,8986082113925242290212,8657190863269928,四川-马腾 0403
7GO56KBFJV*B7613OM,8986082006353352479831,8657190886740342,四川 马腾 0403
7GO56KBFJV*B7592PM,8986082859639244097776,8657190832534100,四川+马腾 0403
7GO56KBFJV*D7722QM,8986082878228957178134,8657190877321624,四川+马腾 0403
7GO56KBFJV*E7387RM,8986082523596518218745,8657190825528960,四川 马腾 0403
7GO56KBFJV*C7993SM,8986082451655465627846,8657190888668558,四川-马腾 0403
7GO56KBFJV*C7586TM,8986082553581629288417,8657190830665173,四川-马腾 0403
7GO56KBFJV*E7582UM,8986082105980774659053,8657190841556569,四川+马腾 0403
7GO56KBFJV*E7220VM,8986082650360159511899,8657190876343472,四川-马腾 0403
7GO56KBFJV*B7972WM,8986082574301876107171,8657190892831276,四川 马腾 0403
7GO56KBFJV*E7734XM,8986082607964121035183,8657190809968973,四川+马腾 0403
7GO56KBFJV*C7726YM,8986082471672533210297,8657190841771668,四川 马腾 0403
7GO56KBFJV*E7558ZM,8986082266648422000979,8657190838715383,四川-马腾 0403
7GO56KBFJV*C7172AM,8986082866825348062395,8657190860358635,四川+马腾 0403
7GO56KBFJV*D7331BM,8986082906451563112408,8657190807895848,四川-马腾 0403
7GO56KBFJV*B7588CM,8986082056643896026286,8657190860137913,四川-马腾 0403
7GO56KBFJV*D7286DM,8986082820148703020562,8657190831763683,四川+马腾 0403
7GO56KBFJV*C7873EM,8986082923785469798493,8657190880883003,四川+马腾 0403
7GO56KBFJV*E7396FM,8986082005170602240255,8657190871247843,四川 马腾 0403
7GO56KBFJV*D7260GM,8986082160222591758352,8657190891229667,四川 马腾 0403
7GO56KBFJV*D7517HM,8986082099927584988646,8657190845165228,四川 马腾 0403
7GO56KBFJV*D7731IM,8986082246348257717084,8657190887689099,四川 马腾 0403
7GO56KBFJV*E7113JM,8986082895489009560625,8657190810456272,四川+马腾 0403
7GO56KBFJV*C7457KM,8986082419906390536748,8657190859030818,四川+马腾 0403
7GO56KBFJV*B7107LM,8986082557696273441539,8657190879607535,四川+马腾 0403
7GO56KBFJV*B7838MM,8986082924898597294001,8657190886146852,四川 马腾 0403
7GO56KBFJV*D7217NM,8986082630226494815789,8657190859191770,四川-马腾 0403
7GO56KBFJV*B7431OM,8986082679856690124459,8657190842885389,四川+马腾 0403
7GO56KBFJV*C7660PM,8986082627415311489846,8657190863664258,四川 马腾 0403
7GO56KBFJV*D7274QM,8986082336286694559968,8657190890087102,四川+马腾 0403
7GO56KBFJV*B7589RM,8986082692674872428379,8657190828424673,四川-马腾 0403
7GO56KBFJV*B7598SM,8986082002528471708608,8657190870874977,四川 马腾 0403
7GO56KBFJV*B7742TM,8986082455082942956813,8657190857992685,四川-马腾 0403
7GO56KBFJV*B7191UM,8986082770357576344811,8657190847934454,四川 马腾 0403
7GO56KBFJV*E7617VM,8986082267489726320265,8657190877250006,四川+马腾 0403
7GO56KBFJV*E7999WM,8986082139562778237056,8657190812240809,四川 马腾 0403
7GO56KBFJV*B7686XM,8986082350352164143136,8657190855589837,四川-马腾 0403
7GO56KBFJV*B7281YM,8986082327678999610811,8657190877672406,四川+马腾 0403
7GO56KBFJV*C7765ZM,8986082195476927447662,8657190815830176,四川-马腾 0403
7GO56KBFJV*B7297AM,8986082422099958231983,8657190896215992,四川+马腾 0403
7GO56KBFJV*E7854BM,8986082233782792308911,8657190862129846,四川+马腾 0403
7GO56KBFJV*C7860CM,8986082997367180505275,8657190852206056,四川+马腾 0403
7GO56KBFJV*E7941DM,8986082918855497652239,8657190889492955,四川-马腾 0403
7GO56KBFJV*E7597EM,8986082684044024296959,8657190872269564,四川+马腾 0403
7GO56KBFJV*B7379GM,8986082022889345817912,8657190860604983,四川+马腾 0403
7GO56KBFJV*D7277IM,8986082177906248259576,8657190870124349,四川-马腾 0403
7GO56KBFJV*C7914JM,8986082460056996049674,8657190824922074,四川-马腾 0403
7GO56KBFJV*D7445KM,8986082719828928207794,8657190829609370,四川+马腾 0403
7GO56KBFJV*E7227LM,8986082803538392049579,8657190845549320,四川 马腾 0403
7GO56KBFJV*B7192MM,8986082535437075247719,8657190886103971,四川+马腾 0403
7GO56KBFJV*B7704NM,8986082215746272241784,8657190851942431,四川 马腾 0403
7GO56KBFJV*E7289OM,8986082497528660024567,8657190832712264,四川 马腾 0403
7GO56KBFJV*B7377PM,8986082627959031258931,8657190854797500,四川+马腾 0403
7GO56KBFJV*B7924QM,8986082096555340644634,8657190825745937,四川 马腾 0403
7GO56KBFJV*E7695RM,8986082508465510675292,8657190800918251,四川 马腾 0403
7GO56KBFJV*D7909SM,8986082677232236171993,8657190836455655,四川+马腾 0403
7GO56KBFJV*D7691TM,8986082341055139680217,8657190815572781,四川-马腾 0403
7GO56KBFJV*C7648UM,8986082520756445824819,8657190801835593,四川+马腾 0403
7GO56KBFJV*C7288VM,8986082140196288480336,8657190849185830,四川 马腾 0403
7GO56KBFJV*C7279WM,8986082780671182752680,8657190836425407,四川-马腾 0403
7GO56KBFJV*D7200XM,8986082318512271730118,8657190819825695,四川 马腾 0403
7GO56KBFJV*B7389YM,8986082943102963060852,8657190810346978,四川 马腾 0403
7GO56KBFJV*B7933AM,8986082440619996951023,8657190896005671,四川-马腾 0403
7GO56KBFJV*C7763BM,8986082652436709336478,8657190849094883,四川-马腾 0403
7GO56KBFJV*B7199CM,8986082235172736406058,8657190859885987,四川+马腾 0403
7GO56KBFJV*C7656DM,8986082722174396303461,8657190872174287,四川 马腾 0403
7GO56KBFJV*C7823EM,8986082409937376811453,8657190822925806,四川-马腾 0403
7GO56KBFJV*E7617FM,8986082511917031643592,8657190805336354,四川-马腾 0403
7GO56KBFJV*C7894GM,8986082630927668767770,8657190833261500,四川-马腾 0403
7GO56KBFJV*D7697HM,8986082221826568924995,8657190897028835,四川-马腾 0403
7GO56KBFJV*E7644IM,8986082632815160997511,8657190818572199,四川-马腾 0403
7GO56KBFJV*E7478JM,8986082883842068825803,8657190824839342,四川+马腾 0403
7GO56KBFJV*D7499KM,8986082999391578317821,8657190838893679,四川-马腾 0403
7GO56KBFJV*D7113LM,8986082323511054556925,8657190841326190,四川-马腾 0403
7GO56KBFJV*C7830MM,8986082595242426491999,8657190847027329,四川 马腾 0403
7GO56KBFJV*B7538NM,8986082686968666353374,8657190805989370,四川-马腾 0403
7GO56KBFJV*C7777OM,8986082125414991447344,8657190890970416,四川+马腾 0403
7GO56KBFJV*C7523PM,8986082340264679640139,8657190869829783,四川-马腾 0403
7GO56KBFJV*C7373QM,8986082650459435059365,8657190805260922,四川+马腾 0403
7GO56KBFJV*D7503RM,8986082790129653516056,8657190836937001,四川 马腾 0403
7GO56KBFJV*E7995SM,8986082335602870336907,8657190833519087,四川+马腾 0403
7GO56KBFJV*D7903TM,8986082505084285745978,8657190817248551,四川 马腾 0403
7GO56KBFJV*C7446UM,8986082678639986379201,8657190873377745,四川-马腾 0403
7GO56KBFJV*D7850VM,8986082644015014520419,8657190895352564,四川 马腾 0403
7GO56KBFJV*B7912WM,8986082168229462318213,8657190847183310,四川 马腾 0403
7GO56KBFJV*E7102XM,8986082316776412473786,8657190803500763,四川 马腾 0403
7GO56KBFJV*E7576YM,8986082329952364071886,8657190842060768,四川 马腾 0403
7GO56KBFJV*C7318ZM,8986082012315490050327,8657190890173501,四川 马腾 0403
7GO56KBFJV*D7933AM,8986082900477500323552,8657190897939947,四川 马腾 0403
7GO56KBFJV*C7730BM,8986082297209972492605,8657190816027331,四川+马腾 0403
7GO56KBFJV*D7748CM,8986082596102807648625,8657190850174057,四川-马腾 0403
7GO56KBFJV*D7747EM,8986082177599394276964,8657190807796853,四川 马腾 0403
7GO56KBFJV*D7356FM,8986082311595204316507,8657190838358780,四川-马腾 0403
7GO56KBFJV*B7493GM,8986082342696797704119,8657190884909376,四川-马腾 0403
7GO56KBFJV*E7445HM,8986082835442809816134,8657190832698227,四川 马腾 0403
7GO56KBFJV*D7167IM,8986082542179798501213,8657190849165272,四川-马腾 0403
7GO56KBFJV*C7231JM,8986082267997711596799,8657190850294412,四川 马腾 0403
7GO56KBFJV*C7636AM,8986082071747815555627,8657190872847059,四川-罗红 0404
7GO56KBFJV*E7388BM,8986082626097775106326,8657190853434254,四川 罗红 0404
7GO56KBFJV*B7419CM,8986082992513087722896,8657190885622509,四川+罗红 0404
7GO56KBFJV*D7243DM,8986082726190464977819,8657190801736501,四川+罗红 0404
7GO56KBFJV*E7261EM,8986082947196783124789,8657190879492989,四川-罗红 0404
7GO56KBFJV*E7155FM,8986082940085993737398,8657190891375649,四川-罗红 0404
7GO56KBFJV*B7962GM,8986082685864107855437,8657190873516422,四川 罗红 0404
7GO56KBFJV*D7158HM,8986082545434811982477,8657190870685800,四川-罗红 0404
7GO56KBFJV*B7654IM,8986082998938507422754,8657190861278499,四川-罗红 0404
7GO56KBFJV*B7865JM,8986082347916458300928,8657190825421531,四川 罗红 0404
7GO56KBFJV*B7183KM,8986082525651513562974,8657190898513615,四川 罗红 0404
7GO56KBFJV*B7841LM,8986082257175176783025,8657190809227323,四川+罗红 0404
7GO56KBFJV*C7402MM,8986082994804716592168,8657190845547769,四川+罗红 0404
7GO56KBFJV*D7953NM,8986082739361822298682,8657190813549119,四川-罗红 0404
7GO56KBFJV*B7397OM,8986082662590579752391,8657190840935760,四川-罗红 0404
7GO56KBFJV*D7135PM,8986082094534842462039,8657190866192342,四川+罗红 0404
7GO56KBFJV*D7138QM,8986082793156409471980,8657190860954196,四川+罗红 0404
7GO56KBFJV*E7252RM,8986082504706544606172,8657190897422655,四川+罗红 0404
7GO56KBFJV*E7964SM,8986082740521855158943,8657190895958660,四川-罗红 0404
7GO56KBFJV*D7810TM,8986082988463827107691,8657190844064654,四川+罗红 0404
7GO56KBFJV*D7830UM,8986082081569527613561,8657190885236173,四川 罗红 0404
7GO56KBFJV*B7816VM,8986082745614124123281,8657190800068920,四川+罗红 0404
7GO56KBFJV*B7944WM,8986082010217683180082,8657190818770906,四川 罗红 0404
7GO56KBFJV*E7219XM,8986082308606888071873,8657190881157905,四川-罗红 0404
7GO56KBFJV*E7921YM,8986082055206062996033,8657190827597340,四川-罗红 0404
7GO56KBFJV*C7912ZM,8986082952901324194973,8657190876963387,四川 罗红 0404
7GO56KBFJV*B7595AM,8986082534938899653513,8657190840944494,四川+罗红 0404
7GO56KBFJV*E7173BM,8986082083927002735580,8657190869504883,四川+罗红 0404
7GO56KBFJV*E7719CM,8986082083243725292527,8657190813428095,四川 罗红 0404
7GO56KBFJV*C7647DM,8986082822763099586446,8657190803696180,四川+罗红 0404
7GO56KBFJV*B7976FM,8986082413574333905081,8657190833157516,四川-罗红 0404
7GO56KBFJV*B7552GM,8986082621098469491467,8657190808328715,四川-罗红 0404
7GO56KBFJV*B7968HM,8986082892057310797778,8657190813308097,四川+罗红 0404
7GO56KBFJV*B7595IM,8986082258158007713191,8657190849765746,四川+罗红 0404
7GO56KBFJV*E7714JM,8986082743845237477268,8657190861318958,四川 罗红 0404
7GO56KBFJV*C7180KM,8986082934906647445555,8657190872430070,四川-罗红 0404
7GO56KBFJV*D7805LM,8986082045568458820519,8657190822085685,四川+罗红 0404
7GO56KBFJV*B7623MM,8986082413472401704510,8657190892738201,四川-罗红 0404
7GO56KBFJV*C7637NM,8986082661540663546020,8657190869130134,四川 罗红 0404
7GO56KBFJV*C7890OM,8986082318105488345017,8657190890082912,四川-罗红 0404
7GO56KBFJV*E7175PM,8986082101674633487612,8657190890905398,四川 罗红 0404
7GO56KBFJV*B7272QM,8986082755471080909062,8657190845826642,四川-罗红 0404
7GO56KBFJV*E7385RM,8986082219319993595496,8657190800780443,四川 罗红 0404
7GO56KBFJV*D7378SM,8986082365528200169997,8657190829910293,四川+罗红 0404
7GO56KBFJV*B7489TM,8986082711666343165214,8657190896053177,四川-罗红 0404
7GO56KBFJV*C7382UM,8986082429705022474765,8657190822073406,四川+罗红 0404
7GO56KBFJV*B7675VM,8986082351020225390131,8657190836043263,四川 罗红 0404
7GO56KBFJV*B7395WM,8986082099087295515811,8657190812670548,四川+罗红 0404
7GO56KBFJV*B7901XM,8986082421196296396239,8657190852181192,四川-罗红 0404
7GO56KBFJV*C7613YM,8986082862713796114348,8657190893266040,四川 罗红 0404
7GO56KBFJV*B7848ZM,8986082777591781185936,8657190831620657,四川 罗红 0404
7GO56KBFJV*B7937AM,8986082071245823273237,8657190866944172,四川-罗红 0404
7GO56KBFJV*C7307BM,8986082439468250919193,8657190821929664,四川-罗红 0404
7GO56KBFJV*E7135CM,8986082318060597231673,8657190813517722,四川+罗红 0404
7GO56KBFJV*C7551DM,8986082160661092898670,8657190875685742,四川-罗红 0404
7GO56KBFJV*B7739EM,8986082642942568349567,8657190859006552,四川+罗红 0404
7GO56KBFJV*D7114FM,8986082829317687161602,8657190890331169,四川 罗红 0404
7GO56KBFJV*B7945GM,8986082053879393878976,8657190816795540,四川 罗红 0404
7GO56KBFJV*B7103HM,8986082201478583915296,8657190828892566,四川+罗红 0404
7GO56KBFJV*C7738IM,8986082738258171006647,8657190886971176,四川+罗红 0404
7GO56KBFJV*B7470JM,8986082704074556261048,8657190846848106,四川-罗红 0404
7GO56KBFJV*D7305KM,8986082077721238108466,8657190834312179,四川-罗红 0404
7GO56KBFJV*B7695LM,8986082698950979978247,8657190800747837,四川-罗红 0404
7GO56KBFJV*C7576MM,8986082186455454087650,8657190858519296,四川-罗红 0404
7GO56KBFJV*E7239NM,8986082291189140169183,8657190887740716,四川-罗红 0404
7GO56KBFJV*B7597OM,8986082231526898652162,8657190845718674,四川 罗红 0404
7GO56KBFJV*D7213PM,8986082618497414869936,8657190844759366,四川+罗红 0404
7GO56KBFJV*C7663QM,8986082949649271784224,8657190851016539,四川+罗红 0404
7GO56KBFJV*B7340RM,8986082461794393040384,8657190834510817,四川+罗红 0404
7GO56KBFJV*B7374SM,8986082107487610312505,8657190833941113,四川+罗红 0404
7GO56KBFJV*D7391TM,8986082254472916608740,8657190831482410,四川+罗红 0404
7GO56KBFJV*B7904UM,8986082332497400539062,8657190834228113,四川-罗红 0404
7GO56KBFJV*C7768VM,8986082203044186022380,8657190808644623,四川-罗红 0404
7GO56KBFJV*B7145WM,8986082352055126663307,8657190846841933,四川-罗红 0404
7GO56KBFJV*B7734XM,8986082979906640425078,8657190804228132,四川+罗红 0404
7GO56KBFJV*B7375YM,8986082617328703940315,8657190853914376,四川 罗红 0404
7GO56KBFJV*D7684ZM,8986082068900759140065,8657190811957049,四川-罗红 0404
7GO56KBFJV*D7723AM,8986082339876115447636,8657190803560303,四川-罗红 0404
7GO56KBFJV*C7440BM,8986082450807856197829,8657190889643431,四川-罗红 0404
7GO56KBFJV*B7721CM,8986082270272350061791,8657190801119693,四川 罗红 0404
7GO56KBFJV*D7169DM,8986082513693860265440,8657190856991529,四川+罗红 0404
7GO56KBFJV*C7270EM,8986082929312083854782,8657190866555627,四川 罗红 0404
7GO56KBFJV*C7117FM,8986082308583715369865,8657190856920450,四川 罗红 0404
7GO56KBFJV*E7524GM,8986082812850758076561,8657190871203890,四川-罗红 0404
7GO56KBFJV*B7575HM,8986082215843674158604,8657190886648299,四川+罗红 0404
7GO56KBFJV*C7545IM,8986082644484265386664,8657190885512718,四川 罗红 0404
7GO56KBFJV*D7690JM,8986082190029615486418,8657190871300881,四川-罗红 0404
7GO56KBFJV*C7553KM,8986082564384139451024,8657190834999667,四川 罗红 0404
7GO56KBFJV*C7764LM,8986082471870936176090,8657190856185985,四川-罗红 0404
7GO56KBFJV*B7323MM,8986082601354808006785,8657190856692633,四川-罗红 0404
7GO56KBFJV*E7659NM,8986082963887014348939,8657190885368797,四川-罗红 0404
7GO56KBFJV*C7319OM,8986082754283273332001,8657190844573944,四川+罗红 0404
7GO56KBFJV*D7635PM,8986082509366378522098,8657190854958984,四川+罗红 0404
7GO56KBFJV*D7362QM,8986082378188108197971,8657190887261730,四川+罗红 0404
7GO56KBFJV*C7958RM,8986082822316083188260,8657190815158154,四川 罗红 0404
7GO56KBFJV*E7131SM,8986082612075677674192,8657190894208197,四川-罗红 0404
7GO56KBFJV*C7175TM,8986082679477076931423,8657190843638400,四川+罗红 0404
7GO56KBFJV*D7395UM,8986082715437932291790,8657190841897602,四川-罗红 0404
7GO56KBFJV*B7975VM,8986082526690185807566,8657190819995209,四川+罗红 0404
7GO56KBFJV*E7562WM,8986082607130699488138,8657190888781150,四川 罗红 0404
7GO56KBFJV*E7676XM,8986082687724937774149,8657190849401302,四川-罗红 0404
7GO56KBFJV*C7516YM,8986082634021918469037,8657190888964127,四川-罗红 0404
7GO56KBFJV*C7951ZM,8986082251814404803391,8657190801754202,四川 罗红 0404
7GO56KBFJV*E7595AM,8986082173697199479135,8657190829604754,四川-罗红 0404
7GO56KBFJV*D7262BM,8986082109180077514391,8657190855247628,四川-罗红 0404
7GO56KBFJV*D7265CM,8986082444209831662090,8657190877174258,四川-罗红 0404
7GO56KBFJV*E7128DM,8986082639100490174632,8657190878050254,四川+罗红 0404
7GO56KBFJV*B7539EM,8986082688302327494098,8657190821149423,四川 罗红 0404
7GO56KBFJV*C7390FM,8986082836243723467206,8657190807300433,四川-罗红 0404
7GO56KBFJV*E7725GM,8986082317642076838444,8657190833271375,四川-罗红 0404
7GO56KBFJV*C7968HM,8986082288742350940114,8657190893745133,四川-罗红 0404
7GO56KBFJV*B7574IM,8986082790360693793266,8657190899682657,四川-罗红 0404
7GO56KBFJV*D7192JM,8986082115402340320800,8657190809177737,四川 罗红 0404
7GO56KBFJV*E7203KM,8986082245957903682367,8657190821441648,四川-罗红 0404
7GO56KBFJV*E7900LM,8986082778701570876031,8657190830837749,四川-罗红 0404
7GO56KBFJV*B7761MM,8986082283385475588069,8657190861071753,四川-罗红 0404
7GO56KBFJV*E7383NM,8986082984851102594513,8657190825797779,四川-罗红 0404
7GO56KBFJV*D7941OM,8986082814870045281716,8657190878000891,四川 罗红 0404
7GO56KBFJV*C7678PM,8986082778603319046861,8657190810465307,四川-罗红 0404
7GO56KBFJV*E7195AM,8986082373165248870235,8657190838860365,四川+高远 0405
7GO56KBFJV*D7710BM,8986082693021887167008,8657190804028149,四川-高远 0405
7GO56KBFJV*E7666CM,8986082694090596906864,8657190812931849,四川-高远 0405
7GO56KBFJV*C7389DM,8986082708002634635696,8657190835262344,四川 高远 0405
7GO56KBFJV*D7313EM,8986082586132969290033,8657190821394822,四川+高远 0405
7GO56KBFJV*D7402FM,8986082075321854379260,8657190856818041,四川-高远 0405
7GO56KBFJV*C7539GM,8986082927797117756878,8657190845448632,四川+高远 0405
7GO56KBFJV*C7745HM,8986082857571512643732,8657190894621327,四川+高远 0405
7GO56KBFJV*E7129IM,8986082910602750322423,8657190841358491,四川 高远 0405
7GO56KBFJV*B7581JM,8986082301636648968357,8657190877948868,四川+高远 0405
7GO56KBFJV*C7852KM,8986082470403086899270,8657190836209118,四川-高远 0405
7GO56KBFJV*C7326LM,8986082116763095834263,8657190871814671,四川-高远 0405
7GO56KBFJV*E7164MM,8986082352329743329835,8657190895785709,四川-高远 0405
7GO56KBFJV*E7800NM,8986082926385267177088,8657190881801871,四川 高远 0405
7GO56KBFJV*E7529OM,8986082197526616662913,8657190886099288,四川 高远 0405
7GO56KBFJV*E7177PM,8986082835078880943908,8657190869318799,四川-高远 0405
7GO56KBFJV*D7892QM,8986082435396991355091,8657190840166881,四川 高远 0405
7GO56KBFJV*C7473RM,8986082190641983001082,8657190849511133,四川 高远 0405
7GO56KBFJV*C7164SM,8986082485564292346496,8657190888848985,四川+高远 0405
7GO56KBFJV*C7518TM,8986082419956780135916,8657190896405343,四川 高远 0405
7GO56KBFJV*D7792UM,8986082230544925515370,8657190855997510,四川 高远 0405
7GO56KBFJV*E7391VM,8986082258438988296793,8657190890080579,四川 高远 0405
7GO56KBFJV*E7989WM,8986082464501817839762,8657190818185842,四川 高远 0405
7GO56KBFJV*E7123XM,8986082265237619734862,8657190899085636,四川 高远 0405
7GO56KBFJV*D7173YM,8986082825825420285329,8657190828094604,四川 高远 0405
7GO56KBFJV*D7734ZM,8986082148356525410626,8657190857382958,四川+高远 0405
7GO56KBFJV*B7511AM,8986082450496687527991,8657190843156161,四川+高远 0405
7GO56KBFJV*D7589BM,8986082688168127924824,8657190884272716,四川-高远 0405
7GO56KBFJV*E7724CM,8986082861617140156173,8657190826920102,四川+高远 0405
7GO56KBFJV*B7927DM,8986082218085189522926,8657190872676591,四川+高远 0405
7GO56KBFJV*D7263EM,8986082434404021236019,8657190831889732,四川-高远 0405
7GO56KBFJV*C7106FM,8986082057672105837017,8657190866529617,四川+高远 0405
7GO56KBFJV*E7551GM,8986082405822160017586,8657190813731568,四川 高远 0405
7GO56KBFJV*E7226HM,8986082274850770718630,8657190866417159,四川-高远 0405
7GO56KBFJV*D7528IM,8986082854027177963233,8657190803280434,四川 高远 0405
7GO56KBFJV*E7358JM,8986082212331563560676,8657190812154021,四川+高远 0405
7GO56KBFJV*B7925KM,8986082914210564761706,8657190839959677,四川+高远 0405
7GO56KBFJV*B7294LM,8986082134159756502825,8657190897567269,四川 高远 0405
7GO56KBFJV*E7824MM,8986082468403621696097,8657190834881887,四川 高远 0405
7GO56KBFJV*C7524NM,8986082787554297250544,8657190808599783,四川 高远 0405
7GO56KBFJV*B7730OM,8986082177813194884284,8657190805994344,四川+高远 0405
7GO56KBFJV*C7465PM,8986082166364348518803,8657190886327247,四川+高远 0405
7GO56KBFJV*C7643QM,8986082484063726821259,8657190821504025,四川+高远 0405
7GO56KBFJV*B7658RM,8986082488557932237608,8657190828720384,四川+高远 0405
7GO56KBFJV*D7989SM,8986082690116221190418,8657190830387776,四川 高远 0405
7GO56KBFJV*C7348TM,8986082926462708568556,8657190855250933,四川-高远 0405
7GO56KBFJV*E7380UM,8986082419110220842190,8657190826866692,四川-高远 0405
7GO56KBFJV*C7300VM,8986082647520240209402,8657190818754748,四川 高远 0405
7GO56KBFJV*E7321WM,8986082057402481342901,8657190811854675,四川-高远 0405
7GO56KBFJV*B7583XM,8986082070739129579637,8657190875566937,四川-高远 0405
7GO56KBFJV*B7472YM,8986082242188905746982,8657190840268914,四川-高远 0405
7GO56KBFJV*D7965ZM,8986082223355450710112,8657190887791754,四川-高远 0405
7GO56KBFJV*B7489AM,8986082519831407163146,8657190823017297,四川-高远 0405
7GO56KBFJV*E7733BM,8986082709204563031761,8657190863394721,四川+高远 0405
7GO56KBFJV*B7533CM,8986082543113861848259,8657190829004135,四川+高远 0405
7GO56KBFJV*C7839DM,8986082003758418232630,8657190811815435,四川 高远 0405
7GO56KBFJV*D7604EM,8986082179454071541512,8657190802461304,四川-高远 0405
7GO56KBFJV*E7966FM,8986082320466714430975,8657190810208615,四川 高远 0405
7GO56KBFJV*B7787GM,8986082349382055814072,8657190830752170,四川 高远 0405
7GO56KBFJV*D7529HM,8986082185252133721674,8657190856120749,四川 高远 0405
7GO56KBFJV*C7290JM,8986082116466186596401,8657190864030817,四川 高远 0405
7GO56KBFJV*D7211KM,8986082883564641151649,8657190871439848,四川 高远 0405
7GO56KBFJV*B7932LM,8986082772647912976485,8657190800814377,四川-高远 0405
7GO56KBFJV*C7607MM,8986082882107231390814,8657190809560269,四川-高远 0405
7GO56KBFJV*D7695NM,8986082027445452609592,8657190834258880,四川-高远 0405
7GO56KBFJV*B7595OM,8986082846977625282103,8657190841967434,四川 高远 0405
7GO56KBFJV*C7225PM,8986082877717151233595,8657190821220887,四川+高远 0405
7GO56KBFJV*E7873QM,8986082774832229893896,8657190805648593,四川-高远 0405
7GO56KBFJV*E7857RM,8986082504367414409304,8657190841086700,四川-高远 0405
7GO56KBFJV*E7466SM,8986082959730222294772,8657190875425919,四川+高远 0405
7GO56KBFJV*D7461TM,8986082947479223839618,8657190876613337,四川+高远 0405
7GO56KBFJV*C7566UM,8986082611160744695570,8657190864361926,四川+高远 0405
7GO56KBFJV*D7191VM,8986082270665808180704,8657190848512963,四川-高远 0405
7GO56KBFJV*E7224WM,8986082137564180500802,8657190864743763,四川-高远 0405
7GO56KBFJV*D7461XM,8986082254204633904462,8657190852231738,四川 高远 0405
7GO56KBFJV*B7279YM,8986082416811319593374,8657190870464801,四川 高远 0405
7GO56KBFJV*B7675ZM,8986082410911400211761,8657190879083854,四川 高远 0405
7GO56KBFJV*D7187AM,8986082638315226741177,8657190813458161,四川-高远 0405
7GO56KBFJV*C7816BM,8986082260952551565357,8657190858426763,四川 高远 0405
7GO56KBFJV*B7848CM,8986082936643138963493,8657190828800965,四川+高远 0405
7GO56KBFJV*E7411DM,8986082101832596756218,8657190874965490,四川 高远 0405
7GO56KBFJV*E7136EM,8986082330684614067707,8657190897766727,四川-高远 0405
7GO56KBFJV*E7809FM,8986082933290794101814,8657190813946668,四川 高远 0405
7GO56KBFJV*C7776GM,8986082422863334173742,8657190855848320,四川-高远 0405
7GO56KBFJV*D7234HM,8986082642961590860777,8657190846986006,四川 高远 0405
7GO56KBFJV*C7498IM,8986082122552926548663,8657190825351078,四川-高远 0405
7GO56KBFJV*B7330JM,8986082187497002293967,8657190838285896,四川 高远 0405
7GO56KBFJV*E7469KM,8986082061903766268280,8657190804975682,四川 高远 0405
7GO56KBFJV*B7490LM,8986082603019849428959,8657190841739145,四川 高远 0405
7GO56KBFJV*B7437NM,8986082459238333869779,8657190836973002,四川-高远 0405
7GO56KBFJV*B7945OM,8986082719056067712444,8657190848832778,四川-高远 0405
7GO56KBFJV*B7478PM,8986082872417913565384,8657190839054839,四川+高远 0405
7GO56KBFJV*E7130QM,8986082715552555936917,8657190863519061,四川+高远 0405
7GO56KBFJV*B7419RM,8986082167611019786265,8657190855582365,四川-高远 0405
7GO56KBFJV*D7765SM,8986082043269456876641,8657190844528129,四川+高远 0405
7GO56KBFJV*D7411TM,8986082930573537868406,8657190827609313,四川+高远 0405
7GO56KBFJV*C7175UM,8986082920613408138004,8657190844363499,四川+高远 0405
7GO56KBFJV*E7394VM,8986082083777937189712,8657190815514982,四川 高远 0405
7GO56KBFJV*E7266WM,8986082652173356792457,8657190823572551,四川 高远 0405
7GO56KBFJV*D7492XM,8986082774867761645436,8657190848007446,四川+高远 0405
7GO56KBFJV*B7322YM,8986082684685949713635,8657190859312522,四川+高远 0405
7GO56KBFJV*E7870ZM,8986082825899321975460,8657190826336328,四川-高远 0405
7GO56KBFJV*E7937AM,8986082392813838915814,8657190854607152,四川 高远 0405
7GO56KBFJV*C7232BM,8986082604092566314975,8657190803240898,四川 高远 0405
7GO56KBFJV*E7342CM,8986082801560342980547,8657190884917598,四川-高远 0405
7GO56KBFJV*C7225DM,8986082057419247299789,8657190884592151,四川-高远 0405
7GO56KBFJV*E7323EM,8986082144688659715511,8657190837263030,四川 高远 0405
7GO56KBFJV*D7319FM,8986082184382784124691,8657190863855185,四川 高远 0405
7GO56KBFJV*E7189GM,8986082895185502543668,8657190824535220,四川 高远 0405
7GO56KBFJV*E7599HM,8986082652687617047732,8657190835822325,四川+高远 0405
7GO56KBFJV*C7285IM,8986082499854425317308,8657190801400687,四川-高远 0405
7GO56KBFJV*C7244JM,8986082709831258011966,8657190816216525,四川+高远 0405
7GO56KBFJV*E7848KM,8986082661395806066176,8657190809036017,四川-高远 0405
7GO56KBFJV*C7432LM,8986082757060318516584,8657190812377203,四川 高远 0405
7GO56KBFJV*B7870MM,8986082368576071849526,8657190874134614,四川+高远 0405
7GO56KBFJV*B7774NM,8986082476746690592784,8657190835715091,四川+高远 0405
7GO56KBFJV*D7787OM,8986082431063124516750,8657190862840286,四川+高远 0405
7GO56KBFJV*E7161PM,8986082578040653818404,8657190843559063,四川 高远 0405
7GO56KBFJV*E7614QM,8986082928989945593887,8657190831145659,四川 高远 0405
7GO56KBFJV*B7841RM,8986082341720370820460,8657190878252426,四川 高远 0405
7GO56KBFJV*B7254SM,8986082594215866657822,8657190818949593,四川-高远 0405
