设备SN,采购时间,激活时间,有效交易订单数(月),有效交易订单实收金额(月),月活用户数,有效天数,7天有效订单,30天有效订单,是否机构
7GO56KBFJV*B7859AM,2026-06-09,,0,0.0,0,0,0,0,否
7GO56KBFJV*B7194BM,2026-05-20,2026-05-28,996,89018.65,99,12,249,846,否
7GO56KBFJV*D7463CM,2026-07-08,2026-07-14,985,94892.46,98,28,246,837,是
7GO56KBFJV*E7505DM,2026-07-30,2026-08-01,735,36797.54,72,8,183,624,否
7GO56KBFJV*B7796EM,2026-06-02,2026-06-11,342,17917.75,60,4,85,290,是
7GO56KBFJV*D7600FM,2026-07-24,2026-07-31,1107,76346.79,84,14,276,940,是
7GO56KBFJV*E7787GM,2026-04-25,2026-04-29,529,24428.03,45,5,132,449,否
7GO56KBFJV*C7196HM,2026-04-25,,0,0.0,0,0,0,0,是
7GO56KBFJV*B7871IM,2026-06-04,2026-06-14,133,3589.92,5,2,33,113,否
7GO56KBFJV*E7614JM,2026-05-28,2026-05-31,1450,38638.43,26,25,362,1232,否
7GO56KBFJV*D7869KM,2026-05-30,2026-06-03,727,42054.29,59,1,181,617,否
7GO56KBFJV*B7209LM,2026-07-12,,0,0.0,0,0,0,0,是
7GO56KBFJV*C7658MM,2026-07-15,2026-07-21,141,6475.61,14,3,35,119,是
7GO56KBFJV*D7901NM,2026-04-15,2026-04-21,174,3966.24,14,1,43,147,是
7GO56KBFJV*D7128OM,2026-06-10,2026-06-22,752,29907.22,37,6,188,639,否
7GO56KBFJV*D7738PM,2026-07-21,2026-08-04,1451,61327.96,37,27,362,1233,否
7GO56KBFJV*E7912QM,2026-04-26,2026-05-08,1635,115105.63,77,25,408,1389,是
7GO56KBFJV*B7868RM,2026-07-17,2026-07-27,229,3194.38,5,3,57,194,是
7GO56KBFJV*E7365SM,2026-06-13,2026-06-19,1080,57061.87,54,28,270,918,是
7GO56KBFJV*B7977TM,2026-07-30,2026-08-05,88,2523.32,10,3,22,74,是
7GO56KBFJV*B7185UM,2026-04-18,,0,0.0,0,0,0,0,是
7GO56KBFJV*C7344VM,2026-05-18,2026-05-29,1613,119201.47,27,28,403,1371,是
7GO56KBFJV*B7915WM,2026-04-04,2026-04-15,1490,108285.11,81,12,372,1266,是
7GO56KBFJV*D7972XM,2026-06-09,,0,0.0,0,0,0,0,是
7GO56KBFJV*E7558YM,2026-05-19,,0,0.0,0,0,0,0,是
7GO56KBFJV*D7202ZM,2026-04-04,2026-04-12,425,23866.67,58,1,106,361,是
7GO56KBFJV*B7255AM,2026-05-02,2026-05-14,533,36384.9,20,26,133,453,否
7GO56KBFJV*B7260BM,2026-07-29,2026-08-10,25,347.68,12,0,6,21,是
7GO56KBFJV*D7549CM,2026-04-12,2026-04-16,69,916.58,15,2,17,58,否
7GO56KBFJV*C7699DM,2026-07-07,2026-07-10,530,26016.91,25,0,132,450,是
7GO56KBFJV*C7630EM,2026-05-29,,0,0.0,0,0,0,0,否
7GO56KBFJV*D7621FM,2026-07-29,2026-07-30,139,6591.66,14,4,34,118,是
7GO56KBFJV*D7440GM,2026-04-24,2026-05-05,595,18139.44,34,18,148,505,否
7GO56KBFJV*B7638HM,2026-04-26,2026-04-28,43,551.94,6,6,10,36,是
7GO56KBFJV*B7544IM,2026-04-26,2026-04-30,131,2106.05,6,0,32,111,否
7GO56KBFJV*D7782JM,2026-07-16,2026-07-27,1687,153967.37,21,27,421,1433,否
7GO56KBFJV*B7720KM,2026-07-29,2026-08-07,770,52673.03,20,30,192,654,是
7GO56KBFJV*C7905LM,2026-04-18,,0,0.0,0,0,0,0,否
7GO56KBFJV*B7565MM,2026-07-24,2026-08-02,1499,128904.26,73,22,374,1274,否
7GO56KBFJV*C7497NM,2026-07-21,2026-07-30,62,2202.12,11,3,15,52,否
7GO56KBFJV*B7968OM,2026-04-06,2026-04-10,1339,128442.36,68,8,334,1138,是
7GO56KBFJV*B7234PM,2026-05-22,2026-05-23,54,1984.39,15,2,13,45,否
7GO56KBFJV*E7802QM,2026-04-22,,0,0.0,0,0,0,0,是
7GO56KBFJV*D7947RM,2026-07-31,2026-08-11,530,20619.65,45,30,132,450,否
7GO56KBFJV*B7394SM,2026-05-07,2026-05-14,770,44283.35,48,1,192,654,是
7GO56KBFJV*D7459TM,2026-07-09,2026-07-12,557,30433.47,71,7,139,473,否
7GO56KBFJV*E7379UM,2026-04-24,2026-04-27,615,17119.12,58,3,153,522,否
7GO56KBFJV*D7173VM,2026-05-08,,0,0.0,0,0,0,0,否
7GO56KBFJV*D7326WM,2026-04-03,2026-04-13,341,6895.47,24,1,85,289,是
7GO56KBFJV*D7984XM,2026-05-04,2026-05-18,1478,71177.22,46,21,369,1256,否
7GO56KBFJV*C7429YM,2026-05-06,2026-05-20,797,47469.22,53,6,199,677,否
7GO56KBFJV*E7390ZM,2026-04-19,,0,0.0,0,0,0,0,是
7GO56KBFJV*E7620AM,2026-06-29,,0,0.0,0,0,0,0,是
7GO56KBFJV*E7144BM,2026-07-24,2026-07-28,54,980.52,17,1,13,45,是
7GO56KBFJV*B7756CM,2026-05-16,,0,0.0,0,0,0,0,是
7GO56KBFJV*D7910DM,2026-04-08,2026-04-09,235,7745.21,5,3,58,199,是
7GO56KBFJV*B7747EM,2026-05-01,,0,0.0,0,0,0,0,是
7GO56KBFJV*B7890FM,2026-06-14,2026-06-27,628,13554.37,31,0,157,533,否
7GO56KBFJV*C7392GM,2026-07-23,2026-08-01,91,2887.43,12,0,22,77,否
7GO56KBFJV*D7413HM,2026-07-14,,0,0.0,0,0,0,0,是
7GO56KBFJV*D7470IM,2026-07-17,2026-07-18,454,22521.44,34,1,113,385,否
7GO56KBFJV*C7225JM,2026-05-16,2026-05-28,124,1938.22,13,0,31,105,否
7GO56KBFJV*D7578KM,2026-04-30,2026-05-10,966,54706.54,28,14,241,821,否
7GO56KBFJV*B7630LM,2026-06-02,2026-06-04,140,2158.56,2,4,35,119,否
7GO56KBFJV*B7146MM,2026-04-16,,0,0.0,0,0,0,0,是
7GO56KBFJV*E7233NM,2026-05-17,2026-05-19,935,78182.57,24,14,233,794,否
7GO56KBFJV*E7346OM,2026-05-15,,0,0.0,0,0,0,0,否
7GO56KBFJV*B7231PM,2026-07-20,2026-07-22,663,41925.71,32,3,165,563,否
7GO56KBFJV*E7825AM,2026-04-24,2026-05-07,202,7354.59,17,4,50,171,否
7GO56KBFJV*B7686BM,2026-04-29,2026-05-12,139,1624.33,10,1,34,118,是
7GO56KBFJV*D7724CM,2026-05-21,,0,0.0,0,0,0,0,是
7GO56KBFJV*B7454DM,2026-06-10,2026-06-20,490,45252.92,75,18,122,416,否
7GO56KBFJV*E7588EM,2026-06-01,2026-06-09,213,9991.78,4,4,53,181,是
7GO56KBFJV*B7443FM,2026-05-17,2026-05-26,1422,127114.67,70,24,355,1208,否
7GO56KBFJV*B7289GM,2026-05-14,,0,0.0,0,0,0,0,否
7GO56KBFJV*C7324HM,2026-07-26,2026-08-04,147,5327.16,17,3,36,124,是
7GO56KBFJV*D7974IM,2026-06-20,2026-07-01,1086,34432.51,75,15,271,923,否
7GO56KBFJV*E7132JM,2026-04-24,2026-05-05,510,21366.88,27,3,127,433,否
7GO56KBFJV*E7789KM,2026-05-14,,0,0.0,0,0,0,0,否
7GO56KBFJV*C7872LM,2026-04-11,2026-04-22,71,1302.44,17,4,17,60,是
7GO56KBFJV*E7904MM,2026-05-16,2026-05-20,224,4928.97,8,3,56,190,否
7GO56KBFJV*D7486NM,2026-04-08,2026-04-09,783,39077.13,38,5,195,665,否
7GO56KBFJV*E7646OM,2026-06-02,2026-06-05,429,13964.05,63,7,107,364,否
7GO56KBFJV*D7363PM,2026-07-30,2026-08-08,333,7176.82,26,2,83,283,是
7GO56KBFJV*E7482QM,2026-04-19,2026-05-02,91,2080.33,16,4,22,77,是
7GO56KBFJV*B7482RM,2026-06-23,,0,0.0,0,0,0,0,是
7GO56KBFJV*C7988SM,2026-05-09,2026-05-14,1093,103944.67,63,17,273,929,是
7GO56KBFJV*C7909TM,2026-07-23,2026-07-30,36,1785.85,13,0,9,30,是
7GO56KBFJV*B7184UM,2026-07-24,2026-07-30,182,6985.66,5,4,45,154,是
7GO56KBFJV*C7685VM,2026-06-11,2026-06-21,735,24044.17,29,5,183,624,否
7GO56KBFJV*C7407WM,2026-05-26,2026-06-02,489,18309.81,57,4,122,415,是
7GO56KBFJV*D7951XM,2026-05-31,2026-06-02,1015,68187.47,41,21,253,862,是
7GO56KBFJV*B7887YM,2026-06-19,2026-06-28,878,53993.31,65,10,219,746,否
7GO56KBFJV*B7402ZM,2026-06-09,,0,0.0,0,0,0,0,是
7GO56KBFJV*D7673AM,2026-06-20,2026-07-03,786,22924.04,48,3,196,668,否
7GO56KBFJV*D7711BM,2026-04-22,2026-05-03,524,27957.69,34,17,131,445,是
7GO56KBFJV*C7601CM,2026-04-07,2026-04-16,323,22445.56,60,5,80,274,是
7GO56KBFJV*E7662DM,2026-04-04,2026-04-16,959,66528.59,65,12,239,815,否
7GO56KBFJV*D7981EM,2026-05-16,,0,0.0,0,0,0,0,是
7GO56KBFJV*C7355FM,2026-06-16,2026-06-21,33,1170.99,7,0,8,28,是
7GO56KBFJV*D7970GM,2026-04-11,2026-04-23,475,36790.1,36,2,118,403,是
7GO56KBFJV*C7765HM,2026-07-30,2026-08-06,15,430.87,1,5,3,12,是
7GO56KBFJV*C7589IM,2026-07-07,2026-07-20,198,4196.01,2,2,49,168,是
7GO56KBFJV*C7870JM,2026-07-19,2026-07-22,132,2754.26,7,6,33,112,否
7GO56KBFJV*B7346KM,2026-04-16,,0,0.0,0,0,0,0,否
7GO56KBFJV*E7818LM,2026-07-27,2026-07-29,449,15221.32,29,4,112,381,否
7GO56KBFJV*C7222MM,2026-07-28,2026-08-05,44,668.85,5,0,11,37,否
7GO56KBFJV*C7476NM,2026-04-20,2026-04-23,515,12746.35,49,18,128,437,否
7GO56KBFJV*D7222OM,2026-06-19,2026-06-27,493,39548.2,30,10,123,419,是
7GO56KBFJV*C7106PM,2026-06-12,2026-06-23,4,100.06,5,0,1,3,否
7GO56KBFJV*B7694QM,2026-04-26,,0,0.0,0,0,0,0,否
7GO56KBFJV*D7888RM,2026-04-26,,0,0.0,0,0,0,0,否
7GO56KBFJV*B7923SM,2026-06-20,,0,0.0,0,0,0,0,否
7GO56KBFJV*E7941TM,2026-05-15,2026-05-22,1923,95093.51,31,14,480,1634,否
7GO56KBFJV*E7900UM,2026-05-20,2026-05-30,309,20258.82,38,3,77,262,否
7GO56KBFJV*E7463VM,2026-06-07,,0,0.0,0,0,0,0,是
7GO56KBFJV*C7925WM,2026-04-30,2026-05-03,1793,153496.53,82,26,448,1524,是
7GO56KBFJV*D7328XM,2026-05-31,2026-06-04,650,60587.83,45,20,162,552,否
7GO56KBFJV*B7941YM,2026-04-25,2026-05-06,243,2222.9,3,1,60,206,否
7GO56KBFJV*B7401ZM,2026-05-26,2026-06-08,79,3536.85,15,4,19,67,是
7GO56KBFJV*D7776AM,2026-06-13,2026-06-23,340,29879.32,37,22,85,289,是
7GO56KBFJV*D7490BM,2026-04-20,,0,0.0,0,0,0,0,是
7GO56KBFJV*E7974CM,2026-05-31,2026-06-03,18,361.27,16,0,4,15,否
7GO56KBFJV*E7665DM,2026-04-07,2026-04-08,216,6887.89,0,6,54,183,否
7GO56KBFJV*C7382EM,2026-05-25,2026-05-28,895,45337.77,20,30,223,760,否
7GO56KBFJV*E7719FM,2026-05-29,,0,0.0,0,0,0,0,否
7GO56KBFJV*D7943GM,2026-06-07,,0,0.0,0,0,0,0,是
7GO56KBFJV*E7625HM,2026-07-27,2026-08-01,990,54902.53,26,15,247,841,否
7GO56KBFJV*D7674IM,2026-05-02,2026-05-05,579,22557.51,28,5,144,492,是
7GO56KBFJV*E7514JM,2026-05-15,2026-05-16,535,18574.96,33,6,133,454,否
7GO56KBFJV*B7327KM,2026-06-03,2026-06-12,1454,61932.9,22,13,363,1235,是
7GO56KBFJV*E7246LM,2026-04-02,2026-04-09,80,500.58,11,6,20,68,是
7GO56KBFJV*D7875MM,2026-05-04,2026-05-17,357,19909.21,47,3,89,303,是
7GO56KBFJV*B7333NM,2026-04-29,2026-05-09,416,14368.09,58,8,104,353,是
7GO56KBFJV*B7408OM,2026-07-01,,0,0.0,0,0,0,0,是
7GO56KBFJV*B7113PM,2026-06-02,,0,0.0,0,0,0,0,否
7GO56KBFJV*B7972QM,2026-06-13,2026-06-17,1547,65523.94,97,26,386,1314,是
7GO56KBFJV*E7921RM,2026-05-03,2026-05-10,1163,33771.23,60,26,290,988,是
7GO56KBFJV*B7543SM,2026-04-30,2026-05-09,198,7079.72,4,1,49,168,是
7GO56KBFJV*E7920TM,2026-06-01,,0,0.0,0,0,0,0,是
7GO56KBFJV*E7833UM,2026-05-12,2026-05-25,1452,67744.15,24,11,363,1234,否
7GO56KBFJV*D7210VM,2026-04-23,,0,0.0,0,0,0,0,否
7GO56KBFJV*D7616WM,2026-06-06,,0,0.0,0,0,0,0,否
7GO56KBFJV*C7615XM,2026-05-27,2026-06-05,672,35485.77,49,6,168,571,否
7GO56KBFJV*D7308YM,2026-04-16,,0,0.0,0,0,0,0,否
7GO56KBFJV*C7748ZM,2026-07-16,2026-07-20,234,5295.83,1,3,58,198,是
7GO56KBFJV*B7892AM,2026-05-25,2026-06-07,492,22809.08,42,4,123,418,是
7GO56KBFJV*B7217BM,2026-04-03,2026-04-04,179,8289.17,15,0,44,152,是
7GO56KBFJV*B7741CM,2026-05-09,2026-05-15,224,6572.06,17,0,56,190,是
7GO56KBFJV*E7745DM,2026-04-15,,0,0.0,0,0,0,0,是
7GO56KBFJV*D7749EM,2026-07-22,2026-07-27,176,3420.84,17,4,44,149,是
7GO56KBFJV*C7217FM,2026-07-30,2026-08-03,629,60207.2,76,16,157,534,否
7GO56KBFJV*C7679GM,2026-04-13,2026-04-24,705,58037.03,31,22,176,599,是
7GO56KBFJV*B7844HM,2026-05-20,2026-05-25,773,65929.56,61,11,193,657,否
7GO56KBFJV*C7875IM,2026-07-22,2026-07-23,433,17183.08,31,4,108,368,否
7GO56KBFJV*D7954JM,2026-07-30,2026-08-09,146,5505.12,10,4,36,124,是
7GO56KBFJV*D7716KM,2026-06-05,2026-06-18,47,1959.87,8,2,11,39,否
7GO56KBFJV*D7187LM,2026-05-10,2026-05-12,393,21793.13,40,5,98,334,是
7GO56KBFJV*B7281MM,2026-06-11,2026-06-25,591,47942.87,57,14,147,502,是
7GO56KBFJV*B7535NM,2026-04-21,,0,0.0,0,0,0,0,否
7GO56KBFJV*E7873OM,2026-06-02,,0,0.0,0,0,0,0,否
7GO56KBFJV*B7923PM,2026-07-11,,0,0.0,0,0,0,0,是
7GO56KBFJV*C7729QM,2026-06-12,,0,0.0,0,0,0,0,是
7GO56KBFJV*B7367RM,2026-07-06,2026-07-17,1021,93677.05,74,7,255,867,否
7GO56KBFJV*C7919SM,2026-04-11,2026-04-12,376,24565.42,37,6,94,319,是
7GO56KBFJV*C7956TM,2026-06-18,2026-06-28,486,35992.62,40,1,121,413,是
7GO56KBFJV*E7653UM,2026-07-13,2026-07-20,91,636.99,11,5,22,77,是
7GO56KBFJV*E7386VM,2026-05-18,2026-06-01,524,42299.12,37,14,131,445,否
7GO56KBFJV*E7201WM,2026-06-13,2026-06-21,1152,78527.36,72,10,288,979,是
7GO56KBFJV*E7180XM,2026-07-14,2026-07-27,1441,119268.95,72,26,360,1224,是
7GO56KBFJV*C7288YM,2026-07-27,2026-07-31,88,2308.05,5,3,22,74,否
7GO56KBFJV*C7639ZM,2026-06-09,2026-06-18,136,2363.13,9,3,34,115,是
7GO56KBFJV*D7474AM,2026-07-28,2026-07-31,12,72.22,18,6,3,10,否
7GO56KBFJV*C7369BM,2026-06-06,2026-06-10,221,3084.66,14,0,55,187,是
7GO56KBFJV*D7228CM,2026-04-18,,0,0.0,0,0,0,0,是
7GO56KBFJV*C7494DM,2026-05-02,2026-05-13,321,18748.5,43,1,80,272,否
7GO56KBFJV*E7432EM,2026-04-01,2026-04-12,71,2090.21,14,2,17,60,是
7GO56KBFJV*D7924FM,2026-05-24,2026-06-02,768,46048.67,32,26,192,652,否
7GO56KBFJV*B7894GM,2026-07-05,2026-07-11,442,34759.35,72,19,110,375,否
7GO56KBFJV*B7597HM,2026-04-14,2026-04-28,721,70177.77,31,12,180,612,是
7GO56KBFJV*D7641IM,2026-05-21,2026-05-31,43,1878.78,10,0,10,36,是
7GO56KBFJV*D7773JM,2026-06-17,2026-06-25,1455,31529.78,40,16,363,1236,是
7GO56KBFJV*C7409KM,2026-06-05,,0,0.0,0,0,0,0,是
7GO56KBFJV*E7277LM,2026-04-20,,0,0.0,0,0,0,0,是
7GO56KBFJV*B7426MM,2026-06-03,2026-06-13,175,7199.52,9,5,43,148,是
7GO56KBFJV*C7599NM,2026-07-19,2026-07-24,752,68035.58,46,29,188,639,否
7GO56KBFJV*C7801OM,2026-05-30,2026-06-05,338,18472.88,46,30,84,287,否
7GO56KBFJV*E7696PM,2026-07-07,2026-07-09,1441,140442.38,35,30,360,1224,是
7GO56KBFJV*B7290QM,2026-05-12,2026-05-21,785,48067.29,30,26,196,667,否
7GO56KBFJV*C7449RM,2026-04-15,2026-04-22,74,1264.52,8,0,18,62,否
7GO56KBFJV*C7425SM,2026-06-16,,0,0.0,0,0,0,0,是
7GO56KBFJV*C7336TM,2026-04-04,2026-04-10,1272,58330.45,53,10,318,1081,是
7GO56KBFJV*E7804UM,2026-04-18,2026-04-30,896,58289.01,35,26,224,761,是
7GO56KBFJV*B7294VM,2026-04-13,2026-04-14,442,24530.88,40,4,110,375,否
7GO56KBFJV*E7192WM,2026-06-27,,0,0.0,0,0,0,0,否
7GO56KBFJV*B7529XM,2026-06-03,2026-06-09,624,14705.84,45,1,156,530,是
7GO56KBFJV*C7150YM,2026-07-21,2026-07-24,1958,162640.56,48,7,489,1664,是
7GO56KBFJV*B7876ZM,2026-07-05,2026-07-08,54,956.63,16,6,13,45,是
7GO56KBFJV*C7729AM,2026-06-13,2026-06-16,719,54472.16,48,6,179,611,是
7GO56KBFJV*D7618BM,2026-06-02,,0,0.0,0,0,0,0,是
7GO56KBFJV*D7678CM,2026-04-27,2026-05-03,134,1713.95,13,6,33,113,是
7GO56KBFJV*C7480DM,2026-05-18,2026-05-29,424,30862.98,23,6,106,360,否
7GO56KBFJV*B7570EM,2026-07-26,2026-08-08,1134,81003.64,38,22,283,963,否
7GO56KBFJV*B7737FM,2026-04-17,,0,0.0,0,0,0,0,是
7GO56KBFJV*D7419GM,2026-07-12,2026-07-26,369,27234.12,51,1,92,313,是
7GO56KBFJV*D7564HM,2026-04-14,2026-04-28,548,37842.53,42,6,137,465,否
7GO56KBFJV*E7903IM,2026-06-26,,0,0.0,0,0,0,0,是
7GO56KBFJV*C7694JM,2026-05-04,2026-05-13,82,3062.51,9,3,20,69,是
7GO56KBFJV*B7478KM,2026-07-20,2026-07-31,498,22006.93,47,6,124,423,是
7GO56KBFJV*C7111LM,2026-05-27,2026-06-06,1397,96434.89,54,24,349,1187,是
7GO56KBFJV*D7520MM,2026-04-26,,0,0.0,0,0,0,0,是
7GO56KBFJV*D7727NM,2026-04-19,,0,0.0,0,0,0,0,是
7GO56KBFJV*E7184OM,2026-06-01,,0,0.0,0,0,0,0,否
7GO56KBFJV*E7888PM,2026-05-30,2026-06-12,358,11357.07,46,4,89,304,是
7GO56KBFJV*D7642QM,2026-05-06,2026-05-11,359,19657.79,48,17,89,305,否
7GO56KBFJV*B7521RM,2026-06-05,2026-06-15,1060,41649.33,59,24,265,901,否
7GO56KBFJV*D7578SM,2026-05-17,2026-05-29,540,24080.31,75,17,135,459,是
7GO56KBFJV*E7323TM,2026-07-04,2026-07-12,199,9855.44,6,6,49,169,是
7GO56KBFJV*C7103UM,2026-07-10,2026-07-23,777,23785.93,35,1,194,660,是
7GO56KBFJV*D7598VM,2026-04-18,2026-04-30,192,5171.87,3,1,48,163,否
7GO56KBFJV*C7858WM,2026-07-29,2026-07-30,653,24962.74,52,3,163,555,是
7GO56KBFJV*D7930XM,2026-07-09,2026-07-13,726,68144.96,33,10,181,617,是
7GO56KBFJV*B7598YM,2026-04-05,2026-04-16,542,34618.77,29,0,135,460,否
7GO56KBFJV*C7296ZM,2026-04-10,2026-04-21,1145,101869.03,51,20,286,973,是
7GO56KBFJV*B7206AM,2026-06-04,2026-06-17,367,12498.86,45,0,91,311,是
7GO56KBFJV*C7724BM,2026-04-10,2026-04-20,250,7141.77,6,6,62,212,否
7GO56KBFJV*E7977CM,2026-05-12,,0,0.0,0,0,0,0,否
7GO56KBFJV*B7563DM,2026-05-30,,0,0.0,0,0,0,0,否
7GO56KBFJV*B7494EM,2026-05-16,2026-05-19,687,39373.0,45,1,171,583,是
7GO56KBFJV*C7241FM,2026-07-26,2026-07-27,334,16838.21,30,5,83,283,是
7GO56KBFJV*D7919GM,2026-06-12,2026-06-24,657,16298.44,21,6,164,558,是
7GO56KBFJV*B7398HM,2026-05-30,2026-06-08,1235,57901.58,57,22,308,1049,否
7GO56KBFJV*E7270IM,2026-06-11,2026-06-19,362,8981.96,29,3,90,307,否
7GO56KBFJV*E7611JM,2026-05-04,2026-05-18,493,23163.16,43,1,123,419,否
7GO56KBFJV*E7732KM,2026-05-13,2026-05-15,1581,68677.84,43,24,395,1343,是
7GO56KBFJV*E7481LM,2026-06-22,,0,0.0,0,0,0,0,是
7GO56KBFJV*E7190MM,2026-04-02,2026-04-13,1761,84776.17,66,15,440,1496,否
7GO56KBFJV*D7527NM,2026-04-25,2026-04-30,317,8396.07,48,5,79,269,是
7GO56KBFJV*C7154OM,2026-04-20,,0,0.0,0,0,0,0,否
7GO56KBFJV*D7481PM,2026-07-10,2026-07-16,186,3908.27,8,2,46,158,否
7GO56KBFJV*D7276QM,2026-04-09,2026-04-15,787,66968.28,53,20,196,668,是
7GO56KBFJV*B7872RM,2026-06-29,,0,0.0,0,0,0,0,否
7GO56KBFJV*B7842SM,2026-06-13,2026-06-14,414,19445.42,32,5,103,351,否
7GO56KBFJV*E7390TM,2026-05-12,,0,0.0,0,0,0,0,是
7GO56KBFJV*B7472AM,2026-04-24,2026-04-29,184,1738.4,13,4,46,156,是
7GO56KBFJV*C7130BM,2026-07-30,2026-08-02,745,45876.69,50,1,186,633,是
7GO56KBFJV*B7492CM,2026-05-27,,0,0.0,0,0,0,0,是
7GO56KBFJV*D7884DM,2026-07-16,2026-07-26,313,11731.47,32,0,78,266,否
7GO56KBFJV*B7571EM,2026-07-27,2026-08-07,457,35167.52,34,1,114,388,否
7GO56KBFJV*C7394FM,2026-05-05,2026-05-13,717,40989.32,91,10,179,609,否
7GO56KBFJV*C7119GM,2026-06-15,,0,0.0,0,0,0,0,否
7GO56KBFJV*C7966HM,2026-07-28,2026-08-04,1426,42694.9,40,11,356,1212,是
7GO56KBFJV*B7156IM,2026-05-16,2026-05-28,1316,41970.35,96,29,329,1118,否
7GO56KBFJV*D7952JM,2026-07-02,,0,0.0,0,0,0,0,是
7GO56KBFJV*B7961KM,2026-07-28,2026-07-30,31,347.49,1,0,7,26,是
7GO56KBFJV*E7746LM,2026-07-01,2026-07-14,229,6752.44,15,5,57,194,否
7GO56KBFJV*C7745MM,2026-05-09,2026-05-10,360,22929.38,49,1,90,306,否
7GO56KBFJV*C7502NM,2026-06-12,2026-06-16,415,10951.59,60,28,103,352,是
7GO56KBFJV*E7221OM,2026-06-14,2026-06-21,606,35327.48,77,25,151,515,否
7GO56KBFJV*C7992PM,2026-07-13,2026-07-19,724,32078.35,23,4,181,615,否
7GO56KBFJV*E7882RM,2026-07-05,2026-07-14,14,531.93,8,5,3,11,否
7GO56KBFJV*C7954SM,2026-07-14,2026-07-20,899,25641.57,40,20,224,764,是
7GO56KBFJV*E7564TM,2026-05-24,2026-05-30,986,46781.23,33,12,246,838,否
7GO56KBFJV*B7121UM,2026-06-13,,0,0.0,0,0,0,0,是
7GO56KBFJV*C7544VM,2026-07-13,2026-07-14,723,38310.56,90,18,180,614,否
7GO56KBFJV*B7622WM,2026-05-12,2026-05-20,474,30714.81,46,4,118,402,否
7GO56KBFJV*C7289XM,2026-05-21,,0,0.0,0,0,0,0,否
7GO56KBFJV*B7935YM,2026-05-19,2026-05-23,1635,89506.88,43,29,408,1389,否
7GO56KBFJV*B7441ZM,2026-05-23,,0,0.0,0,0,0,0,是
7GO56KBFJV*B7606AM,2026-07-28,2026-07-31,542,40467.6,20,2,135,460,否
7GO56KBFJV*C7389BM,2026-05-11,,0,0.0,0,0,0,0,否
7GO56KBFJV*D7448CM,2026-05-07,,0,0.0,0,0,0,0,否
7GO56KBFJV*D7260DM,2026-07-06,2026-07-11,160,875.02,8,4,40,136,否
7GO56KBFJV*E7906EM,2026-07-21,2026-08-03,1257,105767.95,27,9,314,1068,否
7GO56KBFJV*D7529FM,2026-05-31,2026-06-01,793,60845.99,77,8,198,674,否
7GO56KBFJV*E7842GM,2026-07-06,,0,0.0,0,0,0,0,是
7GO56KBFJV*E7405HM,2026-06-18,2026-07-01,177,7081.56,15,6,44,150,是
7GO56KBFJV*E7948IM,2026-05-09,,0,0.0,0,0,0,0,是
7GO56KBFJV*B7811JM,2026-07-11,2026-07-18,1790,133405.49,52,26,447,1521,是
7GO56KBFJV*E7102KM,2026-04-28,2026-05-08,930,23237.81,45,16,232,790,是
7GO56KBFJV*B7786LM,2026-06-18,2026-07-01,83,2042.09,10,1,20,70,否
7GO56KBFJV*C7949MM,2026-04-07,2026-04-21,630,47046.12,40,0,157,535,是
7GO56KBFJV*D7285NM,2026-05-05,2026-05-15,584,25464.36,36,4,146,496,是
7GO56KBFJV*B7352OM,2026-05-14,2026-05-18,521,34890.54,55,2,130,442,否
7GO56KBFJV*D7959PM,2026-07-24,2026-08-03,1426,139471.24,79,22,356,1212,否
7GO56KBFJV*C7778QM,2026-04-18,,0,0.0,0,0,0,0,是
7GO56KBFJV*E7947RM,2026-05-29,2026-06-03,0,0.0,0,5,0,0,否
7GO56KBFJV*C7107SM,2026-04-07,2026-04-16,505,19632.14,50,10,126,429,否
7GO56KBFJV*D7797TM,2026-07-29,2026-08-09,766,33269.08,27,1,191,651,是
7GO56KBFJV*C7806UM,2026-07-17,2026-07-28,43,702.61,10,4,10,36,否
7GO56KBFJV*E7692VM,2026-04-25,,0,0.0,0,0,0,0,是
7GO56KBFJV*E7735WM,2026-07-12,,0,0.0,0,0,0,0,否
7GO56KBFJV*D7418XM,2026-05-10,2026-05-18,63,619.16,17,5,15,53,否
7GO56KBFJV*D7972YM,2026-06-07,,0,0.0,0,0,0,0,是
7GO56KBFJV*B7245ZM,2026-06-13,,0,0.0,0,0,0,0,是
7GO56KBFJV*D7928AM,2026-06-19,2026-06-27,975,37360.93,79,13,243,828,是
7GO56KBFJV*D7993BM,2026-06-16,2026-06-28,608,31232.46,59,6,152,516,否
7GO56KBFJV*B7312CM,2026-04-09,2026-04-19,743,29767.63,46,12,185,631,否
7GO56KBFJV*E7339DM,2026-07-10,2026-07-13,668,44839.31,24,25,167,567,否
7GO56KBFJV*D7108EM,2026-04-24,2026-05-02,728,15053.09,37,6,182,618,否
7GO56KBFJV*E7314FM,2026-06-04,2026-06-09,188,4643.62,0,2,47,159,否
7GO56KBFJV*E7490GM,2026-06-16,,0,0.0,0,0,0,0,否
7GO56KBFJV*D7980HM,2026-04-08,2026-04-13,1395,67014.17,86,19,348,1185,否
7GO56KBFJV*C7638IM,2026-06-16,2026-06-25,473,16010.86,56,2,118,402,否
7GO56KBFJV*C7991JM,2026-05-10,2026-05-20,32,1529.73,5,5,8,27,否
7GO56KBFJV*E7976KM,2026-05-20,2026-06-01,186,8452.61,15,2,46,158,否
7GO56KBFJV*C7551LM,2026-04-18,2026-04-23,841,72291.99,28,14,210,714,是
7GO56KBFJV*C7796MM,2026-04-20,2026-04-21,210,7067.73,7,3,52,178,是
7GO56KBFJV*D7765NM,2026-04-24,2026-04-28,1153,57597.32,52,18,288,980,是
7GO56KBFJV*E7169OM,2026-07-20,2026-07-27,141,2196.89,7,3,35,119,否
7GO56KBFJV*D7237PM,2026-04-12,2026-04-14,128,3655.29,8,6,32,108,否
7GO56KBFJV*C7153QM,2026-05-04,,0,0.0,0,0,0,0,否
7GO56KBFJV*E7551RM,2026-05-26,,0,0.0,0,0,0,0,否
7GO56KBFJV*B7982SM,2026-04-16,2026-04-27,667,36442.75,39,8,166,566,否
7GO56KBFJV*B7766TM,2026-06-17,2026-06-20,311,14451.17,53,15,77,264,是
7GO56KBFJV*C7997UM,2026-04-01,2026-04-02,811,68098.16,59,19,202,689,是
7GO56KBFJV*E7637VM,2026-06-10,2026-06-17,196,3967.03,6,0,49,166,是
7GO56KBFJV*D7165WM,2026-07-07,2026-07-09,774,43713.98,24,9,193,657,是
7GO56KBFJV*D7781XM,2026-05-26,2026-05-29,514,13747.33,55,1,128,436,是
7GO56KBFJV*B7748YM,2026-05-18,,0,0.0,0,0,0,0,是
7GO56KBFJV*E7915ZM,2026-05-13,,0,0.0,0,0,0,0,是
7GO56KBFJV*B7781AM,2026-05-11,2026-05-14,1159,42561.98,59,9,289,985,否
7GO56KBFJV*C7715CM,2026-07-23,2026-07-27,158,835.76,9,2,39,134,否
7GO56KBFJV*E7844DM,2026-07-19,2026-07-26,539,24342.47,34,0,134,458,是
7GO56KBFJV*C7691EM,2026-05-18,2026-05-26,662,15168.99,45,18,165,562,是
7GO56KBFJV*C7742AM,2026-07-15,2026-07-29,733,24655.81,84,14,183,623,是
7GO56KBFJV*E7380BM,2026-04-16,2026-04-28,224,5304.81,18,5,56,190,是
7GO56KBFJV*B7285CM,2026-05-13,2026-05-25,1088,92888.29,57,27,272,924,是
7GO56KBFJV*E7243DM,2026-04-20,2026-04-23,325,10734.64,29,5,81,276,否
7GO56KBFJV*E7185EM,2026-06-03,2026-06-13,768,58867.37,53,3,192,652,是
7GO56KBFJV*B7437FM,2026-04-11,2026-04-23,336,16136.8,34,1,84,285,否
7GO56KBFJV*D7869GM,2026-06-14,2026-06-23,1436,141689.36,89,7,359,1220,否
7GO56KBFJV*E7614HM,2026-07-17,2026-07-27,1465,105423.07,99,14,366,1245,是
7GO56KBFJV*C7591IM,2026-04-29,2026-05-02,1500,69514.61,62,22,375,1275,是
7GO56KBFJV*C7176JM,2026-05-11,,0,0.0,0,0,0,0,否
7GO56KBFJV*E7158KM,2026-04-22,,0,0.0,0,0,0,0,否
7GO56KBFJV*E7772LM,2026-07-27,2026-08-05,106,3546.25,16,1,26,90,是
7GO56KBFJV*E7234MM,2026-04-28,2026-05-11,243,7500.58,9,1,60,206,否
7GO56KBFJV*C7585NM,2026-04-18,2026-04-23,1298,109434.68,67,8,324,1103,是
7GO56KBFJV*E7759OM,2026-04-24,2026-05-08,980,74629.64,73,10,245,833,是
7GO56KBFJV*D7860PM,2026-04-01,2026-04-13,644,27016.05,72,8,161,547,否
7GO56KBFJV*C7296QM,2026-07-02,,0,0.0,0,0,0,0,否
7GO56KBFJV*E7801RM,2026-07-04,2026-07-09,584,26983.27,21,0,146,496,是
7GO56KBFJV*C7398SM,2026-06-04,2026-06-14,165,1917.12,16,4,41,140,是
7GO56KBFJV*C7848TM,2026-06-02,,0,0.0,0,0,0,0,是
7GO56KBFJV*C7590UM,2026-05-03,2026-05-16,80,649.01,0,3,20,68,否
7GO56KBFJV*E7121VM,2026-04-11,2026-04-23,1739,85967.14,98,22,434,1478,否
7GO56KBFJV*D7742WM,2026-07-08,2026-07-18,19,285.59,10,1,4,16,是
7GO56KBFJV*D7221XM,2026-05-04,2026-05-08,1359,44001.41,61,12,339,1155,否
7GO56KBFJV*C7427YM,2026-07-29,2026-08-10,642,55744.79,69,12,160,545,否
7GO56KBFJV*E7645ZM,2026-04-14,2026-04-17,778,21444.2,56,17,194,661,否
7GO56KBFJV*E7348AM,2026-05-27,2026-06-07,511,29653.93,89,11,127,434,否
7GO56KBFJV*D7581BM,2026-04-30,2026-05-03,761,15786.13,22,5,190,646,否
7GO56KBFJV*C7510CM,2026-07-23,2026-07-30,223,7831.19,12,3,55,189,否
7GO56KBFJV*B7874DM,2026-07-24,2026-08-03,662,43243.72,40,1,165,562,是
7GO56KBFJV*B7614EM,2026-04-27,2026-05-02,470,17653.72,47,0,117,399,是
7GO56KBFJV*D7397FM,2026-04-24,,0,0.0,0,0,0,0,否
7GO56KBFJV*D7461GM,2026-04-28,2026-05-01,242,3802.11,0,4,60,205,是
7GO56KBFJV*B7735HM,2026-07-10,2026-07-14,69,1492.31,9,3,17,58,是
7GO56KBFJV*D7166IM,2026-04-06,2026-04-19,1425,134745.2,23,16,356,1211,否
7GO56KBFJV*C7185JM,2026-06-04,,0,0.0,0,0,0,0,否
7GO56KBFJV*C7179KM,2026-05-09,2026-05-20,636,36281.36,62,22,159,540,是
7GO56KBFJV*C7863LM,2026-07-05,2026-07-08,403,22038.92,37,5,100,342,否
7GO56KBFJV*C7569MM,2026-05-13,2026-05-27,584,26167.67,80,27,146,496,是
7GO56KBFJV*B7783NM,2026-07-18,2026-07-23,182,8837.98,15,5,45,154,否
7GO56KBFJV*B7524OM,2026-04-21,,0,0.0,0,0,0,0,是
7GO56KBFJV*B7827PM,2026-05-27,,0,0.0,0,0,0,0,否
7GO56KBFJV*C7345QM,2026-06-13,2026-06-20,325,24802.45,34,5,81,276,否
7GO56KBFJV*E7203RM,2026-06-17,2026-07-01,798,55943.87,29,0,199,678,否
7GO56KBFJV*C7720SM,2026-06-06,2026-06-19,128,3887.26,13,4,32,108,否
7GO56KBFJV*D7502TM,2026-07-10,2026-07-24,779,44545.44,40,1,194,662,否
7GO56KBFJV*D7507UM,2026-04-17,2026-04-24,473,14252.97,40,28,118,402,是
7GO56KBFJV*B7687VM,2026-05-29,2026-05-30,460,18003.79,49,0,115,391,是
7GO56KBFJV*B7445WM,2026-06-01,,0,0.0,0,0,0,0,否
7GO56KBFJV*E7331XM,2026-07-09,2026-07-21,1504,87442.04,50,25,376,1278,否
7GO56KBFJV*E7784YM,2026-04-05,2026-04-13,1,12.56,7,4,0,0,是
7GO56KBFJV*D7313ZM,2026-06-06,2026-06-20,1963,114425.97,28,30,490,1668,是
7GO56KBFJV*B7346AM,2026-04-18,2026-05-02,180,7272.99,3,5,45,153,否
7GO56KBFJV*E7211BM,2026-07-05,2026-07-07,179,4131.64,4,0,44,152,否
7GO56KBFJV*C7615CM,2026-07-20,2026-07-23,1952,120338.41,87,13,488,1659,是
7GO56KBFJV*B7146DM,2026-06-18,2026-06-27,578,18454.29,37,16,144,491,是
7GO56KBFJV*E7215EM,2026-04-05,2026-04-17,132,5233.82,8,3,33,112,否
7GO56KBFJV*D7795FM,2026-06-19,,0,0.0,0,0,0,0,否
7GO56KBFJV*D7166GM,2026-07-30,2026-08-07,895,38754.38,55,29,223,760,是
7GO56KBFJV*B7584HM,2026-07-21,2026-08-02,399,12892.77,59,14,99,339,否
7GO56KBFJV*B7241IM,2026-06-20,,0,0.0,0,0,0,0,是
7GO56KBFJV*E7786JM,2026-07-30,2026-08-10,896,49242.95,34,16,224,761,否
7GO56KBFJV*C7408KM,2026-07-18,2026-07-29,791,57035.37,43,3,197,672,否
7GO56KBFJV*B7542LM,2026-05-18,2026-05-23,331,8541.68,29,3,82,281,否
7GO56KBFJV*E7143MM,2026-07-10,2026-07-19,21,490.76,15,1,5,17,否
7GO56KBFJV*E7485NM,2026-07-07,,0,0.0,0,0,0,0,是
7GO56KBFJV*B7278OM,2026-05-09,2026-05-15,756,18844.89,76,11,189,642,是
7GO56KBFJV*C7188PM,2026-05-13,2026-05-26,701,39205.17,58,7,175,595,否
7GO56KBFJV*E7994QM,2026-07-14,2026-07-17,901,28111.69,74,26,225,765,是
7GO56KBFJV*B7696RM,2026-06-12,2026-06-20,208,5381.3,13,0,52,176,是
7GO56KBFJV*B7664SM,2026-07-14,,0,0.0,0,0,0,0,是
7GO56KBFJV*E7662TM,2026-04-11,2026-04-22,308,9505.17,34,13,77,261,是
7GO56KBFJV*C7399UM,2026-07-23,2026-07-30,767,30003.38,36,6,191,651,否
7GO56KBFJV*E7493WM,2026-04-18,2026-04-22,504,17022.88,74,19,126,428,是
7GO56KBFJV*E7838XM,2026-06-14,2026-06-22,843,78382.44,49,27,210,716,是
7GO56KBFJV*B7227YM,2026-06-08,2026-06-15,109,3474.68,1,4,27,92,是
7GO56KBFJV*C7992ZM,2026-07-28,2026-08-09,89,1859.56,3,0,22,75,否
7GO56KBFJV*D7949AM,2026-04-22,,0,0.0,0,0,0,0,是
7GO56KBFJV*D7320BM,2026-07-28,2026-07-30,661,27579.33,54,5,165,561,否
7GO56KBFJV*D7348CM,2026-04-26,2026-05-02,182,5483.49,5,5,45,154,是
7GO56KBFJV*C7720DM,2026-05-06,2026-05-18,660,25841.92,25,1,165,561,是
7GO56KBFJV*E7532EM,2026-06-07,,0,0.0,0,0,0,0,否
7GO56KBFJV*B7255FM,2026-07-21,2026-07-25,636,43022.32,49,4,159,540,是
7GO56KBFJV*C7540GM,2026-06-19,2026-06-26,649,40148.31,80,25,162,551,是
7GO56KBFJV*B7600HM,2026-06-19,2026-06-26,1342,37932.27,20,29,335,1140,否
7GO56KBFJV*C7619IM,2026-07-02,2026-07-05,79,1827.05,14,6,19,67,否
7GO56KBFJV*C7851JM,2026-07-18,2026-07-21,138,6262.63,2,1,34,117,否
7GO56KBFJV*E7712KM,2026-04-21,2026-05-05,434,31188.64,50,12,108,368,否
7GO56KBFJV*C7971LM,2026-06-12,,0,0.0,0,0,0,0,是
7GO56KBFJV*B7921MM,2026-06-09,,0,0.0,0,0,0,0,是
7GO56KBFJV*E7910NM,2026-07-05,2026-07-07,768,40576.64,24,8,192,652,是
7GO56KBFJV*C7951OM,2026-07-22,2026-07-30,173,3294.7,6,0,43,147,否
7GO56KBFJV*E7329PM,2026-07-10,,0,0.0,0,0,0,0,否
7GO56KBFJV*D7954QM,2026-06-17,,0,0.0,0,0,0,0,否
7GO56KBFJV*C7548RM,2026-07-13,2026-07-27,67,2811.26,14,2,16,56,是
7GO56KBFJV*D7583SM,2026-06-23,,0,0.0,0,0,0,0,否
7GO56KBFJV*D7743TM,2026-05-09,2026-05-14,396,24522.95,43,5,99,336,是
7GO56KBFJV*D7926UM,2026-07-13,,0,0.0,0,0,0,0,是
7GO56KBFJV*C7491WM,2026-04-17,2026-05-01,466,27718.52,35,2,116,396,是
7GO56KBFJV*E7602XM,2026-06-14,,0,0.0,0,0,0,0,是
7GO56KBFJV*D7826YM,2026-05-15,2026-05-29,632,20052.15,77,20,158,537,是
7GO56KBFJV*D7577ZM,2026-06-19,2026-07-03,46,248.03,8,6,11,39,否
7GO56KBFJV*E7822AM,2026-07-07,2026-07-21,435,19324.85,25,1,108,369,是
7GO56KBFJV*D7761BM,2026-04-18,2026-04-22,240,2714.31,0,0,60,204,是
7GO56KBFJV*C7531CM,2026-06-15,,0,0.0,0,0,0,0,否
7GO56KBFJV*B7531DM,2026-04-27,2026-05-10,31,299.31,18,3,7,26,否
7GO56KBFJV*C7408EM,2026-04-05,2026-04-17,1781,88525.82,85,17,445,1513,是
7GO56KBFJV*D7939FM,2026-06-28,,0,0.0,0,0,0,0,否
7GO56KBFJV*E7254GM,2026-05-01,2026-05-14,315,15910.51,40,1,78,267,是
7GO56KBFJV*D7535HM,2026-05-21,2026-05-22,906,45347.27,80,17,226,770,否
7GO56KBFJV*E7388IM,2026-04-14,2026-04-22,754,25753.25,59,3,188,640,否
7GO56KBFJV*E7541JM,2026-05-15,2026-05-26,391,38489.37,56,17,97,332,是
7GO56KBFJV*D7838KM,2026-04-25,2026-05-09,807,71104.42,32,17,201,685,是
7GO56KBFJV*B7516LM,2026-06-07,2026-06-08,998,78349.64,47,26,249,848,是
7GO56KBFJV*E7974MM,2026-05-05,2026-05-06,233,6127.95,5,4,58,198,否
7GO56KBFJV*D7669NM,2026-05-10,2026-05-17,1332,111027.43,81,29,333,1132,是
7GO56KBFJV*D7614OM,2026-06-04,2026-06-16,375,24749.1,50,0,93,318,是
7GO56KBFJV*E7123PM,2026-05-11,,0,0.0,0,0,0,0,否
7GO56KBFJV*E7347QM,2026-05-13,,0,0.0,0,0,0,0,否
7GO56KBFJV*B7549RM,2026-07-13,,0,0.0,0,0,0,0,否
7GO56KBFJV*D7757SM,2026-05-16,2026-05-21,471,27082.63,37,6,117,400,是
7GO56KBFJV*D7258TM,2026-06-08,2026-06-12,1145,78578.55,22,10,286,973,是
7GO56KBFJV*C7991UM,2026-05-30,,0,0.0,0,0,0,0,是
7GO56KBFJV*B7437VM,2026-07-01,2026-07-02,1874,124001.28,35,18,468,1592,否
7GO56KBFJV*D7162WM,2026-04-22,2026-04-23,78,2159.16,10,5,19,66,是
7GO56KBFJV*E7100XM,2026-06-04,,0,0.0,0,0,0,0,是
7GO56KBFJV*D7196YM,2026-07-16,2026-07-22,1116,48362.33,32,15,279,948,否
7GO56KBFJV*E7898ZM,2026-07-16,2026-07-21,369,28080.59,40,6,92,313,否
7GO56KBFJV*D7401AM,2026-07-12,2026-07-15,175,3894.77,2,0,43,148,否
7GO56KBFJV*E7160BM,2026-06-14,2026-06-17,553,35649.15,47,4,138,470,是
7GO56KBFJV*D7973CM,2026-06-13,,0,0.0,0,0,0,0,否
7GO56KBFJV*D7909DM,2026-05-28,2026-06-09,1858,129735.87,76,16,464,1579,是
7GO56KBFJV*D7564EM,2026-07-11,,0,0.0,0,0,0,0,是
7GO56KBFJV*C7415FM,2026-05-19,2026-05-25,102,4222.21,5,1,25,86,是
7GO56KBFJV*C7489GM,2026-07-01,,0,0.0,0,0,0,0,是
7GO56KBFJV*B7489HM,2026-06-11,2026-06-21,1676,105436.84,30,27,419,1424,是
7GO56KBFJV*E7880IM,2026-05-30,2026-06-01,1229,37471.11,60,18,307,1044,是
7GO56KBFJV*D7129JM,2026-05-26,,0,0.0,0,0,0,0,否
7GO56KBFJV*C7430KM,2026-04-17,,0,0.0,0,0,0,0,否
7GO56KBFJV*D7878LM,2026-05-11,,0,0.0,0,0,0,0,否
7GO56KBFJV*E7736MM,2026-05-30,2026-06-09,913,64611.52,60,21,228,776,否
7GO56KBFJV*D7229NM,2026-05-02,2026-05-07,26,1241.22,5,3,6,22,否
7GO56KBFJV*C7483OM,2026-06-09,2026-06-23,504,30918.72,49,5,126,428,是
7GO56KBFJV*D7313PM,2026-05-05,2026-05-13,87,3207.14,11,1,21,73,否
7GO56KBFJV*C7554QM,2026-06-06,,0,0.0,0,0,0,0,是
7GO56KBFJV*C7997RM,2026-06-02,2026-06-04,122,5310.96,16,5,30,103,是
7GO56KBFJV*D7185SM,2026-04-23,2026-04-29,1040,54115.88,51,23,260,884,否
7GO56KBFJV*E7934TM,2026-06-19,2026-06-29,201,6927.39,18,0,50,170,否
7GO56KBFJV*D7354UM,2026-04-11,2026-04-19,429,19460.65,26,3,107,364,否
7GO56KBFJV*D7736AM,2026-06-07,2026-06-18,653,46217.56,41,5,163,555,否
7GO56KBFJV*E7972BM,2026-06-25,,0,0.0,0,0,0,0,是
7GO56KBFJV*C7248CM,2026-04-27,2026-04-29,741,46838.45,41,6,185,629,是
7GO56KBFJV*B7809DM,2026-07-09,,0,0.0,0,0,0,0,否
7GO56KBFJV*B7275EM,2026-06-11,,0,0.0,0,0,0,0,否
7GO56KBFJV*E7247FM,2026-07-11,,0,0.0,0,0,0,0,否
7GO56KBFJV*E7924GM,2026-07-02,2026-07-08,1238,43508.22,60,9,309,1052,是
7GO56KBFJV*B7104HM,2026-04-20,2026-04-30,1600,63456.07,35,8,400,1360,否
7GO56KBFJV*B7926IM,2026-07-25,2026-08-06,328,25868.94,54,6,82,278,否
7GO56KBFJV*D7160JM,2026-05-29,2026-05-30,248,9332.09,5,0,62,210,是
7GO56KBFJV*E7206KM,2026-05-25,2026-06-01,845,63114.6,41,23,211,718,是
7GO56KBFJV*E7856LM,2026-06-12,2026-06-21,767,38844.18,23,16,191,651,否
7GO56KBFJV*E7946MM,2026-04-04,2026-04-10,593,58146.67,42,20,148,504,否
7GO56KBFJV*E7142NM,2026-04-17,,0,0.0,0,0,0,0,否
7GO56KBFJV*E7305OM,2026-06-22,,0,0.0,0,0,0,0,否
7GO56KBFJV*C7458PM,2026-07-06,2026-07-13,709,40614.69,64,10,177,602,是
7GO56KBFJV*D7479QM,2026-05-09,2026-05-14,152,5965.07,0,2,38,129,是
7GO56KBFJV*E7590RM,2026-04-05,2026-04-19,658,39634.08,46,13,164,559,否
7GO56KBFJV*E7851SM,2026-06-09,,0,0.0,0,0,0,0,是
7GO56KBFJV*E7152TM,2026-05-30,2026-06-04,574,38402.22,55,2,143,487,否
7GO56KBFJV*B7792UM,2026-04-01,2026-04-14,773,55470.86,65,16,193,657,否
7GO56KBFJV*E7221VM,2026-04-28,2026-05-05,878,67211.38,33,22,219,746,是
7GO56KBFJV*E7787WM,2026-07-26,2026-08-06,668,32624.5,25,6,167,567,是
7GO56KBFJV*C7625XM,2026-07-18,2026-07-21,1541,33566.86,62,24,385,1309,是
7GO56KBFJV*E7136YM,2026-04-02,2026-04-13,96,4235.62,7,4,24,81,是
7GO56KBFJV*B7281ZM,2026-04-28,,0,0.0,0,0,0,0,是
7GO56KBFJV*B7543AM,2026-04-30,2026-05-14,193,3111.39,17,0,48,164,是
7GO56KBFJV*B7292BM,2026-05-25,2026-06-02,543,40330.63,24,6,135,461,是
7GO56KBFJV*E7112CM,2026-06-16,2026-06-30,80,2834.18,1,4,20,68,是
7GO56KBFJV*E7574DM,2026-07-30,2026-08-13,692,25642.75,57,6,173,588,是
7GO56KBFJV*D7949EM,2026-07-05,2026-07-09,551,43799.86,57,4,137,468,是
7GO56KBFJV*E7726FM,2026-07-11,2026-07-15,41,647.65,6,0,10,34,是
7GO56KBFJV*D7900GM,2026-06-29,,0,0.0,0,0,0,0,是
7GO56KBFJV*D7968HM,2026-05-20,2026-05-24,632,32725.91,28,12,158,537,否
7GO56KBFJV*E7817IM,2026-04-09,2026-04-15,105,1861.36,3,6,26,89,否
7GO56KBFJV*B7988JM,2026-06-11,,0,0.0,0,0,0,0,是
7GO56KBFJV*C7194KM,2026-05-14,2026-05-26,18,847.03,17,5,4,15,否
7GO56KBFJV*B7324LM,2026-05-10,2026-05-16,321,16330.19,39,1,80,272,否
7GO56KBFJV*C7255MM,2026-05-21,,0,0.0,0,0,0,0,否
7GO56KBFJV*C7877NM,2026-06-09,,0,0.0,0,0,0,0,是
7GO56KBFJV*E7674OM,2026-06-14,,0,0.0,0,0,0,0,否
7GO56KBFJV*B7222PM,2026-06-23,,0,0.0,0,0,0,0,否
7GO56KBFJV*E7794QM,2026-05-21,2026-05-27,92,674.26,0,1,23,78,否
7GO56KBFJV*E7910RM,2026-07-02,2026-07-14,356,25409.4,36,0,89,302,是
7GO56KBFJV*E7188SM,2026-05-02,2026-05-06,475,26312.53,32,23,118,403,否
7GO56KBFJV*B7632TM,2026-06-15,2026-06-17,1473,122276.93,29,26,368,1252,是
7GO56KBFJV*B7912UM,2026-06-09,2026-06-22,577,42348.84,43,4,144,490,否
7GO56KBFJV*D7451VM,2026-06-20,2026-06-23,656,44034.9,52,28,164,557,是
7GO56KBFJV*B7586WM,2026-05-30,2026-06-08,1703,142766.59,74,14,425,1447,是
7GO56KBFJV*E7920XM,2026-06-07,2026-06-13,516,32651.91,25,0,129,438,是
7GO56KBFJV*E7334YM,2026-06-06,,0,0.0,0,0,0,0,是
7GO56KBFJV*D7586ZM,2026-05-01,2026-05-10,209,10039.52,0,3,52,177,否
7GO56KBFJV*B7637AM,2026-04-27,,0,0.0,0,0,0,0,否
7GO56KBFJV*C7352BM,2026-06-13,,0,0.0,0,0,0,0,否
7GO56KBFJV*D7609CM,2026-04-30,2026-05-04,342,20682.28,22,19,85,290,否
7GO56KBFJV*C7580DM,2026-05-23,2026-05-28,369,8337.42,42,3,92,313,否
7GO56KBFJV*C7921EM,2026-04-12,2026-04-23,997,79049.64,89,30,249,847,否
7GO56KBFJV*D7720FM,2026-07-17,2026-07-27,1457,36287.55,48,9,364,1238,是
7GO56KBFJV*B7967GM,2026-07-15,2026-07-18,75,3322.66,0,2,18,63,否
7GO56KBFJV*C7925HM,2026-06-20,2026-06-21,177,6703.23,3,6,44,150,是
7GO56KBFJV*B7967IM,2026-07-28,2026-07-30,156,5564.98,2,3,39,132,否
7GO56KBFJV*C7323JM,2026-06-19,2026-06-20,1250,85204.29,71,9,312,1062,是
7GO56KBFJV*E7261KM,2026-07-04,2026-07-08,62,1180.79,6,2,15,52,是
7GO56KBFJV*B7337LM,2026-06-14,,0,0.0,0,0,0,0,否
7GO56KBFJV*C7351MM,2026-07-12,2026-07-24,1526,40883.31,32,30,381,1297,否
7GO56KBFJV*B7394NM,2026-06-12,2026-06-23,1292,94678.21,76,23,323,1098,否
7GO56KBFJV*E7491OM,2026-05-27,2026-06-03,621,56565.86,69,26,155,527,是
7GO56KBFJV*C7249PM,2026-04-10,2026-04-12,681,40464.66,59,13,170,578,是
7GO56KBFJV*C7745QM,2026-06-05,2026-06-16,575,39065.12,38,2,143,488,是
7GO56KBFJV*D7247RM,2026-04-30,,0,0.0,0,0,0,0,是
7GO56KBFJV*E7216SM,2026-06-23,,0,0.0,0,0,0,0,是
7GO56KBFJV*D7621TM,2026-04-22,2026-04-28,79,550.78,14,5,19,67,否
7GO56KBFJV*B7893UM,2026-07-05,2026-07-09,659,39044.62,42,2,164,560,是
7GO56KBFJV*B7915VM,2026-07-07,2026-07-16,675,16718.61,31,21,168,573,是
7GO56KBFJV*B7941WM,2026-05-13,2026-05-23,140,4210.81,18,5,35,119,否
7GO56KBFJV*D7621XM,2026-04-07,2026-04-10,469,32943.51,45,21,117,398,是
7GO56KBFJV*B7759YM,2026-04-28,2026-05-04,25,647.06,1,4,6,21,是
7GO56KBFJV*D7869ZM,2026-07-07,2026-07-12,544,20197.56,57,2,136,462,是
7GO56KBFJV*C7316AM,2026-05-09,2026-05-17,488,21762.01,40,6,122,414,是
7GO56KBFJV*E7723BM,2026-06-16,,0,0.0,0,0,0,0,是
7GO56KBFJV*D7887CM,2026-07-28,2026-08-04,101,1853.77,6,4,25,85,是
7GO56KBFJV*C7536DM,2026-07-06,,0,0.0,0,0,0,0,是
7GO56KBFJV*E7784EM,2026-04-20,2026-04-26,1093,69361.13,27,10,273,929,否
7GO56KBFJV*B7926FM,2026-05-27,2026-06-05,33,859.03,6,5,8,28,否
7GO56KBFJV*D7525GM,2026-06-26,,0,0.0,0,0,0,0,是
7GO56KBFJV*C7812HM,2026-05-10,2026-05-14,400,26742.47,20,6,100,340,否
7GO56KBFJV*C7696IM,2026-07-08,2026-07-10,1,40.44,1,6,0,0,是
7GO56KBFJV*B7209JM,2026-07-04,2026-07-07,1026,62101.21,63,11,256,872,是
7GO56KBFJV*D7690KM,2026-04-11,2026-04-12,352,18690.73,22,6,88,299,否
7GO56KBFJV*C7690LM,2026-05-20,2026-05-22,703,28483.48,34,6,175,597,否
7GO56KBFJV*D7386NM,2026-04-04,2026-04-17,172,1857.87,11,5,43,146,否
7GO56KBFJV*D7634OM,2026-06-22,,0,0.0,0,0,0,0,是
7GO56KBFJV*E7681PM,2026-06-01,2026-06-11,185,8636.31,0,2,46,157,否
7GO56KBFJV*B7806QM,2026-05-22,,0,0.0,0,0,0,0,否
7GO56KBFJV*C7726RM,2026-06-09,2026-06-10,417,11363.72,56,0,104,354,否
7GO56KBFJV*E7669SM,2026-07-14,2026-07-20,585,12629.72,49,0,146,497,是
7GO56KBFJV*E7257TM,2026-07-26,2026-08-09,687,25977.45,41,5,171,583,否
7GO56KBFJV*D7563UM,2026-06-20,2026-06-26,77,1728.35,10,6,19,65,是
7GO56KBFJV*B7673VM,2026-06-20,2026-06-24,34,1328.42,9,1,8,28,否
7GO56KBFJV*C7922WM,2026-06-22,,0,0.0,0,0,0,0,否
7GO56KBFJV*B7184XM,2026-04-29,,0,0.0,0,0,0,0,是
7GO56KBFJV*B7254YM,2026-05-04,2026-05-16,1957,99178.69,32,20,489,1663,否
7GO56KBFJV*D7777ZM,2026-04-18,,0,0.0,0,0,0,0,否
7GO56KBFJV*E7358AM,2026-07-23,2026-08-03,1469,116084.88,66,11,367,1248,是
7GO56KBFJV*D7517BM,2026-05-05,2026-05-12,923,57659.37,100,18,230,784,是
7GO56KBFJV*E7724DM,2026-06-21,,0,0.0,0,0,0,0,否
7GO56KBFJV*B7657EM,2026-04-12,2026-04-21,1146,72166.95,70,14,286,974,是
7GO56KBFJV*B7110FM,2026-07-06,,0,0.0,0,0,0,0,是
7GO56KBFJV*D7724GM,2026-07-31,2026-08-11,598,42018.32,34,2,149,508,是
7GO56KBFJV*D7443HM,2026-07-09,,0,0.0,0,0,0,0,是
7GO56KBFJV*C7995IM,2026-04-17,,0,0.0,0,0,0,0,否
7GO56KBFJV*C7736JM,2026-07-17,2026-07-24,36,210.52,5,5,9,30,否
7GO56KBFJV*E7191LM,2026-04-21,,0,0.0,0,0,0,0,否
7GO56KBFJV*B7517MM,2026-06-06,2026-06-20,90,4070.27,13,3,22,76,是
7GO56KBFJV*D7947NM,2026-07-12,,0,0.0,0,0,0,0,否
7GO56KBFJV*E7928OM,2026-04-07,2026-04-16,737,25486.3,48,5,184,626,否
7GO56KBFJV*E7714PM,2026-06-03,2026-06-15,1274,82141.38,37,15,318,1082,是
7GO56KBFJV*C7992QM,2026-04-22,2026-04-25,106,5158.89,2,4,26,90,否
7GO56KBFJV*E7493RM,2026-04-15,,0,0.0,0,0,0,0,否
7GO56KBFJV*B7309SM,2026-05-26,2026-06-09,1193,37874.66,50,12,298,1014,否
7GO56KBFJV*D7148TM,2026-07-13,,0,0.0,0,0,0,0,否
7GO56KBFJV*C7204UM,2026-05-22,2026-06-02,43,1257.96,16,4,10,36,是
7GO56KBFJV*B7604VM,2026-06-12,2026-06-22,1915,144554.34,39,10,478,1627,否
7GO56KBFJV*B7502WM,2026-04-16,2026-04-23,543,16408.47,47,4,135,461,否
7GO56KBFJV*D7902XM,2026-06-08,2026-06-14,124,5036.74,13,2,31,105,否
7GO56KBFJV*D7562YM,2026-05-04,2026-05-08,600,20258.09,52,2,150,510,是
7GO56KBFJV*E7493ZM,2026-06-16,2026-06-20,26,804.47,17,6,6,22,是
7GO56KBFJV*E7490AM,2026-05-17,2026-05-30,83,3110.54,16,3,20,70,否
7GO56KBFJV*E7950BM,2026-04-27,2026-05-07,1450,78326.07,22,10,362,1232,是
7GO56KBFJV*D7204CM,2026-04-23,2026-04-29,219,7244.47,13,5,54,186,否
7GO56KBFJV*B7592DM,2026-07-29,2026-08-12,1046,82231.61,75,16,261,889,是
7GO56KBFJV*E7971EM,2026-05-15,2026-05-25,203,6995.18,7,6,50,172,是
7GO56KBFJV*D7511FM,2026-07-22,2026-07-31,387,16937.79,23,9,96,328,否
7GO56KBFJV*D7906GM,2026-04-02,2026-04-13,399,31082.57,20,6,99,339,否
7GO56KBFJV*D7989HM,2026-07-09,2026-07-18,342,21620.31,40,2,85,290,否
7GO56KBFJV*D7758IM,2026-07-01,2026-07-05,1025,52770.43,90,30,256,871,否
7GO56KBFJV*E7856JM,2026-06-14,,0,0.0,0,0,0,0,是
7GO56KBFJV*D7245KM,2026-07-28,2026-07-30,405,34549.93,68,15,101,344,是
7GO56KBFJV*D7286LM,2026-05-20,2026-06-01,322,16628.82,44,5,80,273,是
7GO56KBFJV*D7527MM,2026-05-27,2026-06-02,239,6570.45,12,6,59,203,否
7GO56KBFJV*D7352AM,2026-07-02,2026-07-04,1391,125955.37,22,8,347,1182,是
7GO56KBFJV*D7879BM,2026-04-01,2026-04-02,244,2555.34,3,4,61,207,否
7GO56KBFJV*C7497CM,2026-06-11,2026-06-16,187,5836.36,1,6,46,158,是
7GO56KBFJV*C7158DM,2026-05-23,2026-05-29,957,45872.85,55,16,239,813,是
7GO56KBFJV*B7215EM,2026-05-04,2026-05-18,901,28638.59,71,18,225,765,是
7GO56KBFJV*B7253FM,2026-05-06,,0,0.0,0,0,0,0,是
7GO56KBFJV*B7924GM,2026-06-19,2026-06-24,366,17694.03,21,3,91,311,是
7GO56KBFJV*E7155HM,2026-07-14,2026-07-26,1819,150085.05,85,13,454,1546,否
7GO56KBFJV*B7327IM,2026-05-28,,0,0.0,0,0,0,0,否
7GO56KBFJV*D7572JM,2026-06-01,2026-06-13,107,1267.54,13,2,26,90,否
7GO56KBFJV*B7450KM,2026-06-05,2026-06-16,851,60994.38,50,20,212,723,是
7GO56KBFJV*E7536LM,2026-04-13,2026-04-20,583,35163.21,30,5,145,495,是
7GO56KBFJV*B7158MM,2026-05-04,2026-05-09,1172,109528.94,23,27,293,996,否
7GO56KBFJV*B7422NM,2026-07-22,2026-07-26,24,1176.75,15,5,6,20,否
7GO56KBFJV*B7520OM,2026-07-06,2026-07-20,515,17365.05,24,6,128,437,是
7GO56KBFJV*C7126PM,2026-05-13,2026-05-23,7,169.55,3,5,1,5,否
7GO56KBFJV*E7250QM,2026-05-09,2026-05-15,427,27803.51,40,6,106,362,是
7GO56KBFJV*D7548RM,2026-06-18,2026-06-28,181,3816.83,12,6,45,153,否
7GO56KBFJV*C7574SM,2026-05-06,2026-05-16,3,93.56,18,4,0,2,是
7GO56KBFJV*E7462TM,2026-07-04,2026-07-16,927,78650.48,74,27,231,787,否
7GO56KBFJV*E7245UM,2026-04-16,,0,0.0,0,0,0,0,是
7GO56KBFJV*E7122VM,2026-06-01,2026-06-10,210,2122.23,10,4,52,178,是
7GO56KBFJV*B7510WM,2026-07-04,,0,0.0,0,0,0,0,否
7GO56KBFJV*D7708XM,2026-06-15,2026-06-27,865,32855.48,69,24,216,735,否
7GO56KBFJV*E7813YM,2026-04-29,2026-05-13,158,876.56,15,2,39,134,否
7GO56KBFJV*E7180ZM,2026-04-25,2026-04-26,819,58798.05,50,15,204,696,是
7GO56KBFJV*C7148AM,2026-06-04,2026-06-13,1293,57436.42,74,13,323,1099,是
7GO56KBFJV*C7296BM,2026-07-06,2026-07-15,597,45247.71,53,3,149,507,是
7GO56KBFJV*C7401CM,2026-06-10,2026-06-15,91,3292.42,3,0,22,77,否
7GO56KBFJV*B7210DM,2026-04-21,2026-05-02,716,42994.38,60,30,179,608,是
7GO56KBFJV*C7641EM,2026-06-04,2026-06-13,201,6918.66,7,1,50,170,否
7GO56KBFJV*B7132FM,2026-07-21,2026-07-26,1415,40273.35,24,27,353,1202,否
7GO56KBFJV*C7348GM,2026-06-07,2026-06-08,136,6426.97,13,4,34,115,否
7GO56KBFJV*D7836HM,2026-06-12,,0,0.0,0,0,0,0,否
7GO56KBFJV*D7368IM,2026-04-16,2026-04-24,208,10134.49,2,5,52,176,是
7GO56KBFJV*E7700JM,2026-04-03,2026-04-09,50,2274.27,0,1,12,42,是
7GO56KBFJV*C7706KM,2026-05-31,2026-06-03,162,4673.21,5,1,40,137,否
7GO56KBFJV*B7116LM,2026-06-10,2026-06-22,1333,52194.23,77,8,333,1133,是
7GO56KBFJV*B7703MM,2026-06-17,2026-06-20,1055,51382.56,61,24,263,896,是
7GO56KBFJV*E7548NM,2026-05-22,2026-05-23,793,55800.93,30,3,198,674,是
7GO56KBFJV*D7890OM,2026-07-18,2026-07-29,364,17860.95,27,1,91,309,是
7GO56KBFJV*E7900PM,2026-05-26,2026-06-08,575,37422.03,52,2,143,488,否
7GO56KBFJV*B7879QM,2026-07-08,2026-07-09,49,2293.81,6,1,12,41,否
7GO56KBFJV*E7241RM,2026-05-06,2026-05-10,1249,112482.0,30,16,312,1061,否
7GO56KBFJV*C7964SM,2026-05-17,2026-05-29,203,5607.0,4,3,50,172,否
7GO56KBFJV*B7597TM,2026-05-02,2026-05-03,580,57950.57,75,17,145,493,是
7GO56KBFJV*C7964UM,2026-06-14,2026-06-26,586,19131.88,60,6,146,498,否
7GO56KBFJV*B7998VM,2026-04-26,2026-05-07,419,8690.84,43,1,104,356,否
7GO56KBFJV*C7924WM,2026-07-23,2026-07-29,1980,107060.4,40,22,495,1683,是
7GO56KBFJV*B7515XM,2026-07-30,2026-08-07,369,28036.39,31,4,92,313,是
7GO56KBFJV*E7935YM,2026-04-23,,0,0.0,0,0,0,0,是
7GO56KBFJV*B7573ZM,2026-07-19,2026-07-29,648,20993.82,33,13,162,550,否
7GO56KBFJV*C7548AM,2026-05-06,2026-05-09,893,24637.01,41,12,223,759,否
7GO56KBFJV*E7202BM,2026-04-01,2026-04-13,1594,86623.85,73,21,398,1354,否
7GO56KBFJV*B7999AM,2026-04-17,2026-04-28,576,34060.75,83,14,144,489,否
7GO56KBFJV*E7683BM,2026-07-08,2026-07-17,680,43366.39,42,25,170,578,否
7GO56KBFJV*C7121CM,2026-06-19,,0,0.0,0,0,0,0,否
7GO56KBFJV*D7438DM,2026-04-01,2026-04-04,19,654.85,3,3,4,16,否
7GO56KBFJV*D7567EM,2026-05-05,2026-05-10,1075,56044.33,70,22,268,913,否
7GO56KBFJV*E7574FM,2026-07-15,2026-07-18,332,11953.78,56,2,83,282,否
7GO56KBFJV*B7544GM,2026-04-19,2026-04-21,1397,110866.42,43,9,349,1187,否
7GO56KBFJV*E7723HM,2026-06-13,2026-06-24,725,51947.46,43,0,181,616,否
7GO56KBFJV*B7384IM,2026-07-27,2026-08-05,76,3741.54,4,6,19,64,是
7GO56KBFJV*E7609JM,2026-04-20,2026-05-04,122,4863.64,9,0,30,103,否
7GO56KBFJV*C7235KM,2026-05-25,2026-05-29,1635,120241.89,77,13,408,1389,否
7GO56KBFJV*C7254LM,2026-04-27,,0,0.0,0,0,0,0,否
7GO56KBFJV*D7407MM,2026-07-22,2026-07-25,1415,138429.46,75,8,353,1202,否
7GO56KBFJV*D7770NM,2026-07-23,2026-08-06,456,39469.61,55,25,114,387,否
7GO56KBFJV*D7924OM,2026-05-30,2026-06-06,113,974.27,5,4,28,96,是
7GO56KBFJV*E7897PM,2026-06-11,2026-06-22,361,9424.48,42,6,90,306,是
7GO56KBFJV*E7313QM,2026-05-22,2026-05-31,129,6107.52,17,2,32,109,是
7GO56KBFJV*E7990RM,2026-04-23,2026-04-30,562,33391.71,74,15,140,477,是
7GO56KBFJV*E7331SM,2026-04-30,,0,0.0,0,0,0,0,是
7GO56KBFJV*E7365TM,2026-07-21,2026-07-26,188,1162.95,2,4,47,159,否
7GO56KBFJV*B7761UM,2026-06-17,2026-06-19,154,6545.78,7,4,38,130,是
7GO56KBFJV*D7332VM,2026-04-14,2026-04-23,497,39179.45,57,2,124,422,否
7GO56KBFJV*C7836WM,2026-05-13,2026-05-21,76,956.04,10,4,19,64,是
7GO56KBFJV*E7189XM,2026-04-26,2026-04-30,172,8053.34,3,0,43,146,否
7GO56KBFJV*C7823YM,2026-04-01,2026-04-03,162,6161.26,0,5,40,137,否
7GO56KBFJV*D7257ZM,2026-05-15,2026-05-23,1302,117820.98,27,22,325,1106,是
7GO56KBFJV*B7644AM,2026-05-25,2026-05-31,228,9422.27,2,1,57,193,否
7GO56KBFJV*D7495BM,2026-05-17,,0,0.0,0,0,0,0,否
7GO56KBFJV*E7660CM,2026-06-18,2026-07-01,231,6372.0,0,4,57,196,是
7GO56KBFJV*E7137DM,2026-05-12,2026-05-22,1378,70743.94,33,24,344,1171,是
7GO56KBFJV*D7307EM,2026-07-10,2026-07-18,555,41006.08,68,12,138,471,是
7GO56KBFJV*B7101FM,2026-05-01,2026-05-08,103,5092.79,11,3,25,87,是
7GO56KBFJV*B7702GM,2026-04-06,2026-04-20,127,1718.24,5,3,31,107,否
7GO56KBFJV*D7728HM,2026-04-26,2026-04-28,546,42244.6,55,0,136,464,否
7GO56KBFJV*C7953IM,2026-07-08,,0,0.0,0,0,0,0,是
7GO56KBFJV*D7202JM,2026-06-08,2026-06-12,742,45362.9,41,23,185,630,否
7GO56KBFJV*E7968KM,2026-05-05,2026-05-15,240,10917.79,12,2,60,204,是
7GO56KBFJV*B7687LM,2026-05-04,2026-05-07,963,74005.67,42,10,240,818,否
7GO56KBFJV*C7771MM,2026-06-12,2026-06-18,625,25721.79,51,28,156,531,是
7GO56KBFJV*C7109OM,2026-06-16,2026-06-20,228,2685.37,17,3,57,193,否
7GO56KBFJV*B7277PM,2026-07-14,2026-07-17,600,33931.69,32,2,150,510,否
7GO56KBFJV*C7267QM,2026-05-25,,0,0.0,0,0,0,0,是
7GO56KBFJV*D7755RM,2026-06-15,2026-06-24,5,135.75,12,6,1,4,否
7GO56KBFJV*B7913SM,2026-07-17,2026-07-28,1645,157103.92,47,13,411,1398,是
7GO56KBFJV*B7701TM,2026-06-27,,0,0.0,0,0,0,0,是
7GO56KBFJV*E7970UM,2026-04-30,2026-05-01,228,9821.06,5,3,57,193,是
7GO56KBFJV*B7726VM,2026-05-22,2026-05-24,138,2879.29,5,6,34,117,否
7GO56KBFJV*B7245WM,2026-04-30,2026-05-10,1173,97927.52,50,14,293,997,否
7GO56KBFJV*D7780XM,2026-05-19,2026-06-02,100,4156.31,3,4,25,85,否
7GO56KBFJV*B7481YM,2026-05-23,2026-05-30,149,5136.31,16,1,37,126,是
7GO56KBFJV*E7552ZM,2026-07-18,2026-07-19,925,22290.05,21,13,231,786,否
7GO56KBFJV*B7391AM,2026-07-18,2026-08-01,1423,135592.62,57,22,355,1209,否
7GO56KBFJV*B7158BM,2026-06-09,2026-06-13,1598,148983.0,46,28,399,1358,是
7GO56KBFJV*C7527CM,2026-05-02,2026-05-08,191,8746.38,4,0,47,162,否
7GO56KBFJV*B7617DM,2026-04-20,2026-05-04,244,8927.58,6,0,61,207,否
7GO56KBFJV*D7291EM,2026-04-19,2026-05-03,1267,124386.18,34,9,316,1076,是
7GO56KBFJV*C7578FM,2026-07-10,2026-07-14,357,9182.84,46,1,89,303,否
7GO56KBFJV*D7688GM,2026-06-11,2026-06-13,1256,104122.44,81,8,314,1067,否
7GO56KBFJV*B7882HM,2026-06-17,2026-06-28,355,15954.19,56,1,88,301,否
7GO56KBFJV*C7508IM,2026-07-27,2026-07-31,515,26537.52,59,6,128,437,是
7GO56KBFJV*B7960JM,2026-05-27,2026-06-03,1652,133282.1,92,20,413,1404,是
7GO56KBFJV*C7557KM,2026-07-15,2026-07-27,637,40519.95,40,13,159,541,是
7GO56KBFJV*E7683LM,2026-05-15,2026-05-18,409,9313.92,41,4,102,347,是
7GO56KBFJV*E7672MM,2026-04-02,2026-04-05,168,1006.91,7,4,42,142,否
7GO56KBFJV*D7610NM,2026-04-04,2026-04-18,130,1683.31,16,0,32,110,是
7GO56KBFJV*E7230OM,2026-04-28,2026-04-30,315,19138.94,50,5,78,267,是
7GO56KBFJV*C7829PM,2026-07-14,,0,0.0,0,0,0,0,否
7GO56KBFJV*D7214QM,2026-05-06,2026-05-19,44,318.34,5,4,11,37,否
7GO56KBFJV*E7138RM,2026-04-02,2026-04-16,1038,96175.42,70,21,259,882,否
7GO56KBFJV*B7624SM,2026-06-15,2026-06-23,4,116.55,13,3,1,3,是
7GO56KBFJV*B7724TM,2026-07-18,2026-07-24,430,21409.04,69,14,107,365,是
7GO56KBFJV*E7696AM,2026-04-08,2026-04-20,1670,42765.05,25,19,417,1419,否
7GO56KBFJV*C7754BM,2026-04-14,2026-04-27,551,42988.23,48,6,137,468,是
7GO56KBFJV*E7969CM,2026-07-22,2026-07-31,620,22907.76,46,4,155,527,否
7GO56KBFJV*E7699DM,2026-05-13,2026-05-22,61,357.49,11,3,15,51,是
7GO56KBFJV*E7414EM,2026-04-14,2026-04-27,203,4206.05,12,4,50,172,否
7GO56KBFJV*C7550FM,2026-04-19,,0,0.0,0,0,0,0,否
7GO56KBFJV*C7465GM,2026-05-17,2026-05-31,509,30503.14,58,1,127,432,否
7GO56KBFJV*E7178HM,2026-04-17,2026-04-28,159,5145.74,3,5,39,135,否
7GO56KBFJV*B7369IM,2026-07-31,2026-08-08,222,7086.22,7,6,55,188,是
7GO56KBFJV*E7883JM,2026-06-06,,0,0.0,0,0,0,0,是
7GO56KBFJV*C7412KM,2026-07-08,2026-07-15,1411,101071.29,79,8,352,1199,是
7GO56KBFJV*E7123LM,2026-05-31,2026-06-02,464,26566.73,55,28,116,394,否
7GO56KBFJV*C7263MM,2026-06-14,2026-06-21,1046,25504.06,31,17,261,889,否
7GO56KBFJV*D7912NM,2026-07-15,2026-07-23,769,72988.23,24,27,192,653,否
7GO56KBFJV*D7898OM,2026-06-13,,0,0.0,0,0,0,0,是
7GO56KBFJV*E7275PM,2026-07-28,2026-08-11,504,26927.58,39,3,126,428,否
7GO56KBFJV*E7362QM,2026-07-08,2026-07-22,777,42316.41,54,1,194,660,否
7GO56KBFJV*E7284RM,2026-06-13,,0,0.0,0,0,0,0,否
7GO56KBFJV*B7427SM,2026-06-16,2026-06-17,1550,151766.81,100,29,387,1317,是
7GO56KBFJV*D7124TM,2026-07-17,2026-07-18,650,18769.63,55,19,162,552,是
7GO56KBFJV*C7385UM,2026-07-10,2026-07-13,222,10689.57,3,1,55,188,是
7GO56KBFJV*B7162VM,2026-06-26,,0,0.0,0,0,0,0,是
7GO56KBFJV*C7801WM,2026-04-18,,0,0.0,0,0,0,0,是
7GO56KBFJV*D7800XM,2026-06-21,,0,0.0,0,0,0,0,是
7GO56KBFJV*D7880YM,2026-06-16,2026-06-26,856,33878.3,73,11,214,727,是
7GO56KBFJV*C7625ZM,2026-04-29,2026-05-02,215,2554.12,0,1,53,182,否
7GO56KBFJV*B7890AM,2026-05-03,,0,0.0,0,0,0,0,否
7GO56KBFJV*E7188BM,2026-06-03,,0,0.0,0,0,0,0,是
7GO56KBFJV*E7842CM,2026-04-27,,0,0.0,0,0,0,0,否
7GO56KBFJV*E7519DM,2026-06-07,2026-06-19,68,2434.3,18,4,17,57,是
7GO56KBFJV*E7622EM,2026-05-26,2026-05-29,647,13747.93,57,30,161,549,否
7GO56KBFJV*E7660FM,2026-06-17,2026-06-20,1049,24912.44,60,24,262,891,是
7GO56KBFJV*C7102GM,2026-04-22,2026-05-02,571,36592.58,49,28,142,485,否
7GO56KBFJV*D7300HM,2026-05-27,,0,0.0,0,0,0,0,是
7GO56KBFJV*B7182IM,2026-04-25,2026-04-27,461,21496.89,34,0,115,391,是
7GO56KBFJV*D7200JM,2026-05-05,2026-05-09,237,4855.63,17,2,59,201,是
7GO56KBFJV*C7579KM,2026-05-23,2026-06-01,618,16723.21,34,2,154,525,是
7GO56KBFJV*C7917LM,2026-06-08,2026-06-21,115,2595.24,1,2,28,97,否
7GO56KBFJV*E7365MM,2026-07-18,2026-07-22,858,32073.33,27,11,214,729,否
7GO56KBFJV*D7147NM,2026-04-10,2026-04-23,873,19703.22,48,28,218,742,是
7GO56KBFJV*B7250OM,2026-07-24,2026-07-27,180,5882.45,8,2,45,153,是
7GO56KBFJV*E7617PM,2026-07-21,2026-07-25,1225,65029.54,41,22,306,1041,是
7GO56KBFJV*B7880QM,2026-05-19,2026-05-26,161,6385.53,17,5,40,136,是
7GO56KBFJV*C7592RM,2026-06-18,2026-07-02,349,34443.03,71,12,87,296,是
7GO56KBFJV*D7146SM,2026-05-05,,0,0.0,0,0,0,0,否
7GO56KBFJV*B7916TM,2026-06-11,2026-06-23,1498,42252.53,43,22,374,1273,是
7GO56KBFJV*D7296UM,2026-07-06,2026-07-15,624,41334.29,21,1,156,530,是
7GO56KBFJV*C7279VM,2026-07-22,2026-07-23,150,6429.94,0,0,37,127,是
7GO56KBFJV*B7312WM,2026-05-07,,0,0.0,0,0,0,0,是
7GO56KBFJV*C7556XM,2026-04-15,,0,0.0,0,0,0,0,是
7GO56KBFJV*D7366YM,2026-06-09,2026-06-11,561,22470.83,26,2,140,476,否
7GO56KBFJV*E7835ZM,2026-04-21,2026-04-24,14,619.86,2,3,3,11,否
7GO56KBFJV*B7141BM,2026-06-16,2026-06-24,1050,97968.32,43,23,262,892,是
7GO56KBFJV*C7503CM,2026-07-22,2026-08-05,798,60016.01,31,5,199,678,是
7GO56KBFJV*C7608DM,2026-04-26,2026-05-05,764,19108.33,50,18,191,649,否
7GO56KBFJV*D7584EM,2026-05-03,2026-05-10,392,27693.57,36,2,98,333,否
7GO56KBFJV*C7980FM,2026-06-16,,0,0.0,0,0,0,0,是
7GO56KBFJV*D7817GM,2026-07-06,2026-07-11,1759,37227.27,22,30,439,1495,是
7GO56KBFJV*D7543HM,2026-04-13,2026-04-14,1388,94772.64,27,30,347,1179,否
7GO56KBFJV*D7854IM,2026-07-08,2026-07-12,69,3291.05,3,4,17,58,否
7GO56KBFJV*C7380JM,2026-07-14,,0,0.0,0,0,0,0,是
7GO56KBFJV*B7151KM,2026-07-25,2026-08-07,445,18406.04,24,4,111,378,是
7GO56KBFJV*E7546LM,2026-05-03,2026-05-08,1352,66226.1,27,28,338,1149,否
7GO56KBFJV*E7406MM,2026-05-01,2026-05-12,519,19665.12,61,25,129,441,是
7GO56KBFJV*B7584NM,2026-05-13,2026-05-24,183,4101.12,15,2,45,155,是
7GO56KBFJV*D7559OM,2026-04-14,2026-04-18,683,19948.88,44,29,170,580,否
7GO56KBFJV*D7278PM,2026-05-14,,0,0.0,0,0,0,0,否
7GO56KBFJV*E7963QM,2026-07-22,2026-08-01,1475,96157.74,40,11,368,1253,否
7GO56KBFJV*B7111RM,2026-05-05,2026-05-12,986,44948.76,66,27,246,838,是
7GO56KBFJV*B7661SM,2026-04-12,2026-04-24,305,20296.28,45,6,76,259,是
7GO56KBFJV*E7509TM,2026-07-02,2026-07-03,912,81376.38,39,20,228,775,否
7GO56KBFJV*C7691UM,2026-06-16,2026-06-25,1379,70094.15,56,12,344,1172,否
7GO56KBFJV*E7942VM,2026-07-07,2026-07-20,1767,140303.98,90,23,441,1501,否
7GO56KBFJV*C7165WM,2026-04-20,2026-04-27,1348,60049.59,23,27,337,1145,是
7GO56KBFJV*E7749XM,2026-05-16,2026-05-18,585,42350.1,21,5,146,497,否
7GO56KBFJV*C7522YM,2026-05-13,2026-05-27,186,1547.85,6,2,46,158,是
7GO56KBFJV*D7678ZM,2026-06-18,,0,0.0,0,0,0,0,否
7GO56KBFJV*C7788AM,2026-07-09,2026-07-20,207,6684.07,2,1,51,175,否
7GO56KBFJV*C7569BM,2026-06-29,,0,0.0,0,0,0,0,否
7GO56KBFJV*E7908CM,2026-07-12,2026-07-21,518,19733.83,43,2,129,440,否
7GO56KBFJV*E7390DM,2026-04-01,2026-04-03,839,77036.71,45,10,209,713,否
7GO56KBFJV*E7724EM,2026-04-29,,0,0.0,0,0,0,0,是
7GO56KBFJV*D7722FM,2026-05-14,2026-05-16,627,47821.05,54,3,156,532,否
7GO56KBFJV*D7848GM,2026-06-21,,0,0.0,0,0,0,0,否
7GO56KBFJV*B7631HM,2026-07-21,2026-07-22,1401,30014.17,78,13,350,1190,否
7GO56KBFJV*E7774IM,2026-07-03,2026-07-07,81,2363.03,14,0,20,68,否
7GO56KBFJV*D7970JM,2026-04-29,,0,0.0,0,0,0,0,是
7GO56KBFJV*C7929KM,2026-06-14,2026-06-18,241,2040.69,14,0,60,204,否
7GO56KBFJV*D7191LM,2026-05-26,2026-06-03,53,1590.09,4,5,13,45,是
7GO56KBFJV*C7716MM,2026-07-29,2026-08-09,1177,29323.09,67,25,294,1000,否
7GO56KBFJV*E7887NM,2026-06-15,2026-06-21,45,590.21,8,5,11,38,是
7GO56KBFJV*C7450OM,2026-04-14,2026-04-21,989,90275.14,32,28,247,840,否
7GO56KBFJV*D7986PM,2026-04-29,2026-05-03,413,32686.32,20,6,103,351,是
7GO56KBFJV*B7587QM,2026-07-10,,0,0.0,0,0,0,0,否
7GO56KBFJV*C7993RM,2026-04-22,2026-05-06,192,2711.88,5,0,48,163,否
7GO56KBFJV*B7479SM,2026-06-05,2026-06-15,702,16849.15,34,2,175,596,否
7GO56KBFJV*E7812TM,2026-06-19,,0,0.0,0,0,0,0,否
7GO56KBFJV*D7437UM,2026-07-27,2026-08-09,16,160.9,4,4,4,13,是
7GO56KBFJV*E7205VM,2026-04-07,2026-04-12,1781,106812.8,34,25,445,1513,是
7GO56KBFJV*B7423WM,2026-05-23,2026-06-03,3,116.9,0,1,0,2,是
7GO56KBFJV*B7876XM,2026-04-29,,0,0.0,0,0,0,0,否
7GO56KBFJV*E7967YM,2026-05-16,2026-05-25,1338,109724.9,35,29,334,1137,是
7GO56KBFJV*D7345ZM,2026-04-29,,0,0.0,0,0,0,0,是
7GO56KBFJV*C7333AM,2026-06-03,2026-06-08,675,50447.73,43,28,168,573,是
7GO56KBFJV*C7664BM,2026-04-26,2026-05-08,953,56413.84,46,12,238,810,是
7GO56KBFJV*E7128CM,2026-07-08,2026-07-14,407,37291.11,76,30,101,345,否
7GO56KBFJV*C7538DM,2026-04-01,2026-04-14,230,8562.13,12,5,57,195,否
7GO56KBFJV*C7206EM,2026-05-06,2026-05-13,100,2174.67,13,6,25,85,是
7GO56KBFJV*D7321FM,2026-04-18,,0,0.0,0,0,0,0,是
7GO56KBFJV*C7297GM,2026-06-01,2026-06-05,712,30663.97,48,0,178,605,否
7GO56KBFJV*B7497HM,2026-05-01,,0,0.0,0,0,0,0,是
7GO56KBFJV*E7257IM,2026-05-20,,0,0.0,0,0,0,0,否
7GO56KBFJV*D7581JM,2026-04-03,2026-04-16,457,22445.95,31,5,114,388,是
7GO56KBFJV*C7641KM,2026-04-25,2026-04-27,707,26472.42,26,6,176,600,否
7GO56KBFJV*C7131LM,2026-07-17,2026-07-24,81,2744.3,13,4,20,68,是
7GO56KBFJV*B7575AM,2026-04-18,2026-04-26,1156,57102.54,29,13,289,982,否
7GO56KBFJV*C7192BM,2026-06-04,,0,0.0,0,0,0,0,是
7GO56KBFJV*C7306CM,2026-05-16,2026-05-20,1077,39315.25,86,7,269,915,否
7GO56KBFJV*D7628DM,2026-07-02,2026-07-16,1077,102445.93,96,23,269,915,是
7GO56KBFJV*B7530EM,2026-06-14,,0,0.0,0,0,0,0,否
7GO56KBFJV*D7929FM,2026-04-19,2026-05-02,663,46499.34,59,0,165,563,是
7GO56KBFJV*E7271GM,2026-04-19,2026-04-20,1023,97763.37,25,26,255,869,否
7GO56KBFJV*E7967HM,2026-05-23,,0,0.0,0,0,0,0,否
7GO56KBFJV*E7777IM,2026-06-01,,0,0.0,0,0,0,0,是
7GO56KBFJV*D7448JM,2026-07-24,2026-08-01,549,37049.5,26,4,137,466,否
7GO56KBFJV*B7870KM,2026-04-28,2026-05-11,1536,110641.06,22,24,384,1305,是
7GO56KBFJV*D7465LM,2026-06-09,,0,0.0,0,0,0,0,是
7GO56KBFJV*C7715MM,2026-05-10,2026-05-16,66,686.67,4,1,16,56,否
7GO56KBFJV*D7650NM,2026-07-04,2026-07-17,1439,62658.15,21,21,359,1223,否
7GO56KBFJV*C7269OM,2026-04-22,2026-05-05,220,8027.7,17,2,55,187,否
7GO56KBFJV*E7395PM,2026-04-03,2026-04-14,120,4992.93,13,5,30,102,否
7GO56KBFJV*C7420QM,2026-07-09,2026-07-17,56,1899.46,2,4,14,47,否
7GO56KBFJV*B7435RM,2026-07-29,2026-07-30,1038,102114.19,59,22,259,882,是
7GO56KBFJV*E7727SM,2026-07-29,2026-08-11,145,2143.83,15,0,36,123,是
7GO56KBFJV*D7799TM,2026-04-01,2026-04-10,730,45013.75,25,29,182,620,是
7GO56KBFJV*E7703UM,2026-06-07,2026-06-21,822,41664.84,64,14,205,698,否
7GO56KBFJV*C7543VM,2026-07-03,2026-07-12,1476,34497.69,23,10,369,1254,是
7GO56KBFJV*B7481WM,2026-04-30,2026-05-06,1363,132779.08,57,27,340,1158,是
7GO56KBFJV*B7362XM,2026-04-09,2026-04-10,868,75758.62,77,19,217,737,否
7GO56KBFJV*B7216YM,2026-04-12,2026-04-20,940,46320.79,38,7,235,799,否
7GO56KBFJV*B7277ZM,2026-05-21,2026-06-02,313,20874.79,38,3,78,266,是
7GO56KBFJV*E7513AM,2026-07-31,2026-08-10,1446,109285.2,70,18,361,1229,否
7GO56KBFJV*E7836BM,2026-05-29,2026-05-31,485,33860.41,35,9,121,412,否
7GO56KBFJV*E7301CM,2026-05-26,,0,0.0,0,0,0,0,否
7GO56KBFJV*B7203DM,2026-06-15,2026-06-26,1029,68246.13,80,21,257,874,是
7GO56KBFJV*B7234EM,2026-07-20,2026-07-26,23,805.21,7,5,5,19,是
7GO56KBFJV*D7111FM,2026-05-16,2026-05-22,1793,126513.19,27,7,448,1524,否
7GO56KBFJV*B7216GM,2026-04-04,2026-04-11,1084,92779.68,50,29,271,921,否
7GO56KBFJV*E7605HM,2026-06-11,2026-06-22,1777,39015.79,52,19,444,1510,否
7GO56KBFJV*B7997IM,2026-06-28,,0,0.0,0,0,0,0,是
7GO56KBFJV*B7431JM,2026-06-02,2026-06-05,1807,66818.0,47,19,451,1535,是
7GO56KBFJV*D7424KM,2026-05-13,,0,0.0,0,0,0,0,否
7GO56KBFJV*C7221LM,2026-05-05,2026-05-08,979,27455.91,43,28,244,832,是
7GO56KBFJV*E7697MM,2026-04-25,2026-05-06,233,6782.33,0,6,58,198,否
7GO56KBFJV*E7753NM,2026-06-04,,0,0.0,0,0,0,0,是
7GO56KBFJV*E7896OM,2026-06-01,2026-06-07,32,604.58,1,0,8,27,否
7GO56KBFJV*C7390PM,2026-04-18,2026-04-29,422,24361.4,71,22,105,358,否
7GO56KBFJV*E7249QM,2026-07-26,2026-08-05,546,33461.61,65,23,136,464,是
7GO56KBFJV*C7408RM,2026-04-24,2026-05-05,1479,118965.3,34,29,369,1257,否
7GO56KBFJV*B7789SM,2026-04-08,2026-04-22,509,11130.95,22,1,127,432,是
7GO56KBFJV*D7291TM,2026-07-10,2026-07-15,692,55198.92,42,13,173,588,是
7GO56KBFJV*C7528UM,2026-04-08,2026-04-18,1568,80701.04,82,26,392,1332,是
7GO56KBFJV*C7356VM,2026-06-10,2026-06-24,153,2053.47,11,4,38,130,否
7GO56KBFJV*B7344WM,2026-05-02,2026-05-07,539,14172.82,36,6,134,458,否
7GO56KBFJV*D7260XM,2026-06-20,2026-06-23,452,25647.31,27,0,113,384,是
7GO56KBFJV*D7644YM,2026-07-07,2026-07-12,1029,83764.41,38,21,257,874,是
7GO56KBFJV*D7816ZM,2026-05-31,,0,0.0,0,0,0,0,否
7GO56KBFJV*E7851AM,2026-05-29,,0,0.0,0,0,0,0,否
7GO56KBFJV*B7941BM,2026-04-22,2026-04-30,35,1166.86,13,0,8,29,否
7GO56KBFJV*C7487CM,2026-04-07,2026-04-16,302,10316.52,52,1,75,256,是
7GO56KBFJV*E7452DM,2026-05-29,2026-06-06,706,21384.7,53,23,176,600,是
7GO56KBFJV*D7267EM,2026-07-31,2026-08-02,1192,77102.23,43,24,298,1013,否
7GO56KBFJV*D7702FM,2026-07-20,2026-07-21,647,38757.9,52,29,161,549,是
7GO56KBFJV*C7711GM,2026-06-28,,0,0.0,0,0,0,0,否
7GO56KBFJV*B7393HM,2026-07-03,2026-07-12,90,705.94,11,1,22,76,是
7GO56KBFJV*D7424IM,2026-07-02,,0,0.0,0,0,0,0,否
7GO56KBFJV*C7497JM,2026-07-15,2026-07-17,653,34440.3,59,0,163,555,是
7GO56KBFJV*C7124KM,2026-04-02,2026-04-12,111,4171.9,0,4,27,94,是
7GO56KBFJV*B7653LM,2026-04-20,2026-05-01,123,2088.24,3,4,30,104,否
7GO56KBFJV*D7617MM,2026-04-14,2026-04-27,208,1312.73,9,5,52,176,是
7GO56KBFJV*E7195NM,2026-05-28,,0,0.0,0,0,0,0,否
7GO56KBFJV*B7702OM,2026-07-28,2026-08-04,468,15077.09,40,4,117,397,是
7GO56KBFJV*C7104PM,2026-05-28,2026-05-29,1498,79132.93,53,13,374,1273,是
7GO56KBFJV*E7937QM,2026-07-02,2026-07-10,819,57186.12,66,29,204,696,否
7GO56KBFJV*E7303RM,2026-05-31,2026-06-03,1122,96699.77,59,24,280,953,否
7GO56KBFJV*B7794SM,2026-04-08,2026-04-10,1448,118358.89,72,16,362,1230,否
7GO56KBFJV*D7300TM,2026-05-18,2026-05-19,747,29114.23,22,17,186,634,是
7GO56KBFJV*E7825UM,2026-05-27,2026-05-28,46,2026.67,16,2,11,39,是
7GO56KBFJV*B7937VM,2026-05-06,2026-05-17,464,45514.08,20,23,116,394,否
7GO56KBFJV*E7785WM,2026-04-24,,0,0.0,0,0,0,0,否
7GO56KBFJV*C7340XM,2026-05-28,2026-06-08,805,60907.21,51,8,201,684,是
7GO56KBFJV*C7443YM,2026-07-12,2026-07-16,1682,81404.94,79,10,420,1429,是
7GO56KBFJV*B7457ZM,2026-04-16,,0,0.0,0,0,0,0,否
7GO56KBFJV*D7242AM,2026-07-07,2026-07-08,1525,40601.5,34,17,381,1296,是
7GO56KBFJV*E7657BM,2026-04-22,2026-05-05,1176,98414.67,76,21,294,999,是
7GO56KBFJV*B7574CM,2026-06-17,2026-06-20,796,40566.66,77,29,199,676,否
7GO56KBFJV*B7899DM,2026-05-29,,0,0.0,0,0,0,0,否
7GO56KBFJV*C7635EM,2026-07-10,2026-07-11,378,19461.84,29,6,94,321,否
7GO56KBFJV*C7285FM,2026-04-22,2026-05-04,43,1329.69,7,3,10,36,是
7GO56KBFJV*D7125GM,2026-05-14,2026-05-27,136,6449.37,10,2,34,115,是
7GO56KBFJV*E7662HM,2026-05-21,2026-05-22,654,15104.53,60,4,163,555,否
7GO56KBFJV*E7584IM,2026-04-27,2026-05-11,1482,124051.53,38,23,370,1259,是
7GO56KBFJV*B7710JM,2026-05-29,,0,0.0,0,0,0,0,否
7GO56KBFJV*B7164KM,2026-06-13,,0,0.0,0,0,0,0,是
7GO56KBFJV*C7180LM,2026-04-23,2026-04-25,21,981.57,12,1,5,17,否
7GO56KBFJV*D7399MM,2026-06-10,2026-06-21,105,1777.21,16,6,26,89,是
7GO56KBFJV*C7353NM,2026-07-06,2026-07-19,429,13549.43,30,10,107,364,是
7GO56KBFJV*E7684OM,2026-05-10,2026-05-15,378,19435.32,35,6,94,321,否
7GO56KBFJV*C7387PM,2026-04-30,2026-05-03,771,16137.29,52,1,192,655,否
7GO56KBFJV*E7577QM,2026-07-12,2026-07-16,1256,91402.0,65,9,314,1067,否
7GO56KBFJV*D7116RM,2026-04-24,2026-04-25,201,3869.77,2,3,50,170,否
7GO56KBFJV*B7905SM,2026-04-30,,0,0.0,0,0,0,0,是
7GO56KBFJV*C7673TM,2026-05-22,2026-05-24,574,30974.42,57,3,143,487,是
7GO56KBFJV*C7907UM,2026-05-23,,0,0.0,0,0,0,0,否
7GO56KBFJV*B7870VM,2026-06-02,2026-06-12,658,40910.27,26,2,164,559,否
7GO56KBFJV*B7899WM,2026-04-16,,0,0.0,0,0,0,0,否
7GO56KBFJV*E7245XM,2026-05-14,,0,0.0,0,0,0,0,否
7GO56KBFJV*D7472YM,2026-04-13,2026-04-26,646,30534.97,43,2,161,549,否
7GO56KBFJV*B7924ZM,2026-07-11,2026-07-24,562,26987.06,58,4,140,477,否
7GO56KBFJV*C7103AM,2026-05-15,2026-05-23,1074,30001.57,28,23,268,912,是
7GO56KBFJV*E7860BM,2026-04-02,2026-04-13,647,44900.24,31,28,161,549,是
7GO56KBFJV*E7391CM,2026-07-15,2026-07-20,184,5504.61,9,2,46,156,否
7GO56KBFJV*D7516DM,2026-06-15,2026-06-28,53,1503.64,9,2,13,45,否
7GO56KBFJV*B7501EM,2026-07-22,2026-08-02,1245,40691.84,80,19,311,1058,否
7GO56KBFJV*D7805FM,2026-04-21,2026-04-27,593,16726.95,52,4,148,504,是
7GO56KBFJV*B7548GM,2026-07-19,2026-07-22,748,31864.19,71,7,187,635,是
7GO56KBFJV*D7364HM,2026-07-22,2026-07-25,189,7719.58,3,1,47,160,否
7GO56KBFJV*B7675IM,2026-05-02,2026-05-09,1354,91205.52,39,20,338,1150,否
7GO56KBFJV*C7412JM,2026-05-06,2026-05-19,91,4149.97,7,6,22,77,是
7GO56KBFJV*D7259KM,2026-04-25,,0,0.0,0,0,0,0,是
7GO56KBFJV*B7297LM,2026-07-11,2026-07-24,328,21494.64,37,3,82,278,否
7GO56KBFJV*E7491MM,2026-07-25,2026-08-05,1279,52216.01,98,11,319,1087,是
7GO56KBFJV*B7487NM,2026-04-02,2026-04-13,156,7458.06,1,1,39,132,是
7GO56KBFJV*C7492OM,2026-05-23,2026-06-01,483,22738.22,75,27,120,410,否
7GO56KBFJV*E7390PM,2026-05-17,,0,0.0,0,0,0,0,是
7GO56KBFJV*E7703QM,2026-07-14,2026-07-23,194,2967.88,12,4,48,164,是
7GO56KBFJV*D7528AM,2026-05-24,,0,0.0,0,0,0,0,是
7GO56KBFJV*B7761BM,2026-05-10,2026-05-21,1293,30587.76,56,27,323,1099,否
7GO56KBFJV*C7651CM,2026-04-29,2026-05-01,243,2413.57,8,1,60,206,是
7GO56KBFJV*C7549DM,2026-05-27,2026-06-10,0,0.0,13,4,0,0,是
7GO56KBFJV*D7316EM,2026-05-09,,0,0.0,0,0,0,0,是
7GO56KBFJV*C7791FM,2026-04-02,2026-04-14,1948,189312.83,73,22,487,1655,否
7GO56KBFJV*E7867GM,2026-06-20,2026-06-29,242,7896.8,14,6,60,205,是
7GO56KBFJV*B7907HM,2026-07-02,2026-07-13,1713,100398.61,50,27,428,1456,是
7GO56KBFJV*B7982IM,2026-04-01,2026-04-13,683,14918.46,78,25,170,580,否
7GO56KBFJV*E7906JM,2026-05-12,2026-05-15,16,263.4,6,0,4,13,是
7GO56KBFJV*D7714KM,2026-05-20,2026-05-21,1612,59684.68,62,9,403,1370,否
7GO56KBFJV*E7485LM,2026-05-30,2026-06-05,1273,125328.49,81,12,318,1082,是
7GO56KBFJV*C7958MM,2026-05-31,2026-06-06,424,18602.28,30,5,106,360,否
7GO56KBFJV*C7736NM,2026-07-12,2026-07-26,1329,57449.52,57,20,332,1129,否
7GO56KBFJV*D7876OM,2026-04-10,2026-04-17,1228,37009.31,67,17,307,1043,否
7GO56KBFJV*E7862PM,2026-06-02,2026-06-04,305,28064.99,40,16,76,259,是
7GO56KBFJV*D7110QM,2026-05-19,2026-05-30,233,3339.36,11,0,58,198,否
7GO56KBFJV*D7449RM,2026-05-23,,0,0.0,0,0,0,0,是
7GO56KBFJV*C7527SM,2026-06-17,2026-06-25,783,52691.78,57,4,195,665,否
7GO56KBFJV*D7604TM,2026-06-18,2026-07-01,604,39025.19,79,23,151,513,是
7GO56KBFJV*B7823UM,2026-07-25,2026-07-30,151,2595.53,13,0,37,128,否
7GO56KBFJV*D7546VM,2026-06-24,,0,0.0,0,0,0,0,是
7GO56KBFJV*C7963WM,2026-07-29,2026-08-12,94,2520.29,11,5,23,79,否
7GO56KBFJV*C7673XM,2026-06-22,,0,0.0,0,0,0,0,是
7GO56KBFJV*D7985YM,2026-07-11,,0,0.0,0,0,0,0,否
7GO56KBFJV*B7547ZM,2026-06-18,2026-06-19,684,54400.99,36,3,171,581,否
7GO56KBFJV*D7452AM,2026-07-31,2026-08-03,11,445.64,4,6,2,9,是
7GO56KBFJV*D7442BM,2026-05-02,2026-05-16,63,1593.41,11,1,15,53,是
7GO56KBFJV*D7689CM,2026-05-04,2026-05-17,41,1223.54,14,1,10,34,是
7GO56KBFJV*C7407DM,2026-05-11,2026-05-13,1939,74794.23,81,18,484,1648,否
7GO56KBFJV*C7607EM,2026-05-07,2026-05-19,644,29627.49,44,3,161,547,否
7GO56KBFJV*C7670FM,2026-07-09,2026-07-18,187,6335.79,12,6,46,158,是
7GO56KBFJV*B7721GM,2026-07-15,2026-07-24,651,45696.12,41,4,162,553,是
7GO56KBFJV*D7696HM,2026-06-19,,0,0.0,0,0,0,0,是
7GO56KBFJV*C7405IM,2026-07-06,,0,0.0,0,0,0,0,否
7GO56KBFJV*E7360JM,2026-07-31,2026-08-09,620,34175.78,29,26,155,527,是
7GO56KBFJV*D7613KM,2026-04-12,2026-04-24,663,42641.7,51,14,165,563,是
7GO56KBFJV*E7785LM,2026-05-27,,0,0.0,0,0,0,0,否
7GO56KBFJV*B7548MM,2026-04-30,2026-05-12,338,23900.31,47,0,84,287,是
7GO56KBFJV*C7909NM,2026-05-20,2026-05-23,348,17717.12,33,6,87,295,是
7GO56KBFJV*D7729OM,2026-06-18,2026-06-23,473,25012.12,52,6,118,402,否
7GO56KBFJV*C7499PM,2026-07-02,2026-07-05,919,58442.23,54,17,229,781,否
7GO56KBFJV*C7430QM,2026-05-30,2026-06-05,49,1349.8,16,0,12,41,否
7GO56KBFJV*B7633RM,2026-04-05,2026-04-15,1453,90499.37,29,11,363,1235,是
7GO56KBFJV*E7182SM,2026-07-25,2026-07-30,500,12967.65,46,2,125,425,否
7GO56KBFJV*E7545TM,2026-04-02,2026-04-03,1375,128549.49,33,21,343,1168,是
7GO56KBFJV*C7496UM,2026-04-28,2026-05-04,47,369.12,0,1,11,39,否
7GO56KBFJV*B7822VM,2026-07-10,2026-07-20,673,50298.46,74,17,168,572,否
7GO56KBFJV*C7278WM,2026-07-04,2026-07-13,565,52012.95,52,26,141,480,否
7GO56KBFJV*E7418XM,2026-05-12,2026-05-25,1034,23735.48,51,27,258,878,否
7GO56KBFJV*E7202YM,2026-06-13,,0,0.0,0,0,0,0,是
7GO56KBFJV*B7874ZM,2026-04-20,2026-05-02,718,28042.64,65,8,179,610,否
7GO56KBFJV*E7441AM,2026-04-03,2026-04-06,56,364.36,2,0,14,47,否
7GO56KBFJV*D7937BM,2026-05-08,2026-05-16,202,4975.35,15,0,50,171,是
7GO56KBFJV*B7876CM,2026-05-15,2026-05-29,244,11871.83,16,3,61,207,是
7GO56KBFJV*E7710DM,2026-06-05,2026-06-08,794,22969.23,77,26,198,674,否
7GO56KBFJV*C7394EM,2026-05-23,,0,0.0,0,0,0,0,是
7GO56KBFJV*E7650FM,2026-06-09,2026-06-16,402,13681.85,35,0,100,341,否
7GO56KBFJV*C7470GM,2026-06-19,2026-06-22,1113,43801.45,24,17,278,946,是
7GO56KBFJV*B7592HM,2026-05-04,,0,0.0,0,0,0,0,是
7GO56KBFJV*C7690IM,2026-05-27,2026-05-28,125,5973.21,14,0,31,106,是
7GO56KBFJV*E7469JM,2026-07-12,2026-07-23,1001,25455.71,64,12,250,850,否
7GO56KBFJV*E7647KM,2026-06-16,2026-06-26,178,1625.46,3,4,44,151,否
7GO56KBFJV*D7612LM,2026-05-17,2026-05-22,646,37821.45,40,6,161,549,是
7GO56KBFJV*D7689MM,2026-07-11,2026-07-12,761,56828.98,33,4,190,646,是
7GO56KBFJV*D7287NM,2026-06-18,2026-06-21,147,2945.08,2,5,36,124,否
7GO56KBFJV*D7302OM,2026-04-01,2026-04-10,426,12871.05,46,4,106,362,是
7GO56KBFJV*D7228PM,2026-04-21,2026-04-23,560,21945.88,45,1,140,476,是
7GO56KBFJV*B7709QM,2026-06-25,,0,0.0,0,0,0,0,否
7GO56KBFJV*C7322RM,2026-07-02,2026-07-09,491,20526.88,53,15,122,417,是
7GO56KBFJV*D7576SM,2026-07-27,2026-08-04,86,2888.6,15,4,21,73,是
7GO56KBFJV*C7756TM,2026-04-12,2026-04-14,1755,151053.84,40,9,438,1491,是
7GO56KBFJV*E7671UM,2026-04-21,2026-04-25,220,1457.26,17,2,55,187,否
7GO56KBFJV*E7261VM,2026-05-29,2026-06-09,776,23954.46,79,9,194,659,否
7GO56KBFJV*D7502WM,2026-04-16,2026-04-20,487,28453.81,47,3,121,413,是
7GO56KBFJV*E7212XM,2026-07-05,2026-07-17,1258,98700.27,62,29,314,1069,否
7GO56KBFJV*C7423YM,2026-06-20,2026-06-21,1301,41812.81,35,20,325,1105,否
7GO56KBFJV*B7180ZM,2026-04-05,2026-04-11,1918,52952.98,31,11,479,1630,是
7GO56KBFJV*D7530AM,2026-05-18,2026-05-24,947,72914.75,70,12,236,804,是
7GO56KBFJV*C7460BM,2026-04-07,2026-04-18,166,5729.63,11,2,41,141,是
7GO56KBFJV*B7545CM,2026-05-29,2026-06-02,648,50347.39,35,2,162,550,是
7GO56KBFJV*B7237DM,2026-04-21,2026-04-24,387,29319.14,24,0,96,328,否
7GO56KBFJV*C7483EM,2026-04-17,2026-04-18,580,11925.75,38,0,145,493,否
7GO56KBFJV*C7638FM,2026-07-13,2026-07-26,878,52679.57,41,30,219,746,是
7GO56KBFJV*E7260GM,2026-07-06,2026-07-09,62,1042.05,6,3,15,52,是
7GO56KBFJV*B7444HM,2026-06-08,2026-06-11,61,3035.58,15,6,15,51,是
7GO56KBFJV*B7248IM,2026-05-18,2026-05-31,585,31316.67,38,5,146,497,否
7GO56KBFJV*C7785JM,2026-05-20,2026-06-01,1308,107091.89,47,27,327,1111,否
7GO56KBFJV*B7146KM,2026-05-01,2026-05-04,204,1876.22,14,3,51,173,是
7GO56KBFJV*D7911LM,2026-06-17,2026-07-01,409,20570.25,26,5,102,347,否
7GO56KBFJV*E7371MM,2026-05-06,2026-05-18,1879,124852.59,56,19,469,1597,否
7GO56KBFJV*B7456NM,2026-05-13,2026-05-16,394,19559.61,21,5,98,334,否
7GO56KBFJV*D7620OM,2026-07-29,2026-08-11,15,350.51,18,6,3,12,是
7GO56KBFJV*B7552PM,2026-07-17,2026-07-27,1484,120843.43,96,16,371,1261,否
7GO56KBFJV*C7681QM,2026-06-25,,0,0.0,0,0,0,0,否
7GO56KBFJV*D7881RM,2026-04-22,2026-04-23,1490,67905.69,60,21,372,1266,否
7GO56KBFJV*C7910SM,2026-07-10,2026-07-12,131,2465.56,14,4,32,111,否
7GO56KBFJV*E7313TM,2026-07-24,2026-08-04,437,27780.17,67,18,109,371,否
7GO56KBFJV*B7437UM,2026-07-13,2026-07-22,1020,88070.01,20,29,255,867,是
7GO56KBFJV*B7148VM,2026-04-08,2026-04-16,609,16472.92,56,2,152,517,否
7GO56KBFJV*C7743WM,2026-07-24,2026-07-25,799,60915.7,47,4,199,679,是
7GO56KBFJV*C7523XM,2026-04-20,2026-04-21,563,16695.0,29,4,140,478,是
7GO56KBFJV*E7924YM,2026-07-20,2026-07-23,558,26469.3,38,1,139,474,是
7GO56KBFJV*B7993ZM,2026-04-10,2026-04-22,163,5320.13,9,1,40,138,否
7GO56KBFJV*C7464AM,2026-06-30,,0,0.0,0,0,0,0,否
7GO56KBFJV*E7915BM,2026-07-07,2026-07-14,103,1851.99,1,6,25,87,是
7GO56KBFJV*B7205CM,2026-06-03,2026-06-12,1282,101375.16,64,25,320,1089,否
7GO56KBFJV*C7185DM,2026-06-06,2026-06-12,785,37245.31,41,0,196,667,是
7GO56KBFJV*B7260EM,2026-05-12,2026-05-24,1478,72175.95,50,13,369,1256,是
7GO56KBFJV*C7102FM,2026-04-11,2026-04-16,519,20926.73,59,18,129,441,否
7GO56KBFJV*D7109GM,2026-05-16,2026-05-20,466,40511.56,64,25,116,396,否
7GO56KBFJV*C7402HM,2026-05-17,2026-05-28,113,4702.31,12,1,28,96,是
7GO56KBFJV*E7751IM,2026-05-03,2026-05-05,372,13591.46,37,5,93,316,是
7GO56KBFJV*C7511JM,2026-04-30,2026-05-05,614,17953.36,44,3,153,521,是
7GO56KBFJV*D7808KM,2026-05-23,2026-05-24,1131,55505.84,89,21,282,961,是
7GO56KBFJV*B7189LM,2026-07-06,2026-07-11,185,7133.08,10,2,46,157,是
7GO56KBFJV*C7787MM,2026-04-15,2026-04-26,1852,56176.66,75,23,463,1574,是
7GO56KBFJV*C7633NM,2026-04-29,,0,0.0,0,0,0,0,是
7GO56KBFJV*E7701OM,2026-07-31,2026-08-01,782,58260.12,52,5,195,664,否
7GO56KBFJV*E7950PM,2026-07-21,2026-07-23,11,525.26,5,0,2,9,是
7GO56KBFJV*E7437QM,2026-06-04,2026-06-16,21,237.02,15,6,5,17,是
7GO56KBFJV*B7603RM,2026-04-17,2026-04-27,764,49753.23,67,21,191,649,否
7GO56KBFJV*C7421SM,2026-07-06,2026-07-08,572,38167.74,33,6,143,486,是
7GO56KBFJV*E7216TM,2026-07-09,,0,0.0,0,0,0,0,否
7GO56KBFJV*C7990UM,2026-07-30,2026-08-05,220,8484.64,0,1,55,187,是
7GO56KBFJV*D7912VM,2026-06-10,2026-06-17,734,58557.07,37,22,183,623,否
7GO56KBFJV*E7483WM,2026-05-27,2026-06-09,1229,39819.34,59,29,307,1044,是
7GO56KBFJV*C7802XM,2026-07-07,,0,0.0,0,0,0,0,是
7GO56KBFJV*D7286YM,2026-05-04,2026-05-08,621,19284.13,33,3,155,527,是
7GO56KBFJV*E7474ZM,2026-04-18,2026-05-02,720,30908.63,49,5,180,612,是
7GO56KBFJV*B7552AM,2026-06-06,2026-06-13,463,20203.23,25,1,115,393,是
7GO56KBFJV*E7363BM,2026-07-17,2026-07-22,975,42863.0,31,18,243,828,是
7GO56KBFJV*C7879CM,2026-07-07,2026-07-20,67,679.54,5,5,16,56,否
7GO56KBFJV*D7274DM,2026-05-01,2026-05-07,48,1212.97,5,2,12,40,否
7GO56KBFJV*B7934EM,2026-04-22,2026-04-25,238,10891.3,2,6,59,202,否
7GO56KBFJV*D7755FM,2026-04-01,2026-04-13,1382,97393.05,57,7,345,1174,否
7GO56KBFJV*B7292GM,2026-04-02,2026-04-09,1088,93326.08,79,28,272,924,是
7GO56KBFJV*D7730HM,2026-05-02,2026-05-08,399,22947.17,39,4,99,339,是
7GO56KBFJV*B7199IM,2026-05-12,2026-05-23,80,425.74,16,5,20,68,是
7GO56KBFJV*C7766JM,2026-07-24,2026-07-30,1488,77091.78,97,17,372,1264,否
7GO56KBFJV*C7165KM,2026-07-03,2026-07-06,550,38675.21,55,0,137,467,是
7GO56KBFJV*D7919LM,2026-05-11,2026-05-12,934,20268.68,97,14,233,793,否
7GO56KBFJV*C7525MM,2026-04-16,2026-04-26,344,27448.18,30,16,86,292,是
7GO56KBFJV*B7468NM,2026-06-20,2026-06-21,119,5389.64,16,2,29,101,是
7GO56KBFJV*C7927OM,2026-06-12,,0,0.0,0,0,0,0,是
7GO56KBFJV*B7426PM,2026-07-26,2026-08-06,139,4346.64,10,0,34,118,否
7GO56KBFJV*D7499QM,2026-07-17,2026-07-30,485,24211.17,35,13,121,412,否
7GO56KBFJV*B7312RM,2026-04-12,2026-04-15,1550,48709.47,81,15,387,1317,是
7GO56KBFJV*E7181SM,2026-04-11,2026-04-25,335,15380.46,32,1,83,284,是
7GO56KBFJV*D7643TM,2026-06-29,,0,0.0,0,0,0,0,否
7GO56KBFJV*C7692UM,2026-05-15,2026-05-24,1717,135222.6,29,21,429,1459,是
7GO56KBFJV*D7864VM,2026-06-10,2026-06-22,501,17887.41,35,5,125,425,否
7GO56KBFJV*D7132WM,2026-05-13,,0,0.0,0,0,0,0,是
7GO56KBFJV*B7653XM,2026-07-06,2026-07-18,1223,80606.3,34,8,305,1039,否
7GO56KBFJV*D7681YM,2026-05-30,2026-06-08,172,5620.43,4,6,43,146,否
7GO56KBFJV*C7928ZM,2026-07-08,,0,0.0,0,0,0,0,是
7GO56KBFJV*D7574AM,2026-06-12,2026-06-14,1030,46882.85,39,14,257,875,否
7GO56KBFJV*B7280BM,2026-04-17,2026-05-01,853,81042.08,32,27,213,725,否
7GO56KBFJV*C7919CM,2026-06-11,2026-06-20,1987,125569.22,39,21,496,1688,是
7GO56KBFJV*B7329DM,2026-07-28,2026-08-03,461,15530.92,67,13,115,391,否
7GO56KBFJV*C7196EM,2026-04-30,2026-05-04,58,1569.88,12,4,14,49,是
7GO56KBFJV*C7839FM,2026-06-15,2026-06-18,18,362.65,10,2,4,15,是
7GO56KBFJV*B7503AM,2026-06-15,2026-06-26,716,48546.47,63,28,179,608,是
7GO56KBFJV*D7512BM,2026-05-16,2026-05-26,471,27928.47,22,6,117,400,否
7GO56KBFJV*B7918CM,2026-04-21,2026-05-03,187,5808.02,17,4,46,158,否
7GO56KBFJV*D7423DM,2026-06-20,,0,0.0,0,0,0,0,否
7GO56KBFJV*C7521EM,2026-04-21,,0,0.0,0,0,0,0,是
7GO56KBFJV*D7359FM,2026-06-20,2026-06-27,56,2530.04,4,1,14,47,是
7GO56KBFJV*D7279GM,2026-07-16,2026-07-23,245,10722.31,12,1,61,208,是
7GO56KBFJV*B7194HM,2026-07-16,2026-07-26,887,38469.84,73,20,221,753,否
7GO56KBFJV*E7121IM,2026-07-06,2026-07-20,147,3663.22,7,5,36,124,是
7GO56KBFJV*B7115JM,2026-07-16,2026-07-19,666,61913.19,97,25,166,566,是
7GO56KBFJV*D7272KM,2026-07-16,2026-07-29,1866,155251.44,26,25,466,1586,否
7GO56KBFJV*E7835LM,2026-04-05,2026-04-09,518,48636.66,39,15,129,440,是
7GO56KBFJV*C7740MM,2026-04-23,,0,0.0,0,0,0,0,否
7GO56KBFJV*E7828NM,2026-05-15,2026-05-21,18,474.06,1,1,4,15,是
7GO56KBFJV*B7205OM,2026-05-08,2026-05-21,63,1364.57,13,1,15,53,否
7GO56KBFJV*E7569PM,2026-07-04,2026-07-09,140,3118.5,5,6,35,119,是
7GO56KBFJV*C7662QM,2026-07-17,2026-07-22,617,16577.44,45,4,154,524,否
7GO56KBFJV*E7830RM,2026-06-08,2026-06-18,756,52522.29,72,24,189,642,是
7GO56KBFJV*D7789SM,2026-04-11,2026-04-16,45,2114.02,15,1,11,38,是
7GO56KBFJV*C7159TM,2026-06-05,2026-06-14,82,2067.56,0,3,20,69,是
7GO56KBFJV*E7862UM,2026-04-19,2026-04-27,124,1091.0,3,3,31,105,否
7GO56KBFJV*C7576VM,2026-07-11,2026-07-12,416,20139.61,41,30,104,353,是
7GO56KBFJV*C7338WM,2026-07-15,2026-07-25,1301,94084.69,77,28,325,1105,是
7GO56KBFJV*E7685XM,2026-07-30,2026-08-02,71,2657.14,4,1,17,60,否
7GO56KBFJV*E7634YM,2026-04-18,,0,0.0,0,0,0,0,是
7GO56KBFJV*D7917ZM,2026-07-30,2026-08-07,764,21072.13,38,4,191,649,否
7GO56KBFJV*B7848AM,2026-07-08,2026-07-15,728,26346.7,27,18,182,618,是
7GO56KBFJV*D7545BM,2026-05-07,,0,0.0,0,0,0,0,否
7GO56KBFJV*C7391CM,2026-07-11,2026-07-19,522,33822.51,28,3,130,443,是
7GO56KBFJV*C7780DM,2026-07-25,2026-08-04,1361,51211.09,95,15,340,1156,否
7GO56KBFJV*E7688EM,2026-05-24,,0,0.0,0,0,0,0,否
7GO56KBFJV*B7707FM,2026-05-28,2026-06-07,882,50982.97,27,28,220,749,否
7GO56KBFJV*C7405GM,2026-04-20,2026-05-03,541,19449.26,21,5,135,459,否
7GO56KBFJV*E7382HM,2026-04-26,2026-05-09,1446,132867.25,30,13,361,1229,是
7GO56KBFJV*B7421IM,2026-06-07,,0,0.0,0,0,0,0,是
7GO56KBFJV*E7196JM,2026-06-02,2026-06-10,129,6319.52,3,3,32,109,否
7GO56KBFJV*E7914KM,2026-07-18,2026-07-26,38,1155.15,11,3,9,32,是
7GO56KBFJV*B7880LM,2026-06-03,2026-06-15,26,1063.79,15,2,6,22,是
7GO56KBFJV*E7907MM,2026-05-25,2026-06-08,227,8668.13,10,0,56,192,是
7GO56KBFJV*C7300NM,2026-07-04,2026-07-17,614,16703.27,47,2,153,521,是
7GO56KBFJV*B7395OM,2026-07-05,2026-07-14,646,44988.3,23,23,161,549,否
7GO56KBFJV*C7379PM,2026-07-11,2026-07-22,1067,34132.32,42,14,266,906,是
7GO56KBFJV*D7245QM,2026-05-24,2026-06-03,599,19833.56,51,2,149,509,否
7GO56KBFJV*E7242RM,2026-06-27,,0,0.0,0,0,0,0,是
7GO56KBFJV*D7927SM,2026-07-12,2026-07-17,617,47985.05,52,1,154,524,否
7GO56KBFJV*D7255TM,2026-07-29,2026-08-03,1720,127180.47,52,26,430,1462,否
7GO56KBFJV*C7371VM,2026-06-12,,0,0.0,0,0,0,0,是
7GO56KBFJV*E7254WM,2026-07-25,2026-08-06,128,2148.45,18,6,32,108,否
7GO56KBFJV*C7422XM,2026-05-16,,0,0.0,0,0,0,0,否
7GO56KBFJV*B7645YM,2026-05-15,,0,0.0,0,0,0,0,否
7GO56KBFJV*B7363ZM,2026-05-27,2026-05-28,1186,65969.97,34,29,296,1008,否
7GO56KBFJV*D7904AM,2026-05-12,2026-05-18,93,3863.86,4,0,23,79,否
7GO56KBFJV*B7827BM,2026-05-07,2026-05-14,667,26357.66,45,2,166,566,否
7GO56KBFJV*E7311CM,2026-06-05,2026-06-17,1260,85591.41,63,7,315,1071,否
7GO56KBFJV*C7223DM,2026-07-14,2026-07-26,668,40678.74,43,1,167,567,否
7GO56KBFJV*C7778EM,2026-04-18,2026-04-25,400,15929.23,21,0,100,340,否
7GO56KBFJV*C7221FM,2026-06-12,2026-06-24,462,37364.02,66,21,115,392,是
7GO56KBFJV*B7737GM,2026-07-10,2026-07-24,1747,133413.2,33,7,436,1484,是
7GO56KBFJV*C7893HM,2026-04-12,2026-04-25,7,62.15,18,2,1,5,是
7GO56KBFJV*E7357IM,2026-04-25,2026-05-09,176,8021.01,18,0,44,149,否
7GO56KBFJV*B7490JM,2026-07-14,2026-07-18,985,57150.24,43,8,246,837,否
7GO56KBFJV*D7470KM,2026-06-28,,0,0.0,0,0,0,0,是
7GO56KBFJV*E7872LM,2026-06-18,,0,0.0,0,0,0,0,否
7GO56KBFJV*E7921MM,2026-04-18,2026-04-29,710,48938.1,54,2,177,603,是
7GO56KBFJV*B7893NM,2026-05-02,2026-05-10,1317,101111.98,78,25,329,1119,否
7GO56KBFJV*D7512OM,2026-05-23,,0,0.0,0,0,0,0,是
7GO56KBFJV*C7517PM,2026-06-12,,0,0.0,0,0,0,0,是
7GO56KBFJV*D7708QM,2026-06-17,2026-07-01,1350,55808.51,87,26,337,1147,否
7GO56KBFJV*E7189RM,2026-04-22,2026-05-03,771,47472.69,39,2,192,655,否
7GO56KBFJV*B7263SM,2026-04-06,2026-04-17,118,4759.92,11,5,29,100,否
7GO56KBFJV*E7692TM,2026-07-21,2026-07-22,361,22608.72,24,0,90,306,是
7GO56KBFJV*D7806UM,2026-07-02,,0,0.0,0,0,0,0,否
7GO56KBFJV*B7664VM,2026-04-22,2026-04-30,1019,70715.46,77,16,254,866,是
7GO56KBFJV*E7490WM,2026-04-25,2026-05-01,1917,103616.46,68,25,479,1629,是
7GO56KBFJV*D7320XM,2026-04-26,2026-04-30,690,28583.82,57,30,172,586,是
7GO56KBFJV*E7322YM,2026-04-24,2026-05-02,872,86197.16,59,8,218,741,否
7GO56KBFJV*D7988ZM,2026-06-26,,0,0.0,0,0,0,0,否
7GO56KBFJV*B7944AM,2026-07-31,2026-08-07,103,1674.01,15,0,25,87,是
7GO56KBFJV*B7979BM,2026-05-01,2026-05-09,1371,32386.55,43,15,342,1165,是
7GO56KBFJV*B7605CM,2026-05-17,2026-05-30,394,22746.9,54,1,98,334,否
7GO56KBFJV*E7541DM,2026-06-20,,0,0.0,0,0,0,0,是
7GO56KBFJV*C7909EM,2026-05-28,2026-06-04,1204,97414.19,60,8,301,1023,否
7GO56KBFJV*B7130FM,2026-04-06,2026-04-13,430,23370.54,38,5,107,365,是
7GO56KBFJV*D7761GM,2026-04-25,2026-05-05,1481,105692.37,66,22,370,1258,否
7GO56KBFJV*E7631HM,2026-04-19,2026-05-02,315,21020.46,22,4,78,267,否
7GO56KBFJV*E7399IM,2026-05-20,2026-06-03,300,12071.7,51,6,75,255,否
7GO56KBFJV*E7779JM,2026-07-07,2026-07-17,517,51406.12,73,29,129,439,否
7GO56KBFJV*E7499KM,2026-05-23,,0,0.0,0,0,0,0,否
7GO56KBFJV*B7308LM,2026-07-10,,0,0.0,0,0,0,0,否
7GO56KBFJV*B7461MM,2026-07-04,2026-07-14,765,58289.11,93,18,191,650,否
7GO56KBFJV*E7553NM,2026-06-11,,0,0.0,0,0,0,0,是
7GO56KBFJV*E7533OM,2026-06-07,2026-06-14,188,5675.62,3,1,47,159,否
7GO56KBFJV*E7470AM,2026-06-20,2026-06-26,1707,45642.78,52,12,426,1450,否
7GO56KBFJV*C7211BM,2026-05-09,2026-05-21,194,3610.89,6,4,48,164,否
7GO56KBFJV*D7622CM,2026-06-15,2026-06-19,892,53973.35,25,16,223,758,否
7GO56KBFJV*B7426DM,2026-05-24,2026-06-01,644,25736.96,22,5,161,547,是
7GO56KBFJV*B7897FM,2026-06-14,2026-06-22,192,4732.72,1,2,48,163,是
7GO56KBFJV*C7198GM,2026-07-17,2026-07-20,39,1035.08,16,2,9,33,否
7GO56KBFJV*D7137HM,2026-05-05,2026-05-17,106,2140.07,18,2,26,90,是
7GO56KBFJV*D7840IM,2026-07-04,2026-07-06,561,14700.7,29,14,140,476,否
7GO56KBFJV*C7560JM,2026-06-02,,0,0.0,0,0,0,0,是
7GO56KBFJV*B7769KM,2026-06-09,2026-06-14,11,352.02,3,4,2,9,是
7GO56KBFJV*E7413LM,2026-07-12,2026-07-18,52,1225.77,8,0,13,44,否
7GO56KBFJV*C7460MM,2026-04-26,2026-04-29,247,1903.87,9,1,61,209,否
7GO56KBFJV*D7321NM,2026-05-25,2026-05-30,1,49.96,8,6,0,0,否
7GO56KBFJV*B7351OM,2026-06-25,,0,0.0,0,0,0,0,是
7GO56KBFJV*C7397PM,2026-06-19,,0,0.0,0,0,0,0,是
7GO56KBFJV*E7899QM,2026-06-12,2026-06-14,695,39999.77,50,11,173,590,是
7GO56KBFJV*E7759RM,2026-06-20,2026-06-28,248,11175.06,10,5,62,210,否
7GO56KBFJV*E7898SM,2026-04-05,2026-04-06,1280,121746.69,30,28,320,1088,否
7GO56KBFJV*D7915TM,2026-05-22,2026-05-24,700,22313.26,90,15,175,595,是
7GO56KBFJV*D7826UM,2026-06-16,2026-06-25,10,432.13,13,4,2,8,是
7GO56KBFJV*B7152VM,2026-05-17,,0,0.0,0,0,0,0,否
7GO56KBFJV*C7323WM,2026-06-20,2026-06-24,1791,127643.24,91,20,447,1522,是
7GO56KBFJV*B7933XM,2026-06-11,2026-06-24,512,40647.01,55,9,128,435,是
7GO56KBFJV*B7210YM,2026-05-24,2026-06-02,942,64801.79,32,9,235,800,是
7GO56KBFJV*E7419ZM,2026-04-14,2026-04-23,1304,94617.3,52,28,326,1108,是
7GO56KBFJV*C7251AM,2026-06-08,2026-06-16,402,9759.77,51,21,100,341,是
7GO56KBFJV*C7767BM,2026-06-25,,0,0.0,0,0,0,0,是
7GO56KBFJV*D7974CM,2026-07-05,2026-07-11,244,2736.21,0,6,61,207,是
7GO56KBFJV*C7694DM,2026-07-11,,0,0.0,0,0,0,0,否
7GO56KBFJV*C7180EM,2026-05-29,2026-06-04,1659,49791.9,50,12,414,1410,否
7GO56KBFJV*D7774FM,2026-05-27,2026-06-06,90,2069.17,1,0,22,76,否
7GO56KBFJV*C7936GM,2026-07-07,2026-07-21,752,55734.67,50,0,188,639,否
7GO56KBFJV*B7357HM,2026-06-06,2026-06-12,1426,110505.39,87,15,356,1212,否
7GO56KBFJV*C7461IM,2026-05-23,2026-05-25,1388,40929.01,47,16,347,1179,是
7GO56KBFJV*E7265JM,2026-06-18,2026-06-28,729,24932.43,31,14,182,619,否
7GO56KBFJV*B7558KM,2026-07-26,2026-08-03,90,4157.14,0,3,22,76,是
7GO56KBFJV*B7144LM,2026-05-19,2026-05-30,136,3313.87,10,4,34,115,是
7GO56KBFJV*E7233MM,2026-04-05,2026-04-10,1741,103331.17,96,13,435,1479,是
7GO56KBFJV*C7729NM,2026-05-06,2026-05-17,1508,45565.72,47,20,377,1281,否
7GO56KBFJV*B7353OM,2026-05-30,,0,0.0,0,0,0,0,否
7GO56KBFJV*C7628PM,2026-05-30,,0,0.0,0,0,0,0,否
7GO56KBFJV*E7566QM,2026-05-11,,0,0.0,0,0,0,0,否
7GO56KBFJV*D7512RM,2026-04-27,,0,0.0,0,0,0,0,否
7GO56KBFJV*E7184SM,2026-06-08,2026-06-21,1608,44172.55,47,28,402,1366,否
7GO56KBFJV*B7872TM,2026-06-30,,0,0.0,0,0,0,0,否
7GO56KBFJV*C7239UM,2026-04-06,2026-04-18,2,51.61,15,3,0,1,是
7GO56KBFJV*D7315VM,2026-06-04,2026-06-16,75,1160.21,11,6,18,63,是
7GO56KBFJV*D7267WM,2026-07-27,2026-08-05,577,39511.5,43,5,144,490,是
7GO56KBFJV*D7314XM,2026-05-26,,0,0.0,0,0,0,0,否
7GO56KBFJV*D7996YM,2026-06-14,2026-06-17,599,33643.05,32,3,149,509,否
7GO56KBFJV*E7370ZM,2026-04-18,,0,0.0,0,0,0,0,否
7GO56KBFJV*E7121AM,2026-04-12,2026-04-14,795,31290.49,55,2,198,675,否
7GO56KBFJV*D7784BM,2026-04-30,2026-05-04,1209,50953.88,45,12,302,1027,否
7GO56KBFJV*E7192CM,2026-05-22,,0,0.0,0,0,0,0,否
7GO56KBFJV*C7235DM,2026-04-10,2026-04-18,248,5111.4,11,5,62,210,否
7GO56KBFJV*B7116EM,2026-05-16,,0,0.0,0,0,0,0,否
7GO56KBFJV*C7870FM,2026-05-03,,0,0.0,0,0,0,0,否
7GO56KBFJV*E7909GM,2026-07-12,,0,0.0,0,0,0,0,是
7GO56KBFJV*E7297HM,2026-06-08,2026-06-14,81,2647.53,3,3,20,68,否
7GO56KBFJV*B7634IM,2026-05-23,2026-05-27,103,1082.59,12,3,25,87,否
7GO56KBFJV*B7913JM,2026-07-30,2026-08-07,1309,102897.01,100,17,327,1112,是
7GO56KBFJV*D7443KM,2026-07-04,2026-07-15,12,130.16,6,4,3,10,否
7GO56KBFJV*D7510LM,2026-07-03,2026-07-05,589,28620.19,53,4,147,500,是
7GO56KBFJV*D7645MM,2026-05-26,2026-05-30,774,25569.01,50,1,193,657,是
7GO56KBFJV*D7464NM,2026-07-28,2026-07-30,826,21199.88,81,18,206,702,是
7GO56KBFJV*C7580OM,2026-07-19,2026-08-01,139,6460.9,15,1,34,118,否
7GO56KBFJV*B7996PM,2026-05-19,2026-05-26,452,10326.24,30,5,113,384,是
7GO56KBFJV*E7935QM,2026-04-28,,0,0.0,0,0,0,0,是
7GO56KBFJV*C7615RM,2026-05-09,2026-05-17,164,8126.27,9,5,41,139,否
7GO56KBFJV*E7277SM,2026-07-18,2026-07-29,571,40332.7,32,21,142,485,否
7GO56KBFJV*D7899TM,2026-05-09,2026-05-10,434,18440.12,27,6,108,368,是
7GO56KBFJV*E7481UM,2026-05-23,,0,0.0,0,0,0,0,否
7GO56KBFJV*E7247VM,2026-05-10,2026-05-18,1570,131187.34,23,9,392,1334,否
7GO56KBFJV*C7266WM,2026-07-13,2026-07-18,882,25596.25,51,13,220,749,否
7GO56KBFJV*E7206XM,2026-06-07,2026-06-21,1449,70086.03,39,14,362,1231,否
7GO56KBFJV*D7827YM,2026-05-18,2026-05-22,87,3387.32,18,1,21,73,是
7GO56KBFJV*D7240ZM,2026-05-24,2026-05-31,766,53894.68,65,7,191,651,是
7GO56KBFJV*B7292AM,2026-07-04,,0,0.0,0,0,0,0,是
7GO56KBFJV*D7137BM,2026-06-07,2026-06-17,208,2844.41,2,2,52,176,是
7GO56KBFJV*D7114CM,2026-04-06,2026-04-12,482,18870.07,25,6,120,409,否
7GO56KBFJV*C7874DM,2026-06-16,,0,0.0,0,0,0,0,是
7GO56KBFJV*C7721EM,2026-06-14,,0,0.0,0,0,0,0,是
7GO56KBFJV*B7951FM,2026-05-07,,0,0.0,0,0,0,0,是
7GO56KBFJV*D7712GM,2026-04-29,,0,0.0,0,0,0,0,是
7GO56KBFJV*C7426HM,2026-04-23,2026-05-04,1414,62655.45,65,18,353,1201,是
7GO56KBFJV*E7438IM,2026-05-06,2026-05-15,1371,66317.75,44,26,342,1165,是
7GO56KBFJV*C7440JM,2026-06-10,2026-06-23,849,80774.27,68,17,212,721,是
7GO56KBFJV*E7861KM,2026-07-26,2026-07-30,11,523.93,15,6,2,9,是
7GO56KBFJV*D7319LM,2026-06-15,2026-06-27,620,15089.75,42,6,155,527,是
7GO56KBFJV*C7670MM,2026-05-15,2026-05-24,628,45702.15,57,2,157,533,是
7GO56KBFJV*C7541NM,2026-07-09,2026-07-20,626,55542.21,54,7,156,532,否
7GO56KBFJV*E7852OM,2026-07-06,,0,0.0,0,0,0,0,是
7GO56KBFJV*E7189PM,2026-07-04,,0,0.0,0,0,0,0,否
7GO56KBFJV*E7736QM,2026-04-29,2026-05-11,321,21331.24,60,2,80,272,否
7GO56KBFJV*B7193RM,2026-07-07,2026-07-11,599,39609.77,74,13,149,509,是
7GO56KBFJV*E7146SM,2026-06-03,2026-06-05,48,1426.62,4,1,12,40,是
7GO56KBFJV*E7989TM,2026-06-11,2026-06-19,452,10045.26,37,1,113,384,是
7GO56KBFJV*E7244UM,2026-07-08,,0,0.0,0,0,0,0,是
7GO56KBFJV*B7659VM,2026-04-16,2026-04-23,1451,50047.7,30,25,362,1233,是
7GO56KBFJV*B7215WM,2026-05-17,2026-05-25,494,33619.76,46,9,123,419,否
7GO56KBFJV*D7789XM,2026-05-08,2026-05-10,8,78.96,16,5,2,6,是
7GO56KBFJV*B7766YM,2026-07-02,2026-07-12,1181,83058.35,90,30,295,1003,是
7GO56KBFJV*B7946ZM,2026-05-17,,0,0.0,0,0,0,0,否
7GO56KBFJV*E7622AM,2026-05-09,2026-05-11,581,38371.81,36,15,145,493,否
7GO56KBFJV*E7611BM,2026-07-12,2026-07-20,1287,46025.0,68,7,321,1093,是
7GO56KBFJV*D7335CM,2026-05-29,2026-06-08,514,35993.43,27,6,128,436,是
7GO56KBFJV*D7817DM,2026-04-23,2026-04-24,161,841.0,18,5,40,136,是
7GO56KBFJV*C7717EM,2026-05-02,,0,0.0,0,0,0,0,否
7GO56KBFJV*C7361FM,2026-06-18,2026-06-27,1511,33808.02,65,23,377,1284,否
7GO56KBFJV*D7371GM,2026-06-24,,0,0.0,0,0,0,0,是
7GO56KBFJV*E7395HM,2026-05-15,2026-05-21,658,29479.61,42,3,164,559,否
7GO56KBFJV*E7682IM,2026-05-28,2026-06-11,702,18097.38,30,30,175,596,否
7GO56KBFJV*B7375JM,2026-07-15,2026-07-23,80,2861.86,13,1,20,68,是
7GO56KBFJV*E7185KM,2026-07-03,2026-07-05,1256,107783.71,65,26,314,1067,否
7GO56KBFJV*D7865AM,2026-07-10,,0,0.0,0,0,0,0,是
7GO56KBFJV*E7169BM,2026-04-29,2026-05-02,1194,41786.81,26,16,298,1014,是
7GO56KBFJV*C7499CM,2026-04-12,2026-04-26,606,16851.19,53,5,151,515,否
7GO56KBFJV*E7833DM,2026-05-17,,0,0.0,0,0,0,0,是
7GO56KBFJV*B7613EM,2026-04-26,2026-05-04,206,6796.48,4,0,51,175,是
7GO56KBFJV*D7844FM,2026-05-03,,0,0.0,0,0,0,0,是
7GO56KBFJV*C7314GM,2026-05-28,,0,0.0,0,0,0,0,是
7GO56KBFJV*D7170HM,2026-04-01,2026-04-15,378,25814.48,34,2,94,321,否
7GO56KBFJV*C7766IM,2026-07-30,2026-08-08,401,28956.43,48,5,100,340,否
7GO56KBFJV*E7155JM,2026-05-28,,0,0.0,0,0,0,0,否
7GO56KBFJV*D7405KM,2026-07-12,2026-07-22,392,25846.21,41,6,98,333,否
7GO56KBFJV*C7473LM,2026-07-19,2026-07-23,1362,44864.63,64,13,340,1157,是
7GO56KBFJV*D7675MM,2026-07-22,2026-07-26,222,8856.88,5,1,55,188,是
7GO56KBFJV*C7649NM,2026-04-11,2026-04-17,1068,55170.35,30,16,267,907,否
7GO56KBFJV*C7343OM,2026-06-19,,0,0.0,0,0,0,0,是
7GO56KBFJV*C7533PM,2026-07-03,2026-07-14,957,93389.5,90,22,239,813,是
7GO56KBFJV*C7921QM,2026-04-24,2026-04-25,67,362.75,6,6,16,56,是
7GO56KBFJV*B7455RM,2026-04-21,2026-05-02,1055,52170.37,76,19,263,896,是
7GO56KBFJV*D7525SM,2026-06-13,,0,0.0,0,0,0,0,是
7GO56KBFJV*E7857TM,2026-04-06,2026-04-17,1396,78270.45,41,11,349,1186,否
7GO56KBFJV*C7210UM,2026-05-11,,0,0.0,0,0,0,0,是
7GO56KBFJV*D7919VM,2026-06-02,,0,0.0,0,0,0,0,是
7GO56KBFJV*C7113WM,2026-05-15,2026-05-29,356,18024.12,70,27,89,302,是
7GO56KBFJV*C7752XM,2026-04-27,,0,0.0,0,0,0,0,否
7GO56KBFJV*C7453YM,2026-04-06,2026-04-08,82,1629.37,7,6,20,69,否
7GO56KBFJV*D7255ZM,2026-07-19,2026-07-29,367,9629.56,30,0,91,311,否
7GO56KBFJV*D7240AM,2026-05-05,2026-05-08,58,511.39,8,0,14,49,是
7GO56KBFJV*E7984BM,2026-05-19,2026-05-26,604,20824.38,68,13,151,513,是
7GO56KBFJV*C7492CM,2026-07-27,2026-08-03,563,29016.63,48,6,140,478,否
7GO56KBFJV*B7261DM,2026-07-01,2026-07-12,591,23287.07,94,13,147,502,是
7GO56KBFJV*C7703EM,2026-06-11,,0,0.0,0,0,0,0,否
7GO56KBFJV*D7317FM,2026-05-17,2026-05-26,98,2385.74,11,1,24,83,否
7GO56KBFJV*B7135GM,2026-04-11,2026-04-24,641,40699.89,65,11,160,544,是
7GO56KBFJV*C7113HM,2026-04-03,2026-04-09,242,5914.36,13,6,60,205,是
7GO56KBFJV*B7846IM,2026-04-24,2026-05-07,125,3973.85,14,6,31,106,否
7GO56KBFJV*C7646JM,2026-06-18,2026-06-28,180,8087.79,11,6,45,153,是
7GO56KBFJV*C7328KM,2026-07-17,2026-07-29,507,20471.71,53,3,126,430,是
7GO56KBFJV*D7615LM,2026-05-17,2026-05-29,971,61170.13,48,21,242,825,是
7GO56KBFJV*B7811MM,2026-07-04,2026-07-14,601,22392.95,57,25,150,510,是
7GO56KBFJV*D7853NM,2026-06-07,,0,0.0,0,0,0,0,否
7GO56KBFJV*C7877OM,2026-04-29,,0,0.0,0,0,0,0,是
7GO56KBFJV*C7512PM,2026-05-01,2026-05-04,877,55404.19,52,30,219,745,是
7GO56KBFJV*E7125QM,2026-06-17,2026-06-30,708,30101.6,55,23,177,601,是
7GO56KBFJV*E7289RM,2026-05-21,2026-05-22,1046,45101.74,63,7,261,889,是
7GO56KBFJV*C7434SM,2026-04-04,2026-04-17,134,1273.38,0,0,33,113,是
7GO56KBFJV*C7405TM,2026-06-20,2026-06-28,406,9559.1,32,4,101,345,是
7GO56KBFJV*E7255UM,2026-06-14,2026-06-15,614,36346.11,70,16,153,521,是
7GO56KBFJV*E7340VM,2026-07-03,2026-07-14,134,5709.87,6,6,33,113,是
7GO56KBFJV*E7865WM,2026-07-02,2026-07-12,1152,53146.21,31,13,288,979,是
7GO56KBFJV*D7581XM,2026-05-01,2026-05-13,154,6505.46,9,1,38,130,是
7GO56KBFJV*B7454YM,2026-07-25,2026-07-28,12,489.82,6,2,3,10,是
7GO56KBFJV*C7619ZM,2026-06-13,2026-06-16,1633,140320.85,40,14,408,1388,否
7GO56KBFJV*B7337AM,2026-05-20,2026-06-01,884,56517.89,64,20,221,751,否
7GO56KBFJV*D7258BM,2026-05-17,2026-05-31,314,28940.16,33,19,78,266,否
7GO56KBFJV*B7956CM,2026-07-11,2026-07-17,425,20446.02,39,3,106,361,否
7GO56KBFJV*E7437DM,2026-07-07,2026-07-08,208,6814.77,18,3,52,176,否
7GO56KBFJV*D7104EM,2026-07-14,2026-07-22,23,239.5,4,6,5,19,是
7GO56KBFJV*B7354FM,2026-04-28,2026-05-03,479,36777.16,21,4,119,407,是
7GO56KBFJV*D7821GM,2026-06-13,,0,0.0,0,0,0,0,是
7GO56KBFJV*E7561HM,2026-04-14,2026-04-23,601,34141.27,22,3,150,510,是
7GO56KBFJV*C7924AM,2026-06-17,2026-06-20,1907,138343.98,34,16,476,1620,是
7GO56KBFJV*C7494BM,2026-07-08,2026-07-16,1146,84435.87,29,22,286,974,否
7GO56KBFJV*D7996CM,2026-04-17,2026-04-26,143,3499.77,2,5,35,121,否
7GO56KBFJV*E7478DM,2026-07-13,2026-07-19,1476,108061.72,53,21,369,1254,是
7GO56KBFJV*C7984EM,2026-07-30,2026-08-13,1283,69890.65,22,19,320,1090,否
7GO56KBFJV*C7463FM,2026-05-14,2026-05-21,202,6018.5,4,1,50,171,是
7GO56KBFJV*E7460GM,2026-07-14,2026-07-17,1331,98786.97,91,7,332,1131,否
7GO56KBFJV*E7836HM,2026-05-07,2026-05-19,490,35161.67,24,6,122,416,否
7GO56KBFJV*B7798IM,2026-05-11,2026-05-14,410,24580.48,56,4,102,348,是
7GO56KBFJV*D7771JM,2026-07-29,2026-08-10,515,22102.86,39,1,128,437,否
7GO56KBFJV*C7218KM,2026-07-01,2026-07-05,464,27277.04,37,2,116,394,否
7GO56KBFJV*D7194LM,2026-05-09,2026-05-19,1277,126166.99,39,22,319,1085,是
7GO56KBFJV*D7177MM,2026-06-04,2026-06-13,1179,75265.19,54,13,294,1002,否
7GO56KBFJV*D7252NM,2026-04-13,2026-04-20,680,31450.56,43,6,170,578,是
7GO56KBFJV*D7352OM,2026-06-15,2026-06-27,193,7193.48,7,2,48,164,是
7GO56KBFJV*B7659PM,2026-06-07,2026-06-16,829,69991.13,49,24,207,704,是
7GO56KBFJV*B7520QM,2026-04-27,2026-05-05,1432,76519.77,68,21,358,1217,是
7GO56KBFJV*D7698RM,2026-07-05,,0,0.0,0,0,0,0,是
7GO56KBFJV*D7969SM,2026-07-12,,0,0.0,0,0,0,0,是
7GO56KBFJV*E7360TM,2026-07-02,2026-07-16,23,442.38,8,0,5,19,否
7GO56KBFJV*E7627UM,2026-05-23,,0,0.0,0,0,0,0,否
7GO56KBFJV*D7447VM,2026-04-18,,0,0.0,0,0,0,0,是
7GO56KBFJV*C7895WM,2026-04-17,2026-04-21,382,11085.12,39,2,95,324,是
7GO56KBFJV*C7869XM,2026-06-15,2026-06-24,340,24362.69,40,8,85,289,是
7GO56KBFJV*C7730YM,2026-07-15,2026-07-19,653,39317.07,63,19,163,555,否
7GO56KBFJV*E7828ZM,2026-05-14,2026-05-23,796,16008.04,70,28,199,676,是
7GO56KBFJV*C7638AM,2026-05-28,2026-06-10,1445,140394.6,20,28,361,1228,是
7GO56KBFJV*C7990BM,2026-04-01,2026-04-11,1073,72953.39,78,16,268,912,是
7GO56KBFJV*D7399CM,2026-05-18,2026-05-27,567,15761.9,52,2,141,481,是
7GO56KBFJV*D7700DM,2026-04-08,2026-04-21,682,39132.35,80,17,170,579,是
7GO56KBFJV*E7533EM,2026-07-17,2026-07-25,376,37505.89,69,18,94,319,是
7GO56KBFJV*C7497FM,2026-07-11,2026-07-22,95,2887.2,4,2,23,80,是
7GO56KBFJV*E7502GM,2026-05-23,2026-06-06,154,1973.79,1,1,38,130,否
7GO56KBFJV*D7832HM,2026-06-10,2026-06-24,674,35608.29,23,6,168,572,否
7GO56KBFJV*B7366IM,2026-07-05,,0,0.0,0,0,0,0,否
7GO56KBFJV*C7499JM,2026-04-07,2026-04-13,1715,134838.17,31,21,428,1457,是
7GO56KBFJV*C7718KM,2026-04-30,2026-05-11,117,3692.51,12,6,29,99,否
7GO56KBFJV*C7941LM,2026-07-06,2026-07-13,11,546.9,17,6,2,9,是
7GO56KBFJV*C7817MM,2026-05-02,2026-05-04,588,29175.44,40,2,147,499,是
7GO56KBFJV*C7722NM,2026-04-30,2026-05-14,58,2881.72,2,3,14,49,否
7GO56KBFJV*C7205OM,2026-04-30,,0,0.0,0,0,0,0,否
7GO56KBFJV*E7708PM,2026-05-10,2026-05-16,319,23421.78,63,21,79,271,否
7GO56KBFJV*C7912QM,2026-06-22,,0,0.0,0,0,0,0,否
7GO56KBFJV*E7267RM,2026-06-09,2026-06-23,9,239.38,10,6,2,7,是
7GO56KBFJV*D7770SM,2026-07-30,2026-08-01,851,33153.11,52,17,212,723,否
7GO56KBFJV*D7492TM,2026-07-14,,0,0.0,0,0,0,0,是
7GO56KBFJV*D7663UM,2026-07-28,2026-08-03,934,24799.21,61,28,233,793,否
7GO56KBFJV*E7421VM,2026-04-01,2026-04-05,202,2216.51,11,4,50,171,否
7GO56KBFJV*E7566WM,2026-07-10,2026-07-14,799,30828.38,45,1,199,679,否
7GO56KBFJV*B7802XM,2026-06-16,2026-06-18,601,46085.15,29,0,150,510,是
7GO56KBFJV*D7920YM,2026-05-14,2026-05-23,1387,74369.63,53,16,346,1178,是
7GO56KBFJV*E7858ZM,2026-05-16,2026-05-21,212,6249.07,4,1,53,180,否
7GO56KBFJV*C7417AM,2026-07-14,2026-07-20,1835,111145.06,99,12,458,1559,否
7GO56KBFJV*B7508BM,2026-07-25,2026-08-08,228,4999.8,1,5,57,193,否
7GO56KBFJV*B7126CM,2026-07-22,2026-07-24,121,3146.89,9,6,30,102,是
7GO56KBFJV*B7538DM,2026-07-22,2026-08-03,637,56120.52,33,28,159,541,是
7GO56KBFJV*B7766EM,2026-04-24,2026-04-26,89,3404.42,11,2,22,75,是
7GO56KBFJV*C7341FM,2026-04-30,2026-05-08,1232,97582.33,20,26,308,1047,是
7GO56KBFJV*E7607GM,2026-07-04,2026-07-07,223,5256.84,10,5,55,189,是
7GO56KBFJV*B7795HM,2026-06-12,2026-06-23,640,57220.94,43,22,160,544,是
7GO56KBFJV*D7600IM,2026-07-20,2026-07-31,1712,71516.88,57,11,428,1455,否
7GO56KBFJV*D7884JM,2026-05-01,,0,0.0,0,0,0,0,是
7GO56KBFJV*C7121KM,2026-04-03,2026-04-04,702,43531.3,43,2,175,596,是
7GO56KBFJV*D7461LM,2026-04-14,2026-04-21,94,1752.01,17,0,23,79,是
7GO56KBFJV*B7622MM,2026-07-04,2026-07-16,1295,109772.85,32,11,323,1100,否
7GO56KBFJV*E7549NM,2026-04-26,2026-04-29,752,43298.85,43,23,188,639,否
7GO56KBFJV*E7518OM,2026-04-28,,0,0.0,0,0,0,0,否
7GO56KBFJV*C7293PM,2026-04-22,2026-04-26,813,24788.84,20,19,203,691,否
7GO56KBFJV*C7676QM,2026-06-10,2026-06-20,774,31313.93,43,4,193,657,是
7GO56KBFJV*C7248RM,2026-06-05,,0,0.0,0,0,0,0,是
7GO56KBFJV*B7138SM,2026-04-09,2026-04-13,1484,92800.56,25,11,371,1261,否
7GO56KBFJV*C7692TM,2026-04-17,2026-04-18,49,317.44,9,6,12,41,是
7GO56KBFJV*C7572UM,2026-04-06,2026-04-15,321,11217.79,20,5,80,272,是
7GO56KBFJV*E7906VM,2026-07-05,2026-07-09,740,26055.62,31,1,185,629,否
7GO56KBFJV*B7113WM,2026-06-12,2026-06-21,559,38036.74,52,3,139,475,是
7GO56KBFJV*E7131XM,2026-04-29,2026-05-06,11,123.95,14,2,2,9,是
7GO56KBFJV*C7207YM,2026-06-19,2026-06-26,564,25726.14,56,6,141,479,是
7GO56KBFJV*E7331ZM,2026-05-14,2026-05-18,493,14001.82,50,1,123,419,否
7GO56KBFJV*D7183AM,2026-05-15,,0,0.0,0,0,0,0,否
7GO56KBFJV*E7935BM,2026-04-25,2026-05-06,1357,72523.76,76,27,339,1153,否
7GO56KBFJV*D7194CM,2026-07-16,2026-07-26,233,9216.75,17,6,58,198,是
7GO56KBFJV*C7562DM,2026-07-04,2026-07-14,462,38890.27,63,21,115,392,是
7GO56KBFJV*E7666EM,2026-04-22,,0,0.0,0,0,0,0,否
7GO56KBFJV*E7400FM,2026-05-15,2026-05-25,26,1167.05,14,2,6,22,否
7GO56KBFJV*D7694GM,2026-05-20,2026-05-28,1305,103544.98,26,16,326,1109,是
7GO56KBFJV*E7690HM,2026-04-30,2026-05-02,1749,47704.12,67,20,437,1486,否
7GO56KBFJV*E7135IM,2026-04-15,,0,0.0,0,0,0,0,否
7GO56KBFJV*D7273JM,2026-05-03,2026-05-16,49,744.2,2,5,12,41,是
7GO56KBFJV*B7931KM,2026-05-07,2026-05-19,81,3702.97,13,4,20,68,否
7GO56KBFJV*C7897LM,2026-04-12,2026-04-16,1283,97626.03,34,13,320,1090,否
7GO56KBFJV*C7306MM,2026-04-09,2026-04-20,694,20837.84,44,0,173,589,否
7GO56KBFJV*C7779NM,2026-05-28,,0,0.0,0,0,0,0,是
7GO56KBFJV*E7797OM,2026-05-20,,0,0.0,0,0,0,0,是
7GO56KBFJV*C7242PM,2026-05-17,2026-05-18,648,25111.44,45,15,162,550,否
7GO56KBFJV*E7732QM,2026-07-24,2026-08-03,1008,40199.83,72,15,252,856,是
7GO56KBFJV*E7753RM,2026-06-20,2026-06-30,243,6271.37,10,2,60,206,否
7GO56KBFJV*D7665SM,2026-06-12,2026-06-17,1701,51996.59,90,8,425,1445,否
7GO56KBFJV*B7428TM,2026-06-05,,0,0.0,0,0,0,0,是
7GO56KBFJV*C7601UM,2026-07-28,2026-08-03,70,690.16,15,4,17,59,否
7GO56KBFJV*C7948VM,2026-04-02,2026-04-04,1335,95482.13,75,13,333,1134,是
7GO56KBFJV*B7736WM,2026-05-01,,0,0.0,0,0,0,0,否
7GO56KBFJV*B7944XM,2026-05-24,2026-05-26,985,27753.94,61,19,246,837,是
7GO56KBFJV*B7124YM,2026-07-29,2026-08-02,359,19566.68,24,3,89,305,是
7GO56KBFJV*D7738ZM,2026-07-02,2026-07-05,1839,179709.28,64,27,459,1563,是
7GO56KBFJV*C7783AM,2026-07-26,2026-08-04,56,2579.44,9,0,14,47,否
7GO56KBFJV*E7999BM,2026-05-16,2026-05-27,1164,104465.37,79,20,291,989,是
7GO56KBFJV*D7799CM,2026-07-18,2026-07-22,559,18844.09,24,7,139,475,是
7GO56KBFJV*D7642DM,2026-04-23,2026-05-04,248,10358.73,13,1,62,210,否
7GO56KBFJV*E7528EM,2026-05-31,2026-06-01,496,32885.91,42,1,124,421,否
7GO56KBFJV*C7473FM,2026-07-21,2026-08-03,515,22138.15,58,17,128,437,否
7GO56KBFJV*E7147GM,2026-04-15,2026-04-28,1428,109556.03,52,29,357,1213,否
7GO56KBFJV*D7569HM,2026-05-09,2026-05-19,1130,54926.21,70,16,282,960,是
7GO56KBFJV*D7320IM,2026-07-17,2026-07-31,1276,60891.68,22,18,319,1084,否
7GO56KBFJV*B7906JM,2026-05-06,2026-05-10,992,36944.62,20,23,248,843,是
7GO56KBFJV*E7394KM,2026-06-14,2026-06-20,621,42172.47,21,9,155,527,否
7GO56KBFJV*E7369MM,2026-04-25,,0,0.0,0,0,0,0,否
7GO56KBFJV*C7322NM,2026-05-05,,0,0.0,0,0,0,0,是
7GO56KBFJV*C7800OM,2026-04-01,2026-04-14,1527,65724.89,79,29,381,1297,否
7GO56KBFJV*D7981PM,2026-07-08,,0,0.0,0,0,0,0,是
7GO56KBFJV*C7176QM,2026-07-09,,0,0.0,0,0,0,0,否
7GO56KBFJV*C7478RM,2026-06-12,2026-06-24,188,8602.07,11,1,47,159,否
7GO56KBFJV*C7106SM,2026-07-26,2026-08-02,228,5338.59,12,2,57,193,否
7GO56KBFJV*D7115TM,2026-07-04,2026-07-12,708,40211.14,57,4,177,601,否
7GO56KBFJV*D7614VM,2026-07-07,,0,0.0,0,0,0,0,是
7GO56KBFJV*D7675WM,2026-06-05,2026-06-19,758,51966.44,75,23,189,644,否
7GO56KBFJV*D7884XM,2026-06-12,2026-06-15,102,2388.51,13,2,25,86,否
7GO56KBFJV*D7253YM,2026-05-17,2026-05-31,72,2145.65,13,3,18,61,否
7GO56KBFJV*B7129ZM,2026-05-03,2026-05-07,168,1232.97,0,2,42,142,否
7GO56KBFJV*B7718AM,2026-05-26,2026-06-09,609,27280.09,31,6,152,517,否
7GO56KBFJV*B7274BM,2026-04-18,2026-04-21,1609,67151.13,54,16,402,1367,否
7GO56KBFJV*E7943CM,2026-04-30,2026-05-09,1630,111158.98,75,29,407,1385,否
7GO56KBFJV*E7994DM,2026-06-03,2026-06-16,780,43384.54,43,2,195,663,否
7GO56KBFJV*E7199EM,2026-05-01,2026-05-09,171,7995.16,11,2,42,145,否
7GO56KBFJV*E7101FM,2026-07-02,2026-07-08,1335,43151.08,63,14,333,1134,否
7GO56KBFJV*C7969GM,2026-04-20,2026-05-02,691,54723.12,23,3,172,587,否
7GO56KBFJV*D7902HM,2026-05-20,2026-05-22,519,25936.72,60,6,129,441,否
7GO56KBFJV*B7998IM,2026-07-01,2026-07-04,1198,94728.16,76,25,299,1018,否
7GO56KBFJV*D7558JM,2026-06-19,2026-07-02,1084,95030.56,44,8,271,921,是
7GO56KBFJV*C7540KM,2026-07-07,2026-07-20,494,28261.82,35,20,123,419,否
7GO56KBFJV*B7646LM,2026-04-18,2026-04-24,474,27072.53,50,1,118,402,是
7GO56KBFJV*D7105MM,2026-07-27,2026-08-03,546,37649.02,58,8,136,464,否
7GO56KBFJV*C7306NM,2026-05-25,2026-06-05,1437,61488.98,93,21,359,1221,否
7GO56KBFJV*C7617OM,2026-07-26,2026-08-04,589,13597.67,64,10,147,500,是
7GO56KBFJV*E7711PM,2026-05-01,2026-05-13,657,45083.57,26,10,164,558,否
7GO56KBFJV*C7297QM,2026-06-01,2026-06-15,669,41442.92,23,19,167,568,否
7GO56KBFJV*E7842RM,2026-05-02,2026-05-05,412,26584.1,28,25,103,350,否
7GO56KBFJV*B7390SM,2026-07-16,2026-07-29,709,42776.56,42,3,177,602,否
7GO56KBFJV*D7832TM,2026-07-07,2026-07-17,6,123.15,9,1,1,5,否
7GO56KBFJV*B7574UM,2026-07-29,2026-08-06,1239,63270.91,25,14,309,1053,是
7GO56KBFJV*D7762VM,2026-07-10,,0,0.0,0,0,0,0,是
7GO56KBFJV*B7153WM,2026-07-14,,0,0.0,0,0,0,0,否
7GO56KBFJV*E7631XM,2026-05-15,2026-05-17,126,2083.55,16,5,31,107,是
7GO56KBFJV*E7482YM,2026-07-29,2026-08-02,747,44855.91,62,24,186,634,否
7GO56KBFJV*D7952ZM,2026-06-09,2026-06-14,1417,125706.99,61,30,354,1204,是
7GO56KBFJV*E7451AM,2026-05-20,2026-05-29,668,14239.36,53,3,167,567,否
7GO56KBFJV*C7717BM,2026-04-17,2026-04-21,1475,82605.43,45,14,368,1253,否
7GO56KBFJV*D7735CM,2026-04-10,2026-04-24,349,16961.03,51,0,87,296,是
7GO56KBFJV*C7533DM,2026-06-16,,0,0.0,0,0,0,0,否
7GO56KBFJV*D7309EM,2026-04-16,2026-04-26,1227,70754.97,37,21,306,1042,是
7GO56KBFJV*C7175AM,2026-05-22,2026-05-31,793,35504.01,54,1,198,674,是
7GO56KBFJV*E7784BM,2026-06-16,2026-06-18,105,2185.03,17,2,26,89,是
7GO56KBFJV*C7817CM,2026-06-16,,0,0.0,0,0,0,0,否
7GO56KBFJV*E7922DM,2026-05-13,2026-05-14,223,1980.2,17,4,55,189,否
7GO56KBFJV*E7165EM,2026-05-22,2026-06-03,587,50681.12,57,10,146,498,否
7GO56KBFJV*C7625FM,2026-07-29,2026-08-04,997,74104.4,25,24,249,847,是
7GO56KBFJV*E7424GM,2026-04-15,,0,0.0,0,0,0,0,是
7GO56KBFJV*E7280HM,2026-06-19,2026-06-27,744,51020.94,61,23,186,632,是
7GO56KBFJV*C7191IM,2026-06-07,2026-06-14,244,10487.79,1,5,61,207,否
7GO56KBFJV*E7769JM,2026-04-09,2026-04-19,364,20238.25,35,4,91,309,是
7GO56KBFJV*D7993KM,2026-06-17,2026-06-27,1099,68736.27,53,23,274,934,否
7GO56KBFJV*C7692LM,2026-07-16,2026-07-22,177,4343.2,6,3,44,150,是
7GO56KBFJV*B7708MM,2026-05-17,2026-05-29,539,11292.97,26,5,134,458,否
7GO56KBFJV*E7456NM,2026-05-28,,0,0.0,0,0,0,0,否
7GO56KBFJV*E7563OM,2026-04-25,2026-04-27,1390,43449.66,41,22,347,1181,否
7GO56KBFJV*C7779PM,2026-05-15,2026-05-29,190,4795.3,14,1,47,161,是
7GO56KBFJV*D7161QM,2026-04-14,2026-04-23,80,3344.72,15,6,20,68,否
7GO56KBFJV*B7952RM,2026-06-12,2026-06-16,1265,37218.97,38,18,316,1075,是
7GO56KBFJV*E7596SM,2026-07-30,2026-08-09,162,7530.34,5,5,40,137,否
7GO56KBFJV*D7703TM,2026-04-29,2026-05-01,18,316.92,4,3,4,15,是
7GO56KBFJV*C7340UM,2026-07-08,2026-07-11,631,20973.13,33,0,157,536,否
7GO56KBFJV*C7309VM,2026-05-30,2026-06-06,1195,70319.38,42,27,298,1015,否
7GO56KBFJV*C7482WM,2026-04-24,2026-05-01,560,17997.9,31,3,140,476,是
7GO56KBFJV*C7745XM,2026-06-09,2026-06-12,9,215.54,13,0,2,7,是
7GO56KBFJV*D7885YM,2026-06-08,2026-06-15,759,49298.72,32,29,189,645,否
7GO56KBFJV*B7917ZM,2026-05-16,2026-05-26,1413,78428.31,29,27,353,1201,否
7GO56KBFJV*D7890AM,2026-04-13,2026-04-25,144,6572.44,16,6,36,122,是
7GO56KBFJV*C7731BM,2026-05-05,,0,0.0,0,0,0,0,否
7GO56KBFJV*D7175CM,2026-04-19,2026-04-24,786,43884.43,42,4,196,668,否
7GO56KBFJV*B7619DM,2026-05-28,,0,0.0,0,0,0,0,否
7GO56KBFJV*D7338EM,2026-04-19,2026-05-01,1191,59435.15,38,23,297,1012,否
7GO56KBFJV*C7495FM,2026-07-03,2026-07-12,1846,45701.44,56,13,461,1569,是
7GO56KBFJV*B7490GM,2026-05-03,2026-05-07,1396,54148.89,49,14,349,1186,是
7GO56KBFJV*C7130HM,2026-04-20,2026-04-29,791,52671.97,46,5,197,672,是
7GO56KBFJV*C7806IM,2026-05-01,2026-05-11,154,3650.11,7,2,38,130,否
7GO56KBFJV*E7553JM,2026-05-15,2026-05-29,243,3030.27,14,4,60,206,否
7GO56KBFJV*D7994KM,2026-06-13,2026-06-25,1956,80104.62,79,17,489,1662,否
7GO56KBFJV*D7497LM,2026-07-09,2026-07-11,1394,59274.81,45,7,348,1184,是
7GO56KBFJV*C7499MM,2026-07-08,,0,0.0,0,0,0,0,是
7GO56KBFJV*B7363NM,2026-07-22,2026-08-02,469,26072.77,21,20,117,398,是
7GO56KBFJV*D7463OM,2026-05-21,2026-06-03,508,14027.92,62,26,127,431,是
7GO56KBFJV*B7760PM,2026-06-21,,0,0.0,0,0,0,0,是
7GO56KBFJV*D7406QM,2026-07-14,,0,0.0,0,0,0,0,否
7GO56KBFJV*E7767RM,2026-05-29,,0,0.0,0,0,0,0,否
7GO56KBFJV*C7913SM,2026-04-18,,0,0.0,0,0,0,0,是
7GO56KBFJV*E7445TM,2026-07-07,2026-07-16,368,21738.35,55,1,92,312,是
7GO56KBFJV*D7119UM,2026-05-14,2026-05-24,1294,110126.04,55,22,323,1099,否
7GO56KBFJV*D7353VM,2026-07-08,2026-07-19,1225,75403.87,93,23,306,1041,否
7GO56KBFJV*C7792WM,2026-04-22,,0,0.0,0,0,0,0,是
7GO56KBFJV*E7134XM,2026-07-09,,0,0.0,0,0,0,0,否
7GO56KBFJV*C7523YM,2026-04-26,2026-05-04,77,2616.92,3,0,19,65,否
7GO56KBFJV*D7706ZM,2026-04-28,2026-05-04,323,17700.62,27,3,80,274,是
7GO56KBFJV*B7869AM,2026-06-16,2026-06-22,1127,85238.28,73,10,281,957,是
7GO56KBFJV*C7632BM,2026-07-05,2026-07-15,865,67666.08,20,11,216,735,否
7GO56KBFJV*C7750CM,2026-05-30,2026-06-05,368,20572.88,37,5,92,312,否
7GO56KBFJV*D7712DM,2026-05-23,2026-06-05,581,25534.24,72,24,145,493,是
7GO56KBFJV*C7906EM,2026-07-09,,0,0.0,0,0,0,0,是
7GO56KBFJV*C7153FM,2026-05-15,2026-05-25,1322,36612.13,45,11,330,1123,是
7GO56KBFJV*E7290GM,2026-04-01,2026-04-03,768,45105.19,34,3,192,652,是
7GO56KBFJV*B7814HM,2026-07-05,2026-07-07,118,3259.32,4,6,29,100,否
7GO56KBFJV*E7175IM,2026-07-06,2026-07-18,1350,104897.4,32,17,337,1147,否
7GO56KBFJV*B7507JM,2026-05-09,2026-05-18,32,182.76,9,1,8,27,否
7GO56KBFJV*E7895KM,2026-06-21,,0,0.0,0,0,0,0,是
7GO56KBFJV*D7633LM,2026-05-15,2026-05-28,459,22116.7,25,27,114,390,是
7GO56KBFJV*E7999MM,2026-07-21,2026-08-04,1241,76643.52,41,25,310,1054,是
7GO56KBFJV*D7502NM,2026-05-07,2026-05-09,235,2989.32,6,0,58,199,否
7GO56KBFJV*D7210OM,2026-04-09,2026-04-19,222,7674.99,4,1,55,188,否
7GO56KBFJV*C7186PM,2026-04-11,2026-04-23,334,24868.73,77,10,83,283,是
7GO56KBFJV*D7211QM,2026-07-16,2026-07-19,1266,68486.41,64,10,316,1076,是
7GO56KBFJV*B7957RM,2026-07-16,2026-07-29,961,31004.21,24,10,240,816,是
7GO56KBFJV*B7631SM,2026-05-26,2026-06-01,111,5079.36,14,4,27,94,否
7GO56KBFJV*B7716TM,2026-04-20,2026-04-27,653,23666.08,46,1,163,555,否
7GO56KBFJV*D7647UM,2026-05-14,2026-05-18,412,21204.82,30,1,103,350,是
7GO56KBFJV*E7168VM,2026-06-03,2026-06-07,451,26382.72,57,6,112,383,是
7GO56KBFJV*D7680WM,2026-05-04,2026-05-10,164,6911.0,10,6,41,139,否
7GO56KBFJV*B7908XM,2026-05-11,2026-05-18,396,19887.54,44,27,99,336,否
7GO56KBFJV*D7811YM,2026-06-16,2026-06-24,1435,69333.36,66,7,358,1219,否
7GO56KBFJV*B7524ZM,2026-07-13,2026-07-15,763,47867.02,32,15,190,648,是
7GO56KBFJV*D7388AM,2026-04-10,2026-04-15,1012,87672.34,54,29,253,860,否
7GO56KBFJV*D7945AM,2026-07-11,2026-07-14,392,23824.3,32,0,98,333,否
7GO56KBFJV*B7615BM,2026-05-18,2026-05-22,1288,55237.16,57,19,322,1094,是
7GO56KBFJV*C7436CM,2026-07-09,2026-07-20,1235,69646.14,39,8,308,1049,是
7GO56KBFJV*C7115DM,2026-05-30,2026-06-04,1883,131062.08,33,8,470,1600,是
7GO56KBFJV*D7493EM,2026-07-25,2026-08-05,744,33891.21,25,5,186,632,否
7GO56KBFJV*E7284FM,2026-07-26,2026-08-05,1032,85407.84,70,14,258,877,否
7GO56KBFJV*E7103GM,2026-05-18,,0,0.0,0,0,0,0,是
7GO56KBFJV*B7747HM,2026-04-15,2026-04-20,635,40438.76,33,10,158,539,否
7GO56KBFJV*C7725IM,2026-06-08,,0,0.0,0,0,0,0,是
7GO56KBFJV*C7111JM,2026-05-27,2026-05-28,429,9177.29,37,5,107,364,是
7GO56KBFJV*E7243KM,2026-06-15,2026-06-24,36,1173.78,5,3,9,30,是
7GO56KBFJV*E7735LM,2026-06-20,2026-07-01,470,44782.9,48,12,117,399,是
7GO56KBFJV*D7886MM,2026-04-26,2026-05-09,1498,101350.61,54,29,374,1273,是
7GO56KBFJV*C7126NM,2026-06-05,2026-06-13,759,44280.09,30,28,189,645,否
7GO56KBFJV*C7191OM,2026-06-01,,0,0.0,0,0,0,0,是
7GO56KBFJV*C7161PM,2026-04-27,2026-05-07,137,5461.16,2,5,34,116,否
7GO56KBFJV*E7217QM,2026-07-12,,0,0.0,0,0,0,0,否
7GO56KBFJV*E7834RM,2026-05-11,2026-05-22,222,3782.43,6,4,55,188,否
7GO56KBFJV*E7845SM,2026-07-11,2026-07-17,27,827.08,11,2,6,22,否
7GO56KBFJV*B7544TM,2026-05-13,2026-05-23,409,28576.2,31,3,102,347,是
7GO56KBFJV*E7553UM,2026-07-17,2026-07-25,826,63899.08,32,30,206,702,是
7GO56KBFJV*C7697VM,2026-07-05,2026-07-06,1266,43430.38,69,11,316,1076,是
7GO56KBFJV*E7987WM,2026-05-16,2026-05-23,1189,95054.49,56,12,297,1010,是
7GO56KBFJV*D7107XM,2026-05-05,2026-05-11,158,1499.94,8,3,39,134,否
7GO56KBFJV*D7229YM,2026-04-21,,0,0.0,0,0,0,0,否
7GO56KBFJV*B7744ZM,2026-05-02,,0,0.0,0,0,0,0,否
7GO56KBFJV*E7388AM,2026-07-13,2026-07-17,694,17739.47,43,5,173,589,否
7GO56KBFJV*D7229BM,2026-05-21,,0,0.0,0,0,0,0,是
7GO56KBFJV*E7650CM,2026-07-18,2026-07-25,983,46497.8,46,15,245,835,否
7GO56KBFJV*B7475DM,2026-04-26,2026-05-07,556,28713.37,29,2,139,472,是
7GO56KBFJV*E7305EM,2026-05-11,2026-05-22,122,4700.73,7,4,30,103,是
7GO56KBFJV*B7545FM,2026-07-17,2026-07-30,1527,102489.98,52,28,381,1297,否
7GO56KBFJV*B7381GM,2026-06-20,2026-06-29,57,1479.24,17,2,14,48,否
7GO56KBFJV*E7772HM,2026-07-09,,0,0.0,0,0,0,0,是
7GO56KBFJV*D7534IM,2026-06-06,,0,0.0,0,0,0,0,是
7GO56KBFJV*D7899JM,2026-05-17,2026-05-21,685,63498.8,45,15,171,582,是
7GO56KBFJV*C7373KM,2026-06-16,2026-06-27,540,27391.99,47,6,135,459,是
7GO56KBFJV*D7845LM,2026-06-18,2026-06-21,215,7141.79,8,0,53,182,是
7GO56KBFJV*C7392MM,2026-05-07,2026-05-17,65,3214.9,17,4,16,55,是
7GO56KBFJV*E7976NM,2026-04-12,2026-04-24,177,5796.42,9,4,44,150,是
7GO56KBFJV*E7152OM,2026-06-13,2026-06-23,829,46735.8,31,16,207,704,否
7GO56KBFJV*E7924PM,2026-06-05,2026-06-07,410,11276.72,56,0,102,348,是
7GO56KBFJV*C7743QM,2026-06-04,,0,0.0,0,0,0,0,是
7GO56KBFJV*C7854RM,2026-04-24,2026-05-04,563,14516.94,27,11,140,478,是
7GO56KBFJV*C7237SM,2026-07-31,2026-08-07,329,27189.5,57,15,82,279,否
7GO56KBFJV*D7507TM,2026-06-02,2026-06-05,1050,90409.27,71,29,262,892,是
7GO56KBFJV*D7648UM,2026-07-03,2026-07-10,404,23358.13,59,5,101,343,否
7GO56KBFJV*C7584VM,2026-05-21,2026-06-02,788,62918.93,39,6,197,669,是
7GO56KBFJV*B7144WM,2026-05-29,2026-06-08,672,28709.75,56,1,168,571,是
7GO56KBFJV*D7628XM,2026-07-02,,0,0.0,0,0,0,0,是
7GO56KBFJV*C7490YM,2026-06-17,2026-06-21,891,41853.61,92,21,222,757,否
7GO56KBFJV*C7367ZM,2026-07-23,2026-07-28,91,4483.74,0,3,22,77,否
7GO56KBFJV*D7489AM,2026-05-18,,0,0.0,0,0,0,0,是
7GO56KBFJV*B7501BM,2026-05-27,2026-06-07,0,0.0,0,0,0,0,是
7GO56KBFJV*C7807CM,2026-05-11,2026-05-18,534,49365.53,60,8,133,453,是
7GO56KBFJV*B7998DM,2026-05-13,2026-05-18,250,11036.45,13,5,62,212,否
7GO56KBFJV*C7758EM,2026-07-28,2026-08-07,620,24393.55,72,18,155,527,否
7GO56KBFJV*D7160FM,2026-04-07,2026-04-10,430,20330.79,43,0,107,365,否
7GO56KBFJV*C7857GM,2026-07-22,2026-07-25,531,29979.08,39,11,132,451,是
7GO56KBFJV*D7856HM,2026-04-23,2026-05-06,25,1248.43,1,5,6,21,否
7GO56KBFJV*B7540IM,2026-04-16,2026-04-26,664,64710.07,46,17,166,564,是
7GO56KBFJV*B7733JM,2026-06-20,2026-06-29,770,40106.75,52,6,192,654,否
7GO56KBFJV*B7571KM,2026-04-18,2026-04-21,600,25803.85,45,6,150,510,否
7GO56KBFJV*E7273LM,2026-05-26,,0,0.0,0,0,0,0,是
7GO56KBFJV*E7662MM,2026-06-04,2026-06-05,427,27857.32,42,4,106,362,是
7GO56KBFJV*B7181NM,2026-06-01,2026-06-12,421,32310.88,57,5,105,357,是
7GO56KBFJV*C7107OM,2026-07-13,2026-07-26,181,5235.54,6,5,45,153,是
7GO56KBFJV*C7900PM,2026-06-18,,0,0.0,0,0,0,0,是
7GO56KBFJV*D7827QM,2026-04-25,2026-05-02,986,35788.34,22,8,246,838,否
7GO56KBFJV*C7815RM,2026-05-14,2026-05-26,995,64015.79,26,15,248,845,是
7GO56KBFJV*D7565SM,2026-04-11,2026-04-24,103,4649.71,12,1,25,87,是
7GO56KBFJV*B7971TM,2026-06-23,,0,0.0,0,0,0,0,是
7GO56KBFJV*E7108UM,2026-04-01,2026-04-09,38,1663.8,6,5,9,32,否
7GO56KBFJV*D7893VM,2026-04-08,2026-04-11,1919,92631.79,95,29,479,1631,是
7GO56KBFJV*E7553WM,2026-06-13,2026-06-16,1247,86582.91,78,16,311,1059,是
7GO56KBFJV*C7943XM,2026-07-11,,0,0.0,0,0,0,0,否
7GO56KBFJV*C7158YM,2026-04-22,2026-04-24,708,51733.77,42,6,177,601,是
7GO56KBFJV*E7508ZM,2026-06-29,,0,0.0,0,0,0,0,是
7GO56KBFJV*C7841AM,2026-07-27,2026-08-01,640,54171.24,56,29,160,544,是
7GO56KBFJV*C7769CM,2026-04-20,2026-05-02,576,21488.79,27,3,144,489,是
7GO56KBFJV*B7120DM,2026-05-12,2026-05-23,101,4730.92,13,3,25,85,否
7GO56KBFJV*E7298EM,2026-06-01,2026-06-07,168,8025.68,14,0,42,142,否
7GO56KBFJV*E7715FM,2026-04-16,2026-04-19,839,60475.79,76,28,209,713,是
7GO56KBFJV*C7304GM,2026-05-25,2026-06-06,83,2500.52,14,1,20,70,是
7GO56KBFJV*C7867HM,2026-05-19,2026-05-20,205,4030.96,12,1,51,174,是
7GO56KBFJV*C7816IM,2026-05-06,,0,0.0,0,0,0,0,是
7GO56KBFJV*E7792JM,2026-04-27,2026-04-30,178,7527.57,18,0,44,151,是
7GO56KBFJV*C7528KM,2026-07-27,2026-07-29,1516,105757.63,34,8,379,1288,否
7GO56KBFJV*B7379MM,2026-07-05,2026-07-16,1847,57478.52,88,10,461,1569,是
7GO56KBFJV*B7259NM,2026-05-21,2026-06-01,1187,40163.08,66,14,296,1008,是
7GO56KBFJV*D7556OM,2026-07-21,2026-07-22,245,7484.93,5,6,61,208,否
7GO56KBFJV*B7534PM,2026-05-14,2026-05-26,482,25171.12,25,23,120,409,否
7GO56KBFJV*E7204QM,2026-04-17,2026-05-01,74,2923.03,8,0,18,62,是
7GO56KBFJV*B7167RM,2026-07-23,2026-08-05,83,1581.21,5,4,20,70,否
7GO56KBFJV*C7297SM,2026-04-14,2026-04-16,141,6760.79,4,6,35,119,否
7GO56KBFJV*E7143TM,2026-05-13,2026-05-15,679,65621.2,94,7,169,577,是
7GO56KBFJV*E7747UM,2026-05-10,2026-05-23,16,286.53,11,6,4,13,是
7GO56KBFJV*B7191VM,2026-07-19,2026-07-22,179,2428.31,17,2,44,152,是
7GO56KBFJV*B7207WM,2026-06-16,2026-06-26,1302,40565.56,66,25,325,1106,否
7GO56KBFJV*B7181XM,2026-06-27,,0,0.0,0,0,0,0,是
7GO56KBFJV*E7962YM,2026-04-24,2026-05-02,133,1944.68,10,6,33,113,否
7GO56KBFJV*B7209ZM,2026-06-07,2026-06-14,134,5232.4,5,3,33,113,否
7GO56KBFJV*D7325AM,2026-05-10,,0,0.0,0,0,0,0,是
7GO56KBFJV*C7266BM,2026-04-27,2026-04-28,731,56934.43,58,12,182,621,是
7GO56KBFJV*C7174CM,2026-04-06,2026-04-09,116,3174.18,7,4,29,98,是
7GO56KBFJV*B7296DM,2026-06-05,,0,0.0,0,0,0,0,否
7GO56KBFJV*B7861EM,2026-07-17,2026-07-23,566,28729.45,73,11,141,481,否
7GO56KBFJV*E7249FM,2026-04-03,2026-04-09,915,32503.06,57,14,228,777,否
7GO56KBFJV*C7356GM,2026-04-18,2026-04-24,462,29969.69,35,5,115,392,否
7GO56KBFJV*D7477HM,2026-07-29,2026-07-30,158,4209.3,5,0,39,134,是
7GO56KBFJV*B7450IM,2026-04-08,2026-04-19,1898,43729.24,91,9,474,1613,否
7GO56KBFJV*E7990JM,2026-07-12,2026-07-13,1115,71097.87,86,30,278,947,是
7GO56KBFJV*C7123KM,2026-05-12,2026-05-15,371,33464.23,41,13,92,315,是
7GO56KBFJV*D7970LM,2026-06-16,2026-06-28,106,4320.99,0,0,26,90,是
7GO56KBFJV*E7509MM,2026-05-15,2026-05-20,214,9758.14,15,4,53,181,否
7GO56KBFJV*B7553NM,2026-07-29,2026-08-07,233,4616.61,2,1,58,198,否
7GO56KBFJV*B7927OM,2026-07-09,,0,0.0,0,0,0,0,是
7GO56KBFJV*C7345PM,2026-07-15,2026-07-28,710,59784.68,37,29,177,603,否
7GO56KBFJV*B7631QM,2026-06-01,2026-06-05,458,26708.46,39,3,114,389,是
7GO56KBFJV*E7904RM,2026-04-24,2026-05-01,759,57118.18,29,16,189,645,否
7GO56KBFJV*B7425SM,2026-04-16,2026-04-22,760,22849.37,65,19,190,646,否
7GO56KBFJV*E7300TM,2026-04-25,,0,0.0,0,0,0,0,否
7GO56KBFJV*E7415UM,2026-06-15,,0,0.0,0,0,0,0,是
7GO56KBFJV*E7562VM,2026-06-03,2026-06-11,457,19563.96,29,4,114,388,否
7GO56KBFJV*D7785AM,2026-07-16,2026-07-19,700,18178.77,34,15,175,595,是
7GO56KBFJV*E7584BM,2026-06-25,,0,0.0,0,0,0,0,是
7GO56KBFJV*C7851CM,2026-07-29,2026-08-10,1278,101761.56,27,14,319,1086,否
7GO56KBFJV*D7268DM,2026-04-26,2026-04-29,753,46080.23,77,7,188,640,是
7GO56KBFJV*C7774EM,2026-07-19,2026-07-26,1369,75078.31,48,25,342,1163,是
7GO56KBFJV*E7987FM,2026-06-10,2026-06-14,26,985.42,14,2,6,22,是
7GO56KBFJV*B7514GM,2026-04-26,,0,0.0,0,0,0,0,否
7GO56KBFJV*C7659HM,2026-07-05,2026-07-11,103,1664.63,8,1,25,87,是
7GO56KBFJV*C7850IM,2026-04-24,,0,0.0,0,0,0,0,是
7GO56KBFJV*B7387JM,2026-04-21,2026-04-25,1015,101126.7,23,17,253,862,是
7GO56KBFJV*C7725KM,2026-07-12,,0,0.0,0,0,0,0,是
7GO56KBFJV*B7369LM,2026-05-07,2026-05-17,1026,88340.66,73,17,256,872,是
7GO56KBFJV*E7733MM,2026-05-21,2026-06-01,1161,95496.63,41,23,290,986,是
7GO56KBFJV*E7694OM,2026-05-11,2026-05-16,720,36946.92,36,1,180,612,否
7GO56KBFJV*D7802PM,2026-05-13,,0,0.0,0,0,0,0,是
7GO56KBFJV*E7296QM,2026-04-05,2026-04-15,136,6090.76,3,0,34,115,否
7GO56KBFJV*D7765RM,2026-07-28,2026-08-06,1148,78455.95,25,29,287,975,是
7GO56KBFJV*D7409SM,2026-05-04,,0,0.0,0,0,0,0,否
7GO56KBFJV*B7537TM,2026-07-17,2026-07-29,758,28383.84,54,17,189,644,是
7GO56KBFJV*C7491UM,2026-07-27,2026-08-07,897,43073.89,54,26,224,762,否
7GO56KBFJV*E7273VM,2026-07-12,2026-07-20,872,61841.27,59,15,218,741,是
7GO56KBFJV*D7500WM,2026-07-25,2026-08-03,1409,30175.48,45,14,352,1197,否
7GO56KBFJV*B7323XM,2026-07-19,2026-07-24,1605,81756.47,27,27,401,1364,是
7GO56KBFJV*E7820YM,2026-06-10,2026-06-21,1198,60060.38,30,17,299,1018,否
7GO56KBFJV*E7781ZM,2026-04-17,2026-04-27,1527,144740.86,40,23,381,1297,是
7GO56KBFJV*B7464AM,2026-05-09,2026-05-12,1242,95872.11,49,21,310,1055,否
7GO56KBFJV*C7151BM,2026-04-05,2026-04-11,1146,81991.75,60,26,286,974,是
7GO56KBFJV*B7611CM,2026-06-03,2026-06-05,639,15423.25,49,4,159,543,否
7GO56KBFJV*C7810DM,2026-06-09,2026-06-15,602,40336.12,49,13,150,511,否
7GO56KBFJV*C7910EM,2026-05-27,,0,0.0,0,0,0,0,否
7GO56KBFJV*C7868FM,2026-05-24,2026-06-01,434,27721.9,59,3,108,368,是
7GO56KBFJV*B7657GM,2026-07-20,2026-08-03,146,5121.83,3,6,36,124,是
7GO56KBFJV*D7899HM,2026-07-04,2026-07-13,365,9827.61,71,28,91,310,是
7GO56KBFJV*C7633IM,2026-07-07,2026-07-08,370,12894.42,37,2,92,314,否
7GO56KBFJV*C7341JM,2026-06-08,2026-06-11,22,935.9,14,3,5,18,是
7GO56KBFJV*E7114KM,2026-05-09,2026-05-13,786,43075.06,80,15,196,668,是
7GO56KBFJV*C7870LM,2026-05-08,,0,0.0,0,0,0,0,是
7GO56KBFJV*C7220MM,2026-05-28,2026-06-11,1394,106453.49,64,11,348,1184,否
7GO56KBFJV*D7951OM,2026-05-17,,0,0.0,0,0,0,0,否
7GO56KBFJV*E7517PM,2026-07-19,2026-08-01,544,40833.75,29,6,136,462,否
7GO56KBFJV*D7371QM,2026-06-09,,0,0.0,0,0,0,0,否
7GO56KBFJV*C7439RM,2026-04-10,2026-04-23,528,38340.67,51,2,132,448,是
7GO56KBFJV*D7872SM,2026-05-22,,0,0.0,0,0,0,0,否
7GO56KBFJV*D7731TM,2026-06-15,2026-06-25,214,7087.3,8,5,53,181,是
7GO56KBFJV*D7418UM,2026-04-15,2026-04-22,204,2662.4,0,3,51,173,是
7GO56KBFJV*D7907VM,2026-04-02,2026-04-03,195,5253.8,11,5,48,165,否
7GO56KBFJV*C7609WM,2026-04-25,2026-05-03,711,51901.32,36,30,177,604,否
7GO56KBFJV*D7706XM,2026-07-28,2026-08-02,492,19253.43,44,6,123,418,是
7GO56KBFJV*B7785YM,2026-07-01,,0,0.0,0,0,0,0,否
7GO56KBFJV*C7982ZM,2026-05-07,2026-05-16,1399,83355.36,24,10,349,1189,是
7GO56KBFJV*B7652AM,2026-07-06,2026-07-11,376,10231.46,60,22,94,319,否
7GO56KBFJV*C7878BM,2026-04-12,2026-04-17,567,28778.92,40,1,141,481,是
7GO56KBFJV*D7783CM,2026-05-14,2026-05-26,726,63302.18,64,23,181,617,是
7GO56KBFJV*D7464DM,2026-05-13,2026-05-18,196,4515.32,8,5,49,166,否
7GO56KBFJV*D7412EM,2026-07-22,2026-07-26,702,16479.51,48,2,175,596,是
7GO56KBFJV*B7329FM,2026-06-14,2026-06-25,351,19611.37,21,1,87,298,是
7GO56KBFJV*D7875GM,2026-04-02,2026-04-16,486,32881.05,52,1,121,413,否
7GO56KBFJV*D7263HM,2026-07-14,,0,0.0,0,0,0,0,否
7GO56KBFJV*B7640IM,2026-05-05,2026-05-12,846,29862.98,65,16,211,719,是
7GO56KBFJV*E7230JM,2026-07-19,2026-08-01,413,10943.74,46,3,103,351,否
7GO56KBFJV*E7883KM,2026-07-12,2026-07-24,669,60377.96,38,14,167,568,否
7GO56KBFJV*D7397LM,2026-06-10,2026-06-15,437,13786.9,32,0,109,371,否
7GO56KBFJV*C7577MM,2026-06-17,2026-07-01,590,44159.05,65,27,147,501,否
7GO56KBFJV*D7921NM,2026-06-07,2026-06-09,865,47173.02,20,17,216,735,否
7GO56KBFJV*C7551OM,2026-06-19,,0,0.0,0,0,0,0,否
7GO56KBFJV*C7494PM,2026-05-03,2026-05-12,1442,34878.82,32,13,360,1225,否
7GO56KBFJV*C7401QM,2026-06-08,,0,0.0,0,0,0,0,否
7GO56KBFJV*E7147RM,2026-07-04,2026-07-11,244,4205.59,16,3,61,207,否
7GO56KBFJV*C7446SM,2026-07-19,2026-07-24,1416,129382.13,90,12,354,1203,是
7GO56KBFJV*C7916TM,2026-04-30,,0,0.0,0,0,0,0,否
7GO56KBFJV*D7482UM,2026-06-08,,0,0.0,0,0,0,0,是
7GO56KBFJV*D7175VM,2026-05-07,,0,0.0,0,0,0,0,否
7GO56KBFJV*D7643WM,2026-05-01,2026-05-12,1970,163982.78,68,11,492,1674,否
7GO56KBFJV*C7587XM,2026-05-11,,0,0.0,0,0,0,0,是
7GO56KBFJV*E7861YM,2026-05-26,2026-06-01,125,5818.4,9,6,31,106,是
7GO56KBFJV*B7851ZM,2026-05-27,2026-05-31,1223,64613.82,60,16,305,1039,是
7GO56KBFJV*C7704AM,2026-05-06,,0,0.0,0,0,0,0,否
7GO56KBFJV*D7751BM,2026-05-18,2026-05-26,342,23734.4,49,28,85,290,否
7GO56KBFJV*B7510CM,2026-05-21,,0,0.0,0,0,0,0,是
7GO56KBFJV*E7527DM,2026-07-18,2026-07-19,411,37901.04,69,17,102,349,否
7GO56KBFJV*D7850EM,2026-07-07,2026-07-20,788,16062.11,40,12,197,669,是
7GO56KBFJV*D7231FM,2026-04-20,2026-04-25,569,32026.53,78,10,142,483,否
7GO56KBFJV*C7354GM,2026-06-02,2026-06-07,145,2323.97,16,3,36,123,否
7GO56KBFJV*C7928HM,2026-06-04,2026-06-07,687,34614.23,32,6,171,583,否
7GO56KBFJV*E7445IM,2026-06-02,2026-06-05,570,23859.18,37,10,142,484,否
7GO56KBFJV*E7330JM,2026-07-20,2026-07-21,1395,76348.73,25,16,348,1185,是
7GO56KBFJV*E7180KM,2026-06-10,2026-06-11,1933,56487.31,25,14,483,1643,是
7GO56KBFJV*D7418LM,2026-06-01,2026-06-14,415,12307.39,32,0,103,352,否
7GO56KBFJV*D7255MM,2026-05-27,2026-05-31,109,3618.25,15,0,27,92,是
7GO56KBFJV*D7920NM,2026-06-06,,0,0.0,0,0,0,0,是
7GO56KBFJV*B7225OM,2026-07-30,2026-08-11,475,37906.27,30,1,118,403,否
7GO56KBFJV*C7456PM,2026-06-08,2026-06-16,879,81441.01,38,9,219,747,是
7GO56KBFJV*E7776QM,2026-04-07,2026-04-21,674,13798.27,55,3,168,572,否
7GO56KBFJV*E7630RM,2026-06-02,,0,0.0,0,0,0,0,否
7GO56KBFJV*C7336SM,2026-06-20,,0,0.0,0,0,0,0,否
7GO56KBFJV*E7761TM,2026-04-07,2026-04-14,793,65038.61,73,19,198,674,否
7GO56KBFJV*B7440UM,2026-04-15,2026-04-20,1291,81974.76,33,29,322,1097,否
7GO56KBFJV*D7454VM,2026-07-03,2026-07-15,226,7975.41,14,0,56,192,否
7GO56KBFJV*B7625WM,2026-06-04,,0,0.0,0,0,0,0,否
7GO56KBFJV*D7567XM,2026-04-18,,0,0.0,0,0,0,0,否
7GO56KBFJV*B7311YM,2026-05-28,2026-06-09,961,41081.0,77,22,240,816,否
7GO56KBFJV*D7212ZM,2026-05-25,2026-06-08,83,1002.66,8,5,20,70,否
7GO56KBFJV*D7538AM,2026-04-16,2026-04-25,984,44340.57,61,20,246,836,否
7GO56KBFJV*E7482BM,2026-07-26,2026-08-06,1417,68881.89,37,16,354,1204,是
7GO56KBFJV*D7895CM,2026-05-22,2026-05-28,337,15162.31,42,0,84,286,否
7GO56KBFJV*D7307DM,2026-07-06,2026-07-17,396,17216.58,54,0,99,336,是
7GO56KBFJV*B7547EM,2026-07-29,2026-08-05,158,5968.73,1,0,39,134,是
7GO56KBFJV*B7569FM,2026-05-25,2026-05-29,132,5371.73,14,5,33,112,否
7GO56KBFJV*E7655GM,2026-06-09,2026-06-22,812,19220.04,60,29,203,690,是
7GO56KBFJV*D7714HM,2026-05-09,2026-05-14,1,6.64,10,6,0,0,是
7GO56KBFJV*E7485IM,2026-06-22,,0,0.0,0,0,0,0,是
7GO56KBFJV*B7921KM,2026-06-09,2026-06-17,462,45561.95,34,25,115,392,是
7GO56KBFJV*E7885LM,2026-06-20,2026-07-01,114,1507.11,8,1,28,96,否
7GO56KBFJV*E7897MM,2026-07-18,2026-07-20,735,19408.47,23,1,183,624,是
7GO56KBFJV*B7101NM,2026-07-02,2026-07-13,332,25402.54,36,3,83,282,否
7GO56KBFJV*B7774OM,2026-06-02,2026-06-08,238,6684.25,8,2,59,202,是
7GO56KBFJV*D7904PM,2026-05-14,2026-05-24,1604,113156.11,77,30,401,1363,否
7GO56KBFJV*D7958QM,2026-05-01,2026-05-12,739,22402.6,39,3,184,628,否
7GO56KBFJV*E7379RM,2026-07-03,2026-07-15,1977,193459.0,76,13,494,1680,否
7GO56KBFJV*D7625SM,2026-05-30,2026-05-31,791,56495.99,28,6,197,672,是
7GO56KBFJV*D7711TM,2026-07-11,2026-07-21,429,23709.41,23,29,107,364,是
7GO56KBFJV*C7818UM,2026-06-16,,0,0.0,0,0,0,0,否
7GO56KBFJV*E7610VM,2026-06-20,2026-06-25,1460,33441.83,81,9,365,1241,否
7GO56KBFJV*B7576WM,2026-05-04,2026-05-13,570,41011.9,30,30,142,484,是
7GO56KBFJV*D7731XM,2026-05-06,2026-05-12,1455,43408.02,34,15,363,1236,否
7GO56KBFJV*B7874YM,2026-07-02,2026-07-10,1514,54155.46,91,19,378,1286,否
7GO56KBFJV*E7764ZM,2026-05-21,2026-06-03,676,36837.67,49,5,169,574,是
7GO56KBFJV*D7426AM,2026-07-02,2026-07-16,464,27284.44,34,6,116,394,是
7GO56KBFJV*E7113BM,2026-05-19,,0,0.0,0,0,0,0,是
7GO56KBFJV*C7170CM,2026-07-07,,0,0.0,0,0,0,0,否
7GO56KBFJV*E7154DM,2026-07-09,2026-07-10,792,70791.43,41,15,198,673,否
7GO56KBFJV*D7622EM,2026-05-26,2026-05-31,224,3667.41,12,3,56,190,否
7GO56KBFJV*E7743FM,2026-06-21,,0,0.0,0,0,0,0,否
7GO56KBFJV*B7821GM,2026-07-07,2026-07-15,49,1054.75,15,5,12,41,是
7GO56KBFJV*E7763HM,2026-05-20,2026-05-31,1405,137901.84,35,13,351,1194,是
7GO56KBFJV*E7370IM,2026-06-16,,0,0.0,0,0,0,0,否
7GO56KBFJV*D7376JM,2026-04-20,2026-04-29,1575,113293.12,98,25,393,1338,否
7GO56KBFJV*D7377KM,2026-04-15,2026-04-21,960,36870.93,37,8,240,816,否
7GO56KBFJV*E7469LM,2026-04-11,2026-04-23,878,83909.42,61,18,219,746,是
7GO56KBFJV*C7829MM,2026-06-05,2026-06-12,193,8290.95,15,4,48,164,否
7GO56KBFJV*B7594NM,2026-04-20,2026-04-21,784,51746.72,49,3,196,666,否
7GO56KBFJV*E7255OM,2026-04-24,,0,0.0,0,0,0,0,是
7GO56KBFJV*E7342PM,2026-05-16,2026-05-26,781,59954.23,35,4,195,663,否
7GO56KBFJV*D7178QM,2026-06-18,,0,0.0,0,0,0,0,是
7GO56KBFJV*D7434RM,2026-06-26,,0,0.0,0,0,0,0,否
7GO56KBFJV*B7566SM,2026-06-21,,0,0.0,0,0,0,0,是
7GO56KBFJV*C7270TM,2026-04-05,2026-04-12,1127,40346.79,35,9,281,957,否
7GO56KBFJV*E7294UM,2026-05-15,2026-05-19,946,22735.74,60,8,236,804,是
7GO56KBFJV*B7818VM,2026-04-27,,0,0.0,0,0,0,0,否
7GO56KBFJV*D7476WM,2026-07-04,2026-07-18,913,38538.29,62,10,228,776,是
7GO56KBFJV*B7315XM,2026-07-06,2026-07-18,1445,69188.47,30,17,361,1228,是
7GO56KBFJV*C7733YM,2026-05-14,2026-05-24,131,2329.5,11,6,32,111,否
7GO56KBFJV*C7866ZM,2026-05-27,2026-06-09,248,8309.94,13,4,62,210,是
7GO56KBFJV*D7201AM,2026-05-13,,0,0.0,0,0,0,0,否
7GO56KBFJV*B7462CM,2026-04-09,2026-04-19,1412,92053.39,34,30,353,1200,否
7GO56KBFJV*E7607DM,2026-04-19,2026-04-24,704,46801.59,38,7,176,598,是
7GO56KBFJV*B7606EM,2026-06-06,2026-06-13,495,28048.24,26,0,123,420,否
7GO56KBFJV*B7160FM,2026-04-27,2026-05-04,155,1007.76,1,0,38,131,是
7GO56KBFJV*E7142GM,2026-04-11,2026-04-16,12,113.97,8,5,3,10,是
7GO56KBFJV*B7664HM,2026-07-15,2026-07-25,1517,32715.6,45,30,379,1289,是
7GO56KBFJV*E7360IM,2026-07-20,2026-07-24,452,29346.08,40,18,113,384,是
7GO56KBFJV*E7640JM,2026-05-24,2026-06-03,1014,40013.99,70,30,253,861,否
7GO56KBFJV*B7721KM,2026-04-20,2026-04-21,1177,116562.98,28,26,294,1000,是
7GO56KBFJV*C7887LM,2026-04-10,2026-04-12,1050,63694.2,48,15,262,892,是
7GO56KBFJV*D7652MM,2026-04-21,2026-04-28,672,39158.72,34,30,168,571,是
7GO56KBFJV*E7413NM,2026-06-12,2026-06-26,238,3380.42,13,2,59,202,是
7GO56KBFJV*D7662OM,2026-04-17,2026-05-01,643,49022.51,49,15,160,546,是
7GO56KBFJV*E7301PM,2026-05-21,2026-06-03,395,35869.67,79,25,98,335,否
7GO56KBFJV*E7528QM,2026-05-10,2026-05-16,1473,104491.93,30,27,368,1252,否
7GO56KBFJV*B7275RM,2026-05-14,2026-05-27,110,1373.62,9,2,27,93,是
7GO56KBFJV*C7960SM,2026-05-15,,0,0.0,0,0,0,0,否
7GO56KBFJV*B7933TM,2026-06-09,2026-06-19,303,18017.01,23,2,75,257,否
7GO56KBFJV*C7136UM,2026-04-19,2026-04-28,585,39640.27,73,8,146,497,否
7GO56KBFJV*E7548VM,2026-07-20,2026-07-23,764,31098.96,52,0,191,649,是
7GO56KBFJV*D7928WM,2026-04-07,2026-04-20,1124,57283.46,38,7,281,955,是
7GO56KBFJV*B7740XM,2026-06-06,2026-06-07,132,3538.49,11,3,33,112,是
7GO56KBFJV*E7706YM,2026-07-08,2026-07-19,1391,89063.86,78,9,347,1182,否
7GO56KBFJV*E7973ZM,2026-05-24,2026-06-04,1110,59626.09,58,15,277,943,是
7GO56KBFJV*B7911AM,2026-06-03,2026-06-12,1456,34653.87,85,12,364,1237,是
7GO56KBFJV*E7621BM,2026-04-29,2026-05-08,199,9948.96,17,5,49,169,否
7GO56KBFJV*B7658CM,2026-05-29,2026-06-11,1098,40157.3,59,16,274,933,否
7GO56KBFJV*C7418DM,2026-04-05,2026-04-10,665,32723.98,33,6,166,565,否
7GO56KBFJV*D7107EM,2026-06-01,,0,0.0,0,0,0,0,否
7GO56KBFJV*E7229FM,2026-04-24,,0,0.0,0,0,0,0,否
7GO56KBFJV*B7517GM,2026-07-22,2026-07-27,308,14859.13,51,4,77,261,是
7GO56KBFJV*D7844HM,2026-05-18,2026-05-30,507,13372.86,54,26,126,430,是
7GO56KBFJV*B7941IM,2026-04-06,2026-04-20,196,2342.02,11,4,49,166,否
7GO56KBFJV*C7455JM,2026-04-05,2026-04-17,1418,28903.38,48,28,354,1205,否
7GO56KBFJV*B7166KM,2026-06-02,2026-06-08,136,1332.84,17,0,34,115,否
7GO56KBFJV*E7138LM,2026-07-01,2026-07-04,105,3386.46,18,3,26,89,是
7GO56KBFJV*E7181MM,2026-04-27,2026-05-02,230,5311.39,3,0,57,195,是
7GO56KBFJV*D7198NM,2026-07-09,2026-07-22,826,26613.32,99,29,206,702,否
7GO56KBFJV*E7628OM,2026-07-07,2026-07-15,78,959.14,11,2,19,66,否
7GO56KBFJV*D7117PM,2026-06-13,,0,0.0,0,0,0,0,是
7GO56KBFJV*B7986QM,2026-07-18,2026-08-01,869,43166.28,86,14,217,738,是
7GO56KBFJV*E7529RM,2026-04-14,2026-04-19,380,29886.31,26,2,95,323,否
7GO56KBFJV*D7404SM,2026-06-17,2026-06-18,459,22619.03,44,2,114,390,是
7GO56KBFJV*B7862TM,2026-04-14,2026-04-28,215,7615.59,12,1,53,182,是
7GO56KBFJV*D7309UM,2026-04-04,2026-04-05,163,1617.7,2,2,40,138,是
7GO56KBFJV*C7383VM,2026-05-08,2026-05-10,1359,96278.44,31,16,339,1155,否
7GO56KBFJV*E7407WM,2026-05-13,2026-05-15,1205,72663.81,81,15,301,1024,否
7GO56KBFJV*C7109XM,2026-07-08,2026-07-14,587,30367.66,49,5,146,498,否
7GO56KBFJV*E7738YM,2026-04-10,2026-04-18,961,87246.25,58,15,240,816,否
7GO56KBFJV*D7179ZM,2026-07-03,2026-07-11,469,25892.81,56,18,117,398,否
7GO56KBFJV*B7161AM,2026-05-08,2026-05-22,212,9041.56,1,2,53,180,否
7GO56KBFJV*C7525BM,2026-07-27,2026-07-29,1685,110257.29,72,20,421,1432,是
7GO56KBFJV*D7498DM,2026-04-22,2026-04-26,1253,85533.26,60,30,313,1065,是
7GO56KBFJV*B7315EM,2026-07-15,2026-07-23,670,44786.28,23,5,167,569,否
7GO56KBFJV*C7264FM,2026-07-04,2026-07-18,757,16544.31,40,5,189,643,是
7GO56KBFJV*E7861GM,2026-05-13,2026-05-21,807,71749.41,24,18,201,685,是
7GO56KBFJV*B7778HM,2026-05-27,2026-06-05,68,2754.95,8,3,17,57,否
7GO56KBFJV*E7315IM,2026-06-10,2026-06-13,702,39994.97,59,19,175,596,是
7GO56KBFJV*E7458JM,2026-04-03,2026-04-15,1499,96320.72,53,18,374,1274,否
7GO56KBFJV*D7692KM,2026-07-24,2026-08-06,1110,82892.5,91,14,277,943,否
7GO56KBFJV*C7283LM,2026-07-01,,0,0.0,0,0,0,0,是
7GO56KBFJV*B7887MM,2026-07-14,2026-07-25,764,47167.48,20,30,191,649,否
7GO56KBFJV*E7903AM,2026-05-07,,0,0.0,0,0,0,0,是
7GO56KBFJV*D7269BM,2026-07-31,2026-08-08,423,25483.22,38,0,105,359,否
7GO56KBFJV*E7537CM,2026-07-21,2026-08-03,830,25115.12,24,30,207,705,否
7GO56KBFJV*C7759DM,2026-06-29,,0,0.0,0,0,0,0,否
7GO56KBFJV*D7571EM,2026-04-29,,0,0.0,0,0,0,0,否
7GO56KBFJV*D7281FM,2026-06-01,2026-06-14,751,36466.42,58,4,187,638,否
7GO56KBFJV*B7646GM,2026-05-28,2026-05-31,1820,171501.81,65,29,455,1547,否
7GO56KBFJV*C7984HM,2026-06-12,,0,0.0,0,0,0,0,否
7GO56KBFJV*E7658IM,2026-04-02,2026-04-10,97,2455.82,10,5,24,82,是
7GO56KBFJV*D7515JM,2026-05-27,2026-06-07,437,36785.32,43,24,109,371,否
7GO56KBFJV*B7608KM,2026-07-10,,0,0.0,0,0,0,0,是
7GO56KBFJV*B7614LM,2026-04-15,,0,0.0,0,0,0,0,是
7GO56KBFJV*B7694MM,2026-04-03,2026-04-09,43,1031.64,18,6,10,36,否
7GO56KBFJV*E7145NM,2026-07-28,2026-07-29,548,40792.2,55,3,137,465,是
7GO56KBFJV*E7512OM,2026-05-03,,0,0.0,0,0,0,0,否
7GO56KBFJV*E7602PM,2026-05-23,2026-06-03,937,73830.26,26,10,234,796,否
7GO56KBFJV*D7559QM,2026-05-05,2026-05-09,406,19731.11,21,0,101,345,是
7GO56KBFJV*C7702RM,2026-07-25,2026-07-29,249,7772.32,16,2,62,211,否
7GO56KBFJV*D7739SM,2026-04-20,2026-04-24,230,2383.7,14,5,57,195,否
7GO56KBFJV*B7527TM,2026-06-24,,0,0.0,0,0,0,0,是
7GO56KBFJV*D7832UM,2026-07-14,2026-07-28,379,23855.7,28,6,94,322,否
7GO56KBFJV*D7190VM,2026-06-02,,0,0.0,0,0,0,0,否
7GO56KBFJV*D7119WM,2026-07-17,2026-07-23,1899,121999.43,74,7,474,1614,否
7GO56KBFJV*D7253XM,2026-06-02,,0,0.0,0,0,0,0,是
7GO56KBFJV*C7248YM,2026-07-11,,0,0.0,0,0,0,0,否
7GO56KBFJV*C7680ZM,2026-05-25,2026-05-29,57,847.25,17,6,14,48,是
7GO56KBFJV*E7277AM,2026-06-07,,0,0.0,0,0,0,0,否
7GO56KBFJV*B7354BM,2026-06-03,2026-06-12,697,38369.02,72,24,174,592,是
7GO56KBFJV*C7644CM,2026-06-04,2026-06-06,1351,57102.39,78,18,337,1148,否
7GO56KBFJV*C7358DM,2026-05-19,2026-05-30,510,44856.03,33,12,127,433,是
7GO56KBFJV*B7452EM,2026-06-26,,0,0.0,0,0,0,0,否
7GO56KBFJV*E7239FM,2026-04-22,2026-04-27,39,570.13,10,0,9,33,否
7GO56KBFJV*B7456GM,2026-06-06,2026-06-12,763,58907.49,40,4,190,648,是
7GO56KBFJV*D7885HM,2026-06-06,2026-06-13,1098,95978.89,27,29,274,933,否
7GO56KBFJV*C7440IM,2026-05-07,2026-05-16,1843,112660.91,51,29,460,1566,是
7GO56KBFJV*D7941JM,2026-05-23,2026-05-29,96,1349.45,12,0,24,81,是
7GO56KBFJV*D7952KM,2026-04-13,2026-04-16,532,24449.64,38,3,133,452,是
7GO56KBFJV*C7928LM,2026-05-14,2026-05-24,589,21429.52,36,3,147,500,否
7GO56KBFJV*D7739MM,2026-05-18,2026-05-21,65,2145.74,15,6,16,55,否
7GO56KBFJV*B7964NM,2026-06-11,,0,0.0,0,0,0,0,否
7GO56KBFJV*B7680OM,2026-05-19,2026-05-31,103,3354.42,17,5,25,87,是
7GO56KBFJV*B7454PM,2026-04-19,2026-04-30,115,3100.43,3,3,28,97,是
7GO56KBFJV*C7292QM,2026-05-15,2026-05-18,1547,77795.68,90,7,386,1314,是
7GO56KBFJV*E7738RM,2026-07-28,2026-07-30,249,8621.95,8,5,62,211,是
7GO56KBFJV*E7622SM,2026-04-11,2026-04-15,392,7955.71,44,4,98,333,否
7GO56KBFJV*C7434TM,2026-07-04,2026-07-12,1239,96737.65,21,24,309,1053,是
7GO56KBFJV*D7722UM,2026-05-31,,0,0.0,0,0,0,0,是
7GO56KBFJV*D7760VM,2026-05-17,2026-05-23,101,1956.05,18,3,25,85,否
7GO56KBFJV*D7286WM,2026-04-23,2026-05-07,502,31011.09,36,2,125,426,否
7GO56KBFJV*C7249XM,2026-06-16,2026-06-22,1238,84881.49,72,15,309,1052,是
7GO56KBFJV*B7184YM,2026-04-27,2026-05-02,455,28228.63,68,7,113,386,是
7GO56KBFJV*B7878ZM,2026-06-15,2026-06-21,1453,122781.42,39,29,363,1235,是
7GO56KBFJV*E7869AM,2026-05-05,,0,0.0,0,0,0,0,是
7GO56KBFJV*D7202BM,2026-07-03,2026-07-05,633,28290.69,45,6,158,538,否
7GO56KBFJV*E7225CM,2026-05-17,2026-05-21,674,35543.24,46,15,168,572,否
7GO56KBFJV*C7322DM,2026-04-14,2026-04-28,1277,30922.79,53,26,319,1085,是
7GO56KBFJV*D7228EM,2026-07-12,,0,0.0,0,0,0,0,是
7GO56KBFJV*E7827FM,2026-05-18,2026-05-24,184,1707.39,4,2,46,156,否
7GO56KBFJV*E7465GM,2026-04-09,2026-04-12,676,41173.47,45,2,169,574,是
7GO56KBFJV*E7657HM,2026-07-13,2026-07-21,704,19755.36,37,0,176,598,是
7GO56KBFJV*E7243IM,2026-04-21,,0,0.0,0,0,0,0,是
7GO56KBFJV*B7956JM,2026-06-07,2026-06-14,1445,80955.37,64,24,361,1228,是
7GO56KBFJV*C7662KM,2026-07-07,,0,0.0,0,0,0,0,是
7GO56KBFJV*E7264LM,2026-07-13,2026-07-22,1,37.37,18,1,0,0,否
7GO56KBFJV*C7349MM,2026-07-09,2026-07-23,507,37125.32,97,25,126,430,否
7GO56KBFJV*C7769NM,2026-05-28,2026-06-06,29,634.34,17,3,7,24,否
7GO56KBFJV*E7599OM,2026-05-24,,0,0.0,0,0,0,0,是
7GO56KBFJV*E7405PM,2026-05-28,2026-05-29,948,26099.04,53,9,237,805,是
7GO56KBFJV*D7424QM,2026-07-12,2026-07-21,636,35497.41,47,3,159,540,是
7GO56KBFJV*B7200RM,2026-05-18,,0,0.0,0,0,0,0,否
7GO56KBFJV*C7129SM,2026-06-07,2026-06-08,824,48060.26,53,15,206,700,否
7GO56KBFJV*D7274TM,2026-05-29,2026-06-04,662,45912.33,53,3,165,562,是
7GO56KBFJV*E7747AM,2026-05-04,2026-05-13,16,209.18,11,6,4,13,是
7GO56KBFJV*E7489BM,2026-07-31,2026-08-02,224,6707.61,18,2,56,190,否
7GO56KBFJV*D7172CM,2026-04-22,2026-05-02,1432,113563.98,43,21,358,1217,否
7GO56KBFJV*C7146DM,2026-07-01,2026-07-13,601,18463.57,29,14,150,510,否
7GO56KBFJV*E7144EM,2026-06-19,2026-06-28,124,5368.97,7,0,31,105,是
7GO56KBFJV*C7685FM,2026-04-03,2026-04-11,741,29875.22,20,1,185,629,否
7GO56KBFJV*D7498GM,2026-06-13,2026-06-16,333,24039.7,59,2,83,283,否
7GO56KBFJV*D7340HM,2026-05-07,2026-05-14,657,32401.06,59,3,164,558,否
7GO56KBFJV*D7307IM,2026-06-13,2026-06-18,186,8734.45,7,4,46,158,是
7GO56KBFJV*C7669JM,2026-07-04,2026-07-17,1464,110606.48,66,26,366,1244,是
7GO56KBFJV*C7250KM,2026-07-17,2026-07-26,658,15367.46,78,26,164,559,是
7GO56KBFJV*D7269LM,2026-05-12,2026-05-24,419,18964.43,44,3,104,356,否
7GO56KBFJV*E7599MM,2026-05-28,2026-06-09,735,58584.85,24,3,183,624,是
7GO56KBFJV*D7900NM,2026-07-17,2026-07-25,745,20882.65,45,0,186,633,是
7GO56KBFJV*D7536OM,2026-04-27,2026-05-11,851,55114.76,39,21,212,723,否
7GO56KBFJV*B7904PM,2026-05-20,2026-05-27,788,62351.03,62,12,197,669,是
7GO56KBFJV*D7908QM,2026-05-07,2026-05-20,1779,85620.29,37,11,444,1512,是
7GO56KBFJV*B7889RM,2026-04-30,2026-05-03,1462,94014.94,55,7,365,1242,否
7GO56KBFJV*E7675SM,2026-07-10,2026-07-12,1083,102384.14,76,28,270,920,是
7GO56KBFJV*C7550TM,2026-06-14,2026-06-21,554,37553.23,60,1,138,470,否
7GO56KBFJV*E7897UM,2026-05-17,2026-05-18,1235,75942.45,37,14,308,1049,否
7GO56KBFJV*D7503VM,2026-05-02,2026-05-05,440,15801.88,46,2,110,374,是
7GO56KBFJV*D7347WM,2026-07-02,,0,0.0,0,0,0,0,否
7GO56KBFJV*D7157XM,2026-05-16,2026-05-25,187,1797.18,7,6,46,158,否
7GO56KBFJV*E7630ZM,2026-05-02,2026-05-08,394,17923.57,60,1,98,334,否
7GO56KBFJV*D7529AM,2026-06-08,2026-06-14,1402,121782.18,69,27,350,1191,是
7GO56KBFJV*E7774BM,2026-07-01,,0,0.0,0,0,0,0,否
7GO56KBFJV*B7669CM,2026-06-19,2026-07-02,1510,33137.12,71,12,377,1283,否
7GO56KBFJV*D7985DM,2026-07-25,2026-08-03,45,868.09,1,2,11,38,是
7GO56KBFJV*D7422EM,2026-07-31,2026-08-09,204,5804.57,17,3,51,173,否
7GO56KBFJV*B7570FM,2026-05-15,2026-05-24,102,3898.9,17,1,25,86,否
7GO56KBFJV*D7684GM,2026-04-07,2026-04-16,573,39226.59,41,4,143,487,否
7GO56KBFJV*D7334HM,2026-05-17,2026-05-20,176,2785.54,17,4,44,149,否
7GO56KBFJV*E7468IM,2026-04-24,2026-04-27,342,21407.58,64,21,85,290,否
7GO56KBFJV*E7621JM,2026-05-15,2026-05-18,588,32608.66,34,2,147,499,否
7GO56KBFJV*D7536KM,2026-04-24,2026-05-05,1100,101135.75,33,9,275,935,是
7GO56KBFJV*E7140LM,2026-04-24,2026-04-28,81,802.0,3,3,20,68,否
7GO56KBFJV*C7863MM,2026-06-17,2026-06-20,861,61900.99,100,8,215,731,是
7GO56KBFJV*D7810NM,2026-07-18,2026-07-26,779,32220.42,61,28,194,662,否
7GO56KBFJV*E7174OM,2026-04-27,2026-05-11,164,5650.11,15,4,41,139,是
7GO56KBFJV*D7688PM,2026-04-17,2026-04-19,203,2515.18,4,2,50,172,否
7GO56KBFJV*E7811QM,2026-05-14,2026-05-15,1035,92053.64,29,13,258,879,否
7GO56KBFJV*B7368RM,2026-04-14,2026-04-16,103,2534.63,18,3,25,87,是
7GO56KBFJV*B7240SM,2026-06-14,2026-06-20,709,21314.5,25,4,177,602,否
7GO56KBFJV*D7406TM,2026-06-08,2026-06-11,227,2391.24,2,6,56,192,是
7GO56KBFJV*B7576UM,2026-05-05,2026-05-07,438,31891.82,27,6,109,372,否
7GO56KBFJV*B7803VM,2026-04-27,2026-05-07,1100,42523.92,21,7,275,935,是
7GO56KBFJV*B7173WM,2026-04-27,,0,0.0,0,0,0,0,否
7GO56KBFJV*D7881XM,2026-06-15,,0,0.0,0,0,0,0,是
7GO56KBFJV*E7443YM,2026-04-30,2026-05-10,19,702.75,7,3,4,16,是
7GO56KBFJV*B7381ZM,2026-06-27,,0,0.0,0,0,0,0,是
7GO56KBFJV*E7304AM,2026-04-19,2026-04-28,531,46670.53,50,9,132,451,否
7GO56KBFJV*C7750BM,2026-05-19,2026-05-29,440,31859.55,54,6,110,374,是
7GO56KBFJV*D7890CM,2026-07-23,2026-08-06,179,6365.57,15,6,44,152,否
7GO56KBFJV*C7757DM,2026-07-25,2026-07-28,208,5124.92,0,0,52,176,是
7GO56KBFJV*D7918FM,2026-07-09,2026-07-22,1069,84991.8,35,17,267,908,是
7GO56KBFJV*D7470GM,2026-06-04,2026-06-11,723,70866.5,26,24,180,614,是
7GO56KBFJV*E7808HM,2026-07-21,2026-08-01,99,2426.38,12,5,24,84,是
7GO56KBFJV*B7281IM,2026-05-17,2026-05-30,83,1672.34,10,4,20,70,是
7GO56KBFJV*B7850JM,2026-07-05,2026-07-11,1338,69278.45,43,24,334,1137,是
7GO56KBFJV*E7632KM,2026-05-31,2026-06-13,1492,88281.84,40,15,373,1268,否
7GO56KBFJV*D7640LM,2026-07-01,2026-07-15,798,64902.84,44,30,199,678,否
7GO56KBFJV*D7481MM,2026-06-15,2026-06-26,1493,121800.73,54,19,373,1269,否
7GO56KBFJV*C7826NM,2026-04-28,,0,0.0,0,0,0,0,否
7GO56KBFJV*B7199OM,2026-05-31,2026-06-06,1174,102640.7,77,7,293,997,否
7GO56KBFJV*D7711PM,2026-07-13,2026-07-18,155,1840.85,0,3,38,131,是
7GO56KBFJV*E7558QM,2026-07-09,2026-07-10,1256,102161.01,88,27,314,1067,否
7GO56KBFJV*C7584RM,2026-05-13,2026-05-22,1697,65405.49,74,24,424,1442,否
7GO56KBFJV*E7731SM,2026-06-20,2026-06-23,792,40144.04,53,5,198,673,是
7GO56KBFJV*D7835TM,2026-04-15,2026-04-16,540,26830.42,92,19,135,459,否
7GO56KBFJV*B7150UM,2026-04-03,2026-04-14,348,20789.87,39,4,87,295,是
7GO56KBFJV*C7202VM,2026-06-01,,0,0.0,0,0,0,0,是
7GO56KBFJV*E7507WM,2026-07-02,2026-07-07,736,46492.87,66,23,184,625,是
7GO56KBFJV*E7191XM,2026-06-07,2026-06-09,15,142.3,8,6,3,12,是
7GO56KBFJV*D7514YM,2026-06-17,2026-06-20,648,23202.79,57,19,162,550,否
7GO56KBFJV*E7214ZM,2026-04-05,2026-04-19,197,2781.39,18,1,49,167,否
7GO56KBFJV*D7956AM,2026-04-23,2026-04-26,321,10953.41,52,21,80,272,是
7GO56KBFJV*C7131BM,2026-05-18,2026-05-29,975,52217.49,45,16,243,828,否
7GO56KBFJV*C7124CM,2026-07-22,2026-07-31,755,49190.06,44,2,188,641,是
7GO56KBFJV*C7891DM,2026-07-06,,0,0.0,0,0,0,0,否
7GO56KBFJV*B7785EM,2026-06-16,2026-06-21,734,38969.84,42,5,183,623,是
7GO56KBFJV*B7165FM,2026-05-15,2026-05-19,537,29363.57,25,28,134,456,是
7GO56KBFJV*C7414GM,2026-06-13,,0,0.0,0,0,0,0,是
7GO56KBFJV*C7856HM,2026-07-22,2026-08-01,1337,81229.31,45,14,334,1136,否
7GO56KBFJV*E7953IM,2026-07-06,2026-07-09,751,40620.39,27,2,187,638,是
7GO56KBFJV*D7706JM,2026-05-24,2026-06-03,1362,59584.16,98,18,340,1157,否
7GO56KBFJV*D7773KM,2026-04-15,2026-04-17,1584,59351.99,82,18,396,1346,否
7GO56KBFJV*C7799LM,2026-06-05,2026-06-06,61,1229.17,9,1,15,51,是
7GO56KBFJV*B7370MM,2026-07-29,2026-08-02,412,17478.45,31,13,103,350,是
7GO56KBFJV*B7612AM,2026-04-22,,0,0.0,0,0,0,0,是
7GO56KBFJV*C7813BM,2026-05-30,2026-06-07,635,22453.41,58,0,158,539,是
7GO56KBFJV*D7505CM,2026-04-10,2026-04-17,566,40384.38,51,4,141,481,是
7GO56KBFJV*C7894DM,2026-06-11,2026-06-18,899,24832.92,46,10,224,764,否
7GO56KBFJV*B7756EM,2026-06-15,2026-06-16,85,3184.1,6,6,21,72,否
7GO56KBFJV*B7743FM,2026-04-25,2026-05-07,1496,97585.63,67,24,374,1271,是
7GO56KBFJV*C7105GM,2026-05-30,2026-06-09,60,561.48,7,5,15,51,否
7GO56KBFJV*E7311HM,2026-06-05,,0,0.0,0,0,0,0,是
7GO56KBFJV*D7339IM,2026-04-09,2026-04-21,54,1495.94,12,5,13,45,是
7GO56KBFJV*C7910JM,2026-07-09,,0,0.0,0,0,0,0,是
7GO56KBFJV*D7344KM,2026-05-23,2026-06-01,1072,54399.34,30,19,268,911,是
7GO56KBFJV*C7585LM,2026-05-02,2026-05-15,1300,70530.95,63,14,325,1105,是
7GO56KBFJV*D7548MM,2026-06-12,2026-06-21,648,62587.55,66,10,162,550,是
7GO56KBFJV*C7733NM,2026-04-12,2026-04-16,137,2536.71,14,6,34,116,否
7GO56KBFJV*E7951OM,2026-06-11,,0,0.0,0,0,0,0,否
7GO56KBFJV*E7467PM,2026-05-14,2026-05-25,116,4281.36,14,6,29,98,否
7GO56KBFJV*E7386QM,2026-05-15,2026-05-25,238,11068.86,11,4,59,202,是
7GO56KBFJV*B7697RM,2026-07-11,2026-07-16,477,37068.02,58,5,119,405,否
7GO56KBFJV*B7812SM,2026-06-16,2026-06-21,46,1898.8,5,1,11,39,否
7GO56KBFJV*C7737TM,2026-06-06,2026-06-09,56,2229.14,15,5,14,47,否
7GO56KBFJV*B7735UM,2026-05-18,,0,0.0,0,0,0,0,是
7GO56KBFJV*C7762VM,2026-06-01,2026-06-10,466,35298.3,57,1,116,396,否
7GO56KBFJV*C7912WM,2026-05-26,2026-06-05,820,54086.26,79,20,205,697,否
7GO56KBFJV*C7274XM,2026-07-21,2026-07-23,1439,66340.08,55,7,359,1223,是
7GO56KBFJV*D7125YM,2026-05-05,2026-05-11,161,3877.08,5,0,40,136,是
7GO56KBFJV*B7870ZM,2026-05-13,2026-05-23,156,5210.42,3,2,39,132,否
7GO56KBFJV*E7511AM,2026-04-28,,0,0.0,0,0,0,0,否
7GO56KBFJV*C7469BM,2026-04-20,2026-05-03,1002,81023.97,60,10,250,851,否
7GO56KBFJV*E7479CM,2026-05-23,2026-05-24,767,17730.94,22,1,191,651,是
7GO56KBFJV*B7665DM,2026-04-20,2026-04-23,1403,107799.02,74,21,350,1192,是
7GO56KBFJV*B7444EM,2026-06-18,2026-06-19,86,2485.26,15,2,21,73,否
7GO56KBFJV*D7783FM,2026-07-25,2026-07-26,1230,98478.9,72,17,307,1045,否
7GO56KBFJV*C7328GM,2026-04-28,,0,0.0,0,0,0,0,否
7GO56KBFJV*E7686HM,2026-07-16,2026-07-24,1426,78735.68,97,9,356,1212,否
7GO56KBFJV*C7493IM,2026-07-22,2026-08-01,30,821.72,14,5,7,25,否
7GO56KBFJV*E7116JM,2026-05-18,2026-05-22,221,8797.48,15,0,55,187,是
7GO56KBFJV*C7847KM,2026-06-05,2026-06-14,1001,26105.33,96,17,250,850,否
7GO56KBFJV*D7491LM,2026-07-30,2026-08-02,71,1880.1,17,2,17,60,是
7GO56KBFJV*D7144MM,2026-05-05,2026-05-07,941,29738.67,61,29,235,799,否
7GO56KBFJV*B7505NM,2026-06-07,2026-06-16,6,279.88,9,4,1,5,是
7GO56KBFJV*C7311OM,2026-05-05,2026-05-09,156,7170.88,5,3,39,132,否
7GO56KBFJV*B7411PM,2026-06-20,2026-07-01,141,5513.69,5,0,35,119,否
7GO56KBFJV*B7555RM,2026-07-11,,0,0.0,0,0,0,0,是
7GO56KBFJV*C7491SM,2026-04-24,2026-05-04,1667,124093.2,95,27,416,1416,是
7GO56KBFJV*C7736TM,2026-04-01,2026-04-13,7,94.15,13,4,1,5,否
7GO56KBFJV*C7355UM,2026-06-15,2026-06-21,1535,84895.55,59,25,383,1304,是
7GO56KBFJV*D7782VM,2026-05-14,2026-05-27,429,30015.23,21,1,107,364,否
7GO56KBFJV*D7249WM,2026-07-27,2026-07-30,556,26105.91,22,13,139,472,否
7GO56KBFJV*E7485XM,2026-06-15,2026-06-23,451,30552.49,54,4,112,383,是
7GO56KBFJV*D7954YM,2026-04-15,,0,0.0,0,0,0,0,否
7GO56KBFJV*D7910ZM,2026-06-07,2026-06-16,531,29353.98,35,3,132,451,是
7GO56KBFJV*E7613AM,2026-07-21,2026-07-29,566,19556.45,60,2,141,481,是
7GO56KBFJV*D7401BM,2026-04-28,,0,0.0,0,0,0,0,是
7GO56KBFJV*C7637DM,2026-05-05,,0,0.0,0,0,0,0,否
7GO56KBFJV*C7486EM,2026-04-19,2026-04-30,530,28453.02,34,1,132,450,是
7GO56KBFJV*B7710FM,2026-04-10,2026-04-16,618,56429.46,67,7,154,525,是
7GO56KBFJV*C7608GM,2026-05-19,2026-05-22,497,34372.62,45,3,124,422,否
7GO56KBFJV*B7783HM,2026-04-23,,0,0.0,0,0,0,0,是
7GO56KBFJV*C7908IM,2026-07-27,2026-07-31,1112,44058.23,42,14,278,945,否
7GO56KBFJV*E7464JM,2026-07-15,2026-07-28,869,34346.12,50,18,217,738,否
7GO56KBFJV*E7735KM,2026-07-13,2026-07-17,467,12627.23,22,1,116,396,否
7GO56KBFJV*E7261LM,2026-05-26,2026-06-03,528,24295.65,68,12,132,448,否
7GO56KBFJV*E7755MM,2026-04-27,2026-05-02,649,26649.92,53,0,162,551,是
7GO56KBFJV*B7918OM,2026-06-01,2026-06-03,128,2771.36,10,1,32,108,是
7GO56KBFJV*C7271PM,2026-05-03,2026-05-07,1951,98427.45,72,9,487,1658,否
7GO56KBFJV*C7366QM,2026-06-20,2026-06-21,126,4366.53,14,2,31,107,是
7GO56KBFJV*E7929RM,2026-05-29,2026-06-11,1416,123692.8,68,7,354,1203,是
7GO56KBFJV*E7781SM,2026-04-24,,0,0.0,0,0,0,0,是
7GO56KBFJV*B7816TM,2026-04-04,2026-04-16,775,58777.7,55,1,193,658,是
7GO56KBFJV*C7237UM,2026-07-19,2026-07-29,10,466.71,16,3,2,8,是
7GO56KBFJV*B7665VM,2026-07-14,2026-07-23,120,3003.09,7,5,30,102,是
7GO56KBFJV*E7845WM,2026-06-27,,0,0.0,0,0,0,0,是
7GO56KBFJV*E7194XM,2026-07-18,2026-07-21,621,28410.96,26,1,155,527,是
7GO56KBFJV*B7900YM,2026-05-05,2026-05-08,480,30855.43,50,28,120,408,否
7GO56KBFJV*E7616ZM,2026-04-10,2026-04-21,353,25626.48,73,29,88,300,是
7GO56KBFJV*C7225AM,2026-07-14,,0,0.0,0,0,0,0,否
7GO56KBFJV*E7198BM,2026-04-25,,0,0.0,0,0,0,0,是
7GO56KBFJV*B7862CM,2026-07-02,2026-07-07,415,30436.06,59,1,103,352,否
7GO56KBFJV*D7794DM,2026-06-06,,0,0.0,0,0,0,0,否
7GO56KBFJV*C7427EM,2026-04-16,,0,0.0,0,0,0,0,是
7GO56KBFJV*D7216FM,2026-04-14,2026-04-26,43,1409.09,11,2,10,36,否
7GO56KBFJV*B7614GM,2026-05-01,2026-05-09,735,42670.37,45,8,183,624,否
7GO56KBFJV*E7502HM,2026-06-20,,0,0.0,0,0,0,0,是
7GO56KBFJV*D7558IM,2026-06-16,2026-06-30,508,20570.31,21,6,127,431,否
7GO56KBFJV*B7624JM,2026-07-21,2026-07-23,212,10111.44,14,5,53,180,是
7GO56KBFJV*C7443KM,2026-06-10,,0,0.0,0,0,0,0,否
7GO56KBFJV*B7825LM,2026-06-11,2026-06-13,1606,118938.23,81,24,401,1365,是
7GO56KBFJV*C7324MM,2026-07-31,2026-08-07,1609,127768.65,44,25,402,1367,否
7GO56KBFJV*B7599NM,2026-05-21,2026-05-24,797,26235.92,45,3,199,677,否
7GO56KBFJV*E7858OM,2026-05-30,,0,0.0,0,0,0,0,否
7GO56KBFJV*D7158PM,2026-04-14,2026-04-28,664,52653.26,63,10,166,564,是
7GO56KBFJV*D7236QM,2026-05-13,,0,0.0,0,0,0,0,是
7GO56KBFJV*D7574RM,2026-04-08,2026-04-20,226,4011.42,15,3,56,192,是
7GO56KBFJV*D7646SM,2026-05-06,,0,0.0,0,0,0,0,是
7GO56KBFJV*D7855TM,2026-05-09,2026-05-13,1005,52469.73,99,28,251,854,是
7GO56KBFJV*C7717UM,2026-07-16,2026-07-17,591,18805.61,45,1,147,502,是
7GO56KBFJV*C7703VM,2026-04-12,2026-04-19,1448,123518.61,36,25,362,1230,否
7GO56KBFJV*C7417WM,2026-05-03,2026-05-17,1137,32426.2,77,30,284,966,否
7GO56KBFJV*B7322XM,2026-05-20,2026-05-31,130,4383.5,11,2,32,110,是
7GO56KBFJV*C7190YM,2026-04-03,2026-04-09,607,32181.06,23,2,151,515,是
7GO56KBFJV*C7977ZM,2026-07-07,2026-07-10,184,6306.17,11,5,46,156,否
7GO56KBFJV*C7619AM,2026-05-07,2026-05-09,90,1826.81,18,2,22,76,否
7GO56KBFJV*B7154BM,2026-06-16,2026-06-17,163,4932.83,5,3,40,138,否
7GO56KBFJV*E7452CM,2026-07-05,2026-07-14,340,18863.27,46,3,85,289,是
7GO56KBFJV*D7877DM,2026-05-20,2026-05-23,950,42150.92,35,9,237,807,否
7GO56KBFJV*B7307EM,2026-06-15,2026-06-27,582,42876.44,61,7,145,494,是
7GO56KBFJV*C7300FM,2026-05-21,2026-05-26,115,4742.15,4,1,28,97,是
7GO56KBFJV*E7971GM,2026-06-19,2026-07-02,493,22651.16,29,4,123,419,否
7GO56KBFJV*C7342HM,2026-05-12,2026-05-18,1042,38460.22,61,11,260,885,否
7GO56KBFJV*B7399IM,2026-07-30,2026-08-01,214,2119.98,1,5,53,181,否
7GO56KBFJV*B7530JM,2026-06-14,,0,0.0,0,0,0,0,是
7GO56KBFJV*D7438KM,2026-04-14,2026-04-21,423,23516.88,57,0,105,359,否
7GO56KBFJV*E7809LM,2026-05-04,2026-05-07,342,28432.39,50,9,85,290,否
7GO56KBFJV*B7533MM,2026-04-22,2026-05-05,1275,50235.07,26,27,318,1083,是
7GO56KBFJV*B7782NM,2026-06-05,2026-06-06,38,1688.82,16,0,9,32,否
7GO56KBFJV*E7685OM,2026-07-17,2026-07-18,1825,80186.35,92,13,456,1551,否
7GO56KBFJV*B7740PM,2026-05-19,,0,0.0,0,0,0,0,是
7GO56KBFJV*C7457QM,2026-05-31,2026-06-06,591,38281.32,22,30,147,502,否
7GO56KBFJV*C7567RM,2026-06-13,2026-06-23,24,631.52,10,1,6,20,否
7GO56KBFJV*B7698SM,2026-07-23,2026-07-26,1362,125666.41,73,24,340,1157,是
7GO56KBFJV*B7982TM,2026-07-29,2026-07-30,1010,87401.2,99,21,252,858,否
7GO56KBFJV*E7124UM,2026-06-11,2026-06-22,1156,53806.95,50,16,289,982,是
7GO56KBFJV*E7630VM,2026-06-15,2026-06-18,749,35681.11,48,25,187,636,否
7GO56KBFJV*C7496AM,2026-06-04,2026-06-10,19,431.93,12,6,4,16,是
7GO56KBFJV*B7123BM,2026-04-30,2026-05-14,1604,83497.39,57,30,401,1363,是
7GO56KBFJV*E7392CM,2026-05-27,2026-06-01,38,285.3,7,6,9,32,是
7GO56KBFJV*B7690DM,2026-06-13,2026-06-14,490,36808.0,33,12,122,416,是
7GO56KBFJV*C7573EM,2026-04-19,2026-04-26,1231,57743.25,81,12,307,1046,是
7GO56KBFJV*D7327FM,2026-05-08,2026-05-12,226,8406.23,5,4,56,192,是
7GO56KBFJV*E7464GM,2026-07-20,2026-07-26,694,17899.95,43,2,173,589,是
7GO56KBFJV*C7993HM,2026-06-10,2026-06-22,459,43285.64,28,16,114,390,否
7GO56KBFJV*E7522IM,2026-04-07,2026-04-11,232,3629.39,12,2,58,197,否
7GO56KBFJV*D7279JM,2026-04-14,2026-04-19,603,38257.03,30,5,150,512,否
7GO56KBFJV*D7430KM,2026-05-11,2026-05-19,200,9147.4,2,0,50,170,是
7GO56KBFJV*B7995LM,2026-06-15,,0,0.0,0,0,0,0,是
7GO56KBFJV*B7307MM,2026-06-02,2026-06-06,602,34638.83,59,13,150,511,是
7GO56KBFJV*E7845NM,2026-05-13,2026-05-14,729,40297.65,29,3,182,619,是
7GO56KBFJV*B7613OM,2026-06-05,2026-06-15,713,28887.31,36,6,178,606,否
7GO56KBFJV*B7592PM,2026-07-20,2026-08-03,186,8941.68,5,4,46,158,否
7GO56KBFJV*D7722QM,2026-05-08,,0,0.0,0,0,0,0,否
7GO56KBFJV*E7387RM,2026-06-09,2026-06-21,242,7031.04,6,0,60,205,否
7GO56KBFJV*C7993SM,2026-07-18,2026-07-24,131,3119.91,16,5,32,111,否
7GO56KBFJV*C7586TM,2026-06-19,2026-06-30,971,50347.13,39,19,242,825,否
7GO56KBFJV*E7582UM,2026-04-18,2026-05-01,475,29976.81,34,4,118,403,否
7GO56KBFJV*E7220VM,2026-07-02,2026-07-11,1195,88362.99,70,25,298,1015,是
7GO56KBFJV*B7972WM,2026-05-27,2026-06-01,1470,129122.03,58,9,367,1249,否
7GO56KBFJV*E7734XM,2026-06-13,2026-06-21,710,22574.03,60,1,177,603,否
7GO56KBFJV*C7726YM,2026-05-05,2026-05-16,1255,114800.3,65,24,313,1066,是
7GO56KBFJV*E7558ZM,2026-07-07,2026-07-13,365,20395.3,55,2,91,310,否
7GO56KBFJV*C7172AM,2026-05-04,2026-05-07,1588,92931.97,96,25,397,1349,否
7GO56KBFJV*D7331BM,2026-06-07,2026-06-16,23,853.73,3,2,5,19,否
7GO56KBFJV*B7588CM,2026-04-27,2026-05-06,834,41356.42,96,28,208,708,否
7GO56KBFJV*D7286DM,2026-05-15,2026-05-21,1729,125904.1,64,11,432,1469,否
7GO56KBFJV*C7873EM,2026-04-08,2026-04-17,232,1544.09,1,5,58,197,是
7GO56KBFJV*E7396FM,2026-06-11,,0,0.0,0,0,0,0,否
7GO56KBFJV*D7260GM,2026-04-23,2026-04-27,318,22094.17,72,8,79,270,是
7GO56KBFJV*D7517HM,2026-04-20,,0,0.0,0,0,0,0,否
7GO56KBFJV*D7731IM,2026-04-19,2026-04-24,1903,161025.45,58,30,475,1617,否
7GO56KBFJV*E7113JM,2026-04-21,2026-04-29,701,30285.68,59,0,175,595,否
7GO56KBFJV*C7457KM,2026-06-09,2026-06-15,1346,120322.88,45,15,336,1144,否
7GO56KBFJV*B7107LM,2026-05-09,2026-05-10,229,7657.13,1,4,57,194,否
7GO56KBFJV*B7838MM,2026-07-06,2026-07-16,1370,92501.27,59,22,342,1164,是
7GO56KBFJV*D7217NM,2026-06-16,,0,0.0,0,0,0,0,否
7GO56KBFJV*B7431OM,2026-05-27,,0,0.0,0,0,0,0,否
7GO56KBFJV*C7660PM,2026-05-06,2026-05-12,225,8633.47,7,0,56,191,是
7GO56KBFJV*D7274QM,2026-07-23,2026-08-03,688,19868.46,31,4,172,584,是
7GO56KBFJV*B7589RM,2026-06-17,,0,0.0,0,0,0,0,否
7GO56KBFJV*B7598SM,2026-05-01,2026-05-03,406,8344.94,80,10,101,345,是
7GO56KBFJV*B7742TM,2026-04-07,2026-04-19,1514,134019.59,37,15,378,1286,否
7GO56KBFJV*B7191UM,2026-06-03,2026-06-16,1786,128430.01,93,12,446,1518,否
7GO56KBFJV*E7617VM,2026-06-15,2026-06-29,1589,158011.65,40,19,397,1350,是
7GO56KBFJV*E7999WM,2026-07-08,2026-07-17,598,33191.0,25,4,149,508,是
7GO56KBFJV*B7686XM,2026-06-13,2026-06-21,1720,123760.19,90,9,430,1462,是
7GO56KBFJV*B7281YM,2026-04-15,2026-04-16,358,22668.52,56,3,89,304,否
7GO56KBFJV*C7765ZM,2026-07-21,2026-08-04,831,58356.06,50,23,207,706,是
7GO56KBFJV*B7297AM,2026-06-13,,0,0.0,0,0,0,0,是
7GO56KBFJV*E7854BM,2026-07-12,2026-07-23,480,28063.42,46,2,120,408,是
7GO56KBFJV*C7860CM,2026-05-20,,0,0.0,0,0,0,0,否
7GO56KBFJV*E7941DM,2026-04-20,2026-04-23,1689,53267.64,67,17,422,1435,是
7GO56KBFJV*E7597EM,2026-05-07,2026-05-18,1458,62943.64,20,28,364,1239,否
7GO56KBFJV*B7379GM,2026-07-21,2026-08-04,484,37612.92,32,22,121,411,是
7GO56KBFJV*D7277IM,2026-07-09,2026-07-13,249,9762.18,8,1,62,211,是
7GO56KBFJV*C7914JM,2026-06-06,2026-06-07,879,73583.82,40,14,219,747,否
7GO56KBFJV*D7445KM,2026-07-02,,0,0.0,0,0,0,0,否
7GO56KBFJV*E7227LM,2026-07-12,2026-07-25,385,25816.56,37,1,96,327,否
7GO56KBFJV*B7192MM,2026-06-04,2026-06-14,5,194.86,1,3,1,4,否
7GO56KBFJV*B7704NM,2026-07-27,2026-07-31,902,66043.51,37,30,225,766,否
7GO56KBFJV*E7289OM,2026-07-06,,0,0.0,0,0,0,0,否
7GO56KBFJV*B7377PM,2026-05-31,,0,0.0,0,0,0,0,是
7GO56KBFJV*B7924QM,2026-05-15,2026-05-29,112,5319.09,15,3,28,95,否
7GO56KBFJV*E7695RM,2026-05-04,,0,0.0,0,0,0,0,是
7GO56KBFJV*D7909SM,2026-06-04,2026-06-14,495,21593.42,30,0,123,420,是
7GO56KBFJV*D7691TM,2026-07-02,,0,0.0,0,0,0,0,否
7GO56KBFJV*C7648UM,2026-07-25,2026-07-29,1065,58673.69,32,20,266,905,是
7GO56KBFJV*C7288VM,2026-07-21,2026-08-03,171,6044.09,3,6,42,145,否
7GO56KBFJV*C7279WM,2026-06-10,2026-06-23,325,11349.03,35,5,81,276,是
7GO56KBFJV*D7200XM,2026-05-25,2026-05-27,1593,64397.71,71,25,398,1354,否
7GO56KBFJV*B7389YM,2026-06-24,,0,0.0,0,0,0,0,是
7GO56KBFJV*B7933AM,2026-04-08,2026-04-18,74,506.5,13,0,18,62,否
7GO56KBFJV*C7763BM,2026-07-03,2026-07-11,462,18197.57,68,25,115,392,是
7GO56KBFJV*B7199CM,2026-05-12,,0,0.0,0,0,0,0,是
7GO56KBFJV*C7656DM,2026-05-18,2026-05-30,1089,68314.11,68,16,272,925,否
7GO56KBFJV*C7823EM,2026-07-30,2026-08-02,1084,42240.65,36,30,271,921,否
7GO56KBFJV*E7617FM,2026-07-09,2026-07-21,137,4592.19,4,2,34,116,否
7GO56KBFJV*C7894GM,2026-06-13,2026-06-15,248,3922.08,11,2,62,210,是
7GO56KBFJV*D7697HM,2026-04-23,2026-04-24,941,93526.79,31,19,235,799,否
7GO56KBFJV*E7644IM,2026-05-18,2026-05-29,742,67120.72,27,14,185,630,是
7GO56KBFJV*E7478JM,2026-05-01,2026-05-04,196,6341.11,2,2,49,166,是
7GO56KBFJV*D7499KM,2026-07-10,2026-07-17,778,16077.26,65,7,194,661,是
7GO56KBFJV*D7113LM,2026-07-09,2026-07-13,1610,153672.34,37,22,402,1368,否
7GO56KBFJV*C7830MM,2026-05-30,2026-06-02,1798,96927.73,56,17,449,1528,否
7GO56KBFJV*B7538NM,2026-05-10,2026-05-22,796,69387.11,78,30,199,676,是
7GO56KBFJV*C7777OM,2026-04-16,2026-04-19,1455,76304.61,75,20,363,1236,否
7GO56KBFJV*C7523PM,2026-05-29,2026-06-12,115,1943.32,9,0,28,97,否
7GO56KBFJV*C7373QM,2026-05-19,2026-05-28,1579,37158.64,72,16,394,1342,否
7GO56KBFJV*D7503RM,2026-04-24,,0,0.0,0,0,0,0,否
7GO56KBFJV*E7995SM,2026-05-22,,0,0.0,0,0,0,0,否
7GO56KBFJV*D7903TM,2026-07-13,2026-07-15,795,30047.65,58,3,198,675,是
7GO56KBFJV*C7446UM,2026-07-24,2026-07-30,23,1019.69,12,2,5,19,是
7GO56KBFJV*D7850VM,2026-04-14,2026-04-24,1384,88006.46,69,12,346,1176,否
7GO56KBFJV*B7912WM,2026-05-29,2026-06-07,682,44522.24,45,3,170,579,是
7GO56KBFJV*E7102XM,2026-06-14,2026-06-16,853,23550.48,46,11,213,725,是
7GO56KBFJV*E7576YM,2026-04-23,2026-04-28,69,1195.08,0,2,17,58,否
7GO56KBFJV*C7318ZM,2026-06-12,,0,0.0,0,0,0,0,是
7GO56KBFJV*D7933AM,2026-04-10,2026-04-23,659,44104.16,40,19,164,560,否
7GO56KBFJV*C7730BM,2026-05-16,2026-05-17,156,5797.39,6,1,39,132,是
7GO56KBFJV*D7748CM,2026-05-22,2026-05-28,148,4678.52,10,6,37,125,否
7GO56KBFJV*D7747EM,2026-06-16,2026-06-19,1309,117704.28,65,10,327,1112,否
7GO56KBFJV*D7356FM,2026-05-24,2026-06-07,1025,33618.12,96,30,256,871,是
7GO56KBFJV*B7493GM,2026-06-27,,0,0.0,0,0,0,0,否
7GO56KBFJV*E7445HM,2026-04-03,2026-04-10,249,10190.05,2,1,62,211,否
7GO56KBFJV*D7167IM,2026-04-05,2026-04-07,678,59460.53,20,8,169,576,是
7GO56KBFJV*C7231JM,2026-05-05,2026-05-09,1334,83370.11,61,25,333,1133,否
7GO56KBFJV*C7636AM,2026-07-04,2026-07-05,7,51.13,12,1,1,5,否
7GO56KBFJV*E7388BM,2026-04-29,2026-05-01,389,15426.44,37,2,97,330,否
7GO56KBFJV*B7419CM,2026-04-29,2026-05-06,760,54464.69,40,20,190,646,否
7GO56KBFJV*D7243DM,2026-06-23,,0,0.0,0,0,0,0,是
7GO56KBFJV*E7261EM,2026-07-05,,0,0.0,0,0,0,0,是
7GO56KBFJV*E7155FM,2026-05-16,2026-05-21,1104,86060.68,96,8,276,938,否
7GO56KBFJV*B7962GM,2026-06-09,2026-06-11,30,1000.98,8,2,7,25,是
7GO56KBFJV*D7158HM,2026-05-20,,0,0.0,0,0,0,0,否
7GO56KBFJV*B7654IM,2026-04-16,2026-04-22,140,2094.97,9,3,35,119,否
7GO56KBFJV*B7865JM,2026-05-18,2026-05-23,1095,64194.28,59,27,273,930,否
7GO56KBFJV*B7183KM,2026-07-17,2026-07-23,498,28262.01,24,16,124,423,否
7GO56KBFJV*B7841LM,2026-06-20,,0,0.0,0,0,0,0,否
7GO56KBFJV*C7402MM,2026-04-17,,0,0.0,0,0,0,0,否
7GO56KBFJV*D7953NM,2026-05-05,2026-05-18,1016,79102.76,60,20,254,863,是
7GO56KBFJV*B7397OM,2026-05-14,2026-05-21,225,1861.32,5,5,56,191,是
7GO56KBFJV*D7135PM,2026-05-31,2026-06-12,1648,59757.52,56,26,412,1400,是
7GO56KBFJV*D7138QM,2026-05-18,2026-05-24,580,26994.55,36,6,145,493,是
7GO56KBFJV*E7252RM,2026-06-03,2026-06-16,68,994.19,10,1,17,57,否
7GO56KBFJV*E7964SM,2026-07-06,2026-07-17,1513,63167.23,91,11,378,1286,是
7GO56KBFJV*D7810TM,2026-07-21,2026-07-29,180,7272.84,2,2,45,153,是
7GO56KBFJV*D7830UM,2026-06-24,,0,0.0,0,0,0,0,是
7GO56KBFJV*B7816VM,2026-04-26,2026-05-07,308,8580.91,23,3,77,261,是
7GO56KBFJV*B7944WM,2026-04-01,2026-04-11,547,21942.63,60,1,136,464,否
7GO56KBFJV*E7219XM,2026-05-22,,0,0.0,0,0,0,0,是
7GO56KBFJV*E7921YM,2026-04-19,2026-04-28,84,3630.44,4,0,21,71,是
7GO56KBFJV*C7912ZM,2026-04-04,2026-04-08,1353,38526.7,67,27,338,1150,是
7GO56KBFJV*B7595AM,2026-07-03,2026-07-04,561,52590.13,38,30,140,476,是
7GO56KBFJV*E7173BM,2026-04-26,2026-05-08,540,14400.27,53,6,135,459,否
7GO56KBFJV*E7719CM,2026-07-18,2026-07-29,667,44961.21,42,6,166,566,是
7GO56KBFJV*C7647DM,2026-04-09,2026-04-20,1495,42865.12,33,26,373,1270,是
7GO56KBFJV*B7976FM,2026-07-12,2026-07-21,23,364.49,7,2,5,19,否
7GO56KBFJV*B7552GM,2026-06-18,,0,0.0,0,0,0,0,否
7GO56KBFJV*B7968HM,2026-06-22,,0,0.0,0,0,0,0,否
7GO56KBFJV*B7595IM,2026-04-02,2026-04-03,1636,118196.9,68,10,409,1390,是
7GO56KBFJV*E7714JM,2026-07-02,2026-07-13,79,765.57,5,4,19,67,是
7GO56KBFJV*C7180KM,2026-05-20,2026-05-27,49,493.95,6,2,12,41,否
7GO56KBFJV*D7805LM,2026-05-18,,0,0.0,0,0,0,0,是
7GO56KBFJV*B7623MM,2026-05-01,,0,0.0,0,0,0,0,是
7GO56KBFJV*C7637NM,2026-07-19,2026-08-02,1360,86521.17,72,14,340,1156,否
7GO56KBFJV*C7890OM,2026-04-14,2026-04-18,732,33409.99,35,11,183,622,是
7GO56KBFJV*E7175PM,2026-07-07,,0,0.0,0,0,0,0,否
7GO56KBFJV*B7272QM,2026-05-31,,0,0.0,0,0,0,0,是
7GO56KBFJV*E7385RM,2026-05-19,2026-05-23,1467,50627.56,72,18,366,1246,是
7GO56KBFJV*D7378SM,2026-07-28,2026-08-05,1923,93425.32,76,17,480,1634,否
7GO56KBFJV*B7489TM,2026-06-28,,0,0.0,0,0,0,0,是
7GO56KBFJV*C7382UM,2026-06-09,2026-06-18,1368,77378.7,78,12,342,1162,是
7GO56KBFJV*B7675VM,2026-07-30,2026-08-02,437,22978.95,40,1,109,371,否
7GO56KBFJV*B7395WM,2026-07-28,2026-08-06,326,11015.56,55,4,81,277,否
7GO56KBFJV*B7901XM,2026-07-01,2026-07-15,387,17182.1,31,5,96,328,否
7GO56KBFJV*C7613YM,2026-07-26,2026-08-01,1194,103884.92,59,11,298,1014,是
7GO56KBFJV*B7848ZM,2026-05-13,2026-05-17,114,2475.45,10,1,28,96,否
7GO56KBFJV*B7937AM,2026-07-12,,0,0.0,0,0,0,0,否
7GO56KBFJV*C7307BM,2026-07-01,,0,0.0,0,0,0,0,否
7GO56KBFJV*E7135CM,2026-07-12,2026-07-25,687,66162.26,55,16,171,583,否
7GO56KBFJV*C7551DM,2026-05-28,2026-06-04,1369,78221.56,38,13,342,1163,否
7GO56KBFJV*B7739EM,2026-04-22,2026-04-26,782,21392.98,24,5,195,664,是
7GO56KBFJV*D7114FM,2026-05-20,2026-06-01,84,3253.14,16,2,21,71,是
7GO56KBFJV*B7945GM,2026-06-04,2026-06-13,228,5724.25,17,1,57,193,否
7GO56KBFJV*B7103HM,2026-04-30,,0,0.0,0,0,0,0,是
7GO56KBFJV*C7738IM,2026-05-30,2026-06-04,743,44607.55,60,5,185,631,是
7GO56KBFJV*B7470JM,2026-04-06,2026-04-09,14,399.78,2,1,3,11,否
7GO56KBFJV*D7305KM,2026-05-12,2026-05-16,413,33874.04,42,27,103,351,是
7GO56KBFJV*B7695LM,2026-07-11,2026-07-12,196,2318.22,6,5,49,166,是
7GO56KBFJV*C7576MM,2026-04-16,,0,0.0,0,0,0,0,是
7GO56KBFJV*E7239NM,2026-06-18,,0,0.0,0,0,0,0,否
7GO56KBFJV*B7597OM,2026-07-28,2026-08-10,1134,77078.89,86,13,283,963,否
7GO56KBFJV*D7213PM,2026-05-23,2026-06-01,150,5018.83,10,0,37,127,否
7GO56KBFJV*C7663QM,2026-04-25,2026-04-30,997,94378.91,38,21,249,847,否
7GO56KBFJV*B7340RM,2026-04-11,2026-04-25,1445,130139.79,37,26,361,1228,是
7GO56KBFJV*B7374SM,2026-05-25,2026-05-27,808,49655.59,42,18,202,686,否
7GO56KBFJV*D7391TM,2026-04-07,2026-04-21,309,17703.69,20,2,77,262,否
7GO56KBFJV*B7904UM,2026-07-06,,0,0.0,0,0,0,0,否
7GO56KBFJV*C7768VM,2026-06-19,2026-06-24,145,5478.22,11,5,36,123,是
7GO56KBFJV*B7145WM,2026-06-11,,0,0.0,0,0,0,0,否
7GO56KBFJV*B7734XM,2026-06-18,2026-06-21,80,1315.8,8,5,20,68,否
7GO56KBFJV*B7375YM,2026-04-29,2026-05-01,566,17783.64,25,2,141,481,是
7GO56KBFJV*D7684ZM,2026-05-24,2026-06-02,6,191.22,17,1,1,5,否
7GO56KBFJV*D7723AM,2026-06-19,2026-06-20,698,53191.27,45,6,174,593,否
7GO56KBFJV*C7440BM,2026-05-25,2026-05-31,108,1483.43,14,3,27,91,是
7GO56KBFJV*B7721CM,2026-06-23,,0,0.0,0,0,0,0,否
7GO56KBFJV*D7169DM,2026-04-25,2026-04-27,215,6394.17,3,4,53,182,否
7GO56KBFJV*C7270EM,2026-05-03,2026-05-05,1095,86479.18,91,25,273,930,是
7GO56KBFJV*C7117FM,2026-04-14,2026-04-24,1309,44838.83,38,9,327,1112,是
7GO56KBFJV*E7524GM,2026-04-13,2026-04-15,1880,103737.82,93,22,470,1598,是
7GO56KBFJV*B7575HM,2026-04-20,,0,0.0,0,0,0,0,是
7GO56KBFJV*C7545IM,2026-07-06,2026-07-20,613,15300.24,45,1,153,521,是
7GO56KBFJV*D7690JM,2026-06-05,2026-06-14,148,1531.81,17,6,37,125,是
7GO56KBFJV*C7553KM,2026-05-17,,0,0.0,0,0,0,0,是
7GO56KBFJV*C7764LM,2026-05-30,2026-06-03,219,10621.35,6,5,54,186,是
7GO56KBFJV*B7323MM,2026-05-04,2026-05-07,699,49657.09,27,28,174,594,是
7GO56KBFJV*E7659NM,2026-06-15,2026-06-20,408,16389.9,36,5,102,346,是
7GO56KBFJV*C7319OM,2026-04-03,2026-04-13,752,54176.02,58,0,188,639,是
7GO56KBFJV*D7635PM,2026-05-14,,0,0.0,0,0,0,0,是
7GO56KBFJV*D7362QM,2026-07-15,2026-07-26,64,2423.59,8,4,16,54,否
7GO56KBFJV*C7958RM,2026-04-08,2026-04-14,180,4923.18,0,2,45,153,否
7GO56KBFJV*E7131SM,2026-04-05,2026-04-12,1041,73088.84,62,24,260,884,否
7GO56KBFJV*C7175TM,2026-04-19,2026-04-23,312,9321.06,50,5,78,265,是
7GO56KBFJV*D7395UM,2026-05-02,2026-05-11,25,296.18,13,4,6,21,否
7GO56KBFJV*B7975VM,2026-04-29,2026-05-08,1188,89978.13,48,16,297,1009,是
7GO56KBFJV*E7562WM,2026-04-07,2026-04-11,565,53724.05,34,14,141,480,是
7GO56KBFJV*E7676XM,2026-05-23,2026-05-24,798,17260.38,78,11,199,678,否
7GO56KBFJV*C7516YM,2026-05-20,2026-05-29,734,47018.19,58,5,183,623,是
7GO56KBFJV*C7951ZM,2026-06-23,,0,0.0,0,0,0,0,是
7GO56KBFJV*E7595AM,2026-07-03,2026-07-15,1255,102139.47,22,12,313,1066,是
7GO56KBFJV*D7262BM,2026-06-09,2026-06-18,1125,61820.05,45,26,281,956,是
7GO56KBFJV*D7265CM,2026-06-16,2026-06-20,477,27859.21,52,2,119,405,否
7GO56KBFJV*E7128DM,2026-05-31,2026-06-02,425,8899.71,47,4,106,361,是
7GO56KBFJV*B7539EM,2026-07-10,,0,0.0,0,0,0,0,是
7GO56KBFJV*C7390FM,2026-04-23,,0,0.0,0,0,0,0,是
7GO56KBFJV*E7725GM,2026-06-28,,0,0.0,0,0,0,0,否
7GO56KBFJV*C7968HM,2026-05-23,2026-05-29,162,4889.31,16,3,40,137,是
7GO56KBFJV*B7574IM,2026-07-02,2026-07-05,412,16835.63,28,5,103,350,否
7GO56KBFJV*D7192JM,2026-07-12,2026-07-20,184,3963.85,3,2,46,156,否
7GO56KBFJV*E7203KM,2026-04-10,2026-04-19,655,17611.49,20,0,163,556,是
7GO56KBFJV*E7900LM,2026-07-03,2026-07-17,399,19822.59,37,0,99,339,否
7GO56KBFJV*B7761MM,2026-07-17,2026-07-28,162,2796.49,16,4,40,137,是
7GO56KBFJV*E7383NM,2026-04-28,2026-04-29,508,27473.47,25,1,127,431,是
7GO56KBFJV*D7941OM,2026-07-30,2026-08-08,158,5566.78,9,4,39,134,是
7GO56KBFJV*C7678PM,2026-05-23,2026-05-28,1623,97946.99,62,20,405,1379,是
7GO56KBFJV*E7195AM,2026-07-10,2026-07-24,407,14195.0,37,10,101,345,是
7GO56KBFJV*D7710BM,2026-07-22,2026-07-26,110,1778.11,12,0,27,93,是
7GO56KBFJV*E7666CM,2026-07-03,2026-07-12,594,22315.82,54,5,148,504,是
7GO56KBFJV*C7389DM,2026-06-02,2026-06-07,87,907.74,6,1,21,73,是
7GO56KBFJV*D7313EM,2026-05-18,2026-06-01,1155,106673.06,38,24,288,981,否
7GO56KBFJV*D7402FM,2026-05-07,2026-05-12,337,8191.49,72,30,84,286,是
7GO56KBFJV*C7539GM,2026-06-16,,0,0.0,0,0,0,0,是
7GO56KBFJV*C7745HM,2026-05-05,2026-05-19,839,26135.61,70,19,209,713,是
7GO56KBFJV*E7129IM,2026-06-13,,0,0.0,0,0,0,0,否
7GO56KBFJV*B7581JM,2026-04-12,2026-04-14,221,4585.29,7,5,55,187,是
7GO56KBFJV*C7852KM,2026-07-01,2026-07-07,1286,95865.5,99,30,321,1093,是
7GO56KBFJV*C7326LM,2026-06-20,2026-06-28,932,36305.39,60,27,233,792,是
7GO56KBFJV*E7164MM,2026-07-02,,0,0.0,0,0,0,0,是
7GO56KBFJV*E7800NM,2026-04-13,2026-04-26,633,31716.63,67,22,158,538,否
7GO56KBFJV*E7529OM,2026-04-19,2026-04-24,1299,129715.27,70,8,324,1104,否
7GO56KBFJV*E7177PM,2026-06-20,2026-07-03,65,2458.41,8,3,16,55,否
7GO56KBFJV*D7892QM,2026-06-19,2026-06-27,1823,165113.43,32,17,455,1549,否
7GO56KBFJV*C7473RM,2026-06-16,,0,0.0,0,0,0,0,是
7GO56KBFJV*C7164SM,2026-04-26,,0,0.0,0,0,0,0,是
7GO56KBFJV*C7518TM,2026-07-05,2026-07-06,17,708.7,17,0,4,14,是
7GO56KBFJV*D7792UM,2026-05-17,2026-05-31,937,35213.43,59,17,234,796,否
7GO56KBFJV*E7391VM,2026-04-23,2026-05-07,676,26176.79,62,17,169,574,否
7GO56KBFJV*E7989WM,2026-06-19,2026-06-25,442,22436.02,47,5,110,375,否
7GO56KBFJV*E7123XM,2026-06-13,2026-06-16,565,44176.18,54,5,141,480,否
7GO56KBFJV*D7173YM,2026-04-07,2026-04-19,752,27281.28,75,27,188,639,否
7GO56KBFJV*D7734ZM,2026-04-06,2026-04-12,838,75763.47,79,18,209,712,否
7GO56KBFJV*B7511AM,2026-07-20,2026-07-27,615,28677.2,52,2,153,522,是
7GO56KBFJV*D7589BM,2026-06-01,2026-06-13,493,27012.64,35,6,123,419,否
7GO56KBFJV*E7724CM,2026-05-17,2026-05-21,557,28731.76,43,4,139,473,是
7GO56KBFJV*B7927DM,2026-05-10,2026-05-14,238,1674.72,12,5,59,202,否
7GO56KBFJV*D7263EM,2026-05-14,2026-05-19,424,9753.29,53,3,106,360,是
7GO56KBFJV*C7106FM,2026-05-08,,0,0.0,0,0,0,0,是
7GO56KBFJV*E7551GM,2026-04-25,2026-05-03,1950,82904.7,26,16,487,1657,否
7GO56KBFJV*E7226HM,2026-04-12,2026-04-21,815,42872.29,49,12,203,692,是
7GO56KBFJV*D7528IM,2026-07-26,2026-07-31,1308,103987.08,40,15,327,1111,否
7GO56KBFJV*E7358JM,2026-04-21,2026-04-24,849,32144.38,30,21,212,721,是
7GO56KBFJV*B7925KM,2026-05-01,2026-05-12,84,480.38,6,4,21,71,否
7GO56KBFJV*B7294LM,2026-05-20,,0,0.0,0,0,0,0,否
7GO56KBFJV*E7824MM,2026-05-31,2026-06-04,357,20342.71,35,0,89,303,否
7GO56KBFJV*C7524NM,2026-04-26,2026-04-28,733,57432.61,53,5,183,623,是
7GO56KBFJV*B7730OM,2026-04-15,,0,0.0,0,0,0,0,否
7GO56KBFJV*C7465PM,2026-04-24,2026-05-02,460,35499.91,47,2,115,391,否
7GO56KBFJV*C7643QM,2026-05-29,2026-05-31,580,29306.22,23,3,145,493,是
7GO56KBFJV*B7658RM,2026-07-21,2026-07-26,598,55142.85,52,30,149,508,否
7GO56KBFJV*D7989SM,2026-05-12,2026-05-18,416,11315.91,56,0,104,353,是
7GO56KBFJV*C7348TM,2026-05-31,,0,0.0,0,0,0,0,否
7GO56KBFJV*E7380UM,2026-06-06,2026-06-09,1399,86385.12,51,27,349,1189,是
7GO56KBFJV*C7300VM,2026-05-16,2026-05-28,1456,143790.75,58,28,364,1237,是
7GO56KBFJV*E7321WM,2026-04-14,2026-04-20,804,73317.75,27,30,201,683,是
7GO56KBFJV*B7583XM,2026-04-02,2026-04-08,342,23037.19,47,5,85,290,是
7GO56KBFJV*B7472YM,2026-05-08,2026-05-13,70,1419.91,12,3,17,59,是
7GO56KBFJV*D7965ZM,2026-05-08,2026-05-20,725,54914.44,45,2,181,616,是
7GO56KBFJV*B7489AM,2026-07-07,2026-07-12,307,10784.11,35,0,76,260,否
7GO56KBFJV*E7733BM,2026-06-27,,0,0.0,0,0,0,0,否
7GO56KBFJV*B7533CM,2026-07-17,2026-07-18,246,10039.36,8,1,61,209,否
7GO56KBFJV*C7839DM,2026-07-02,2026-07-03,925,52088.9,46,23,231,786,否
7GO56KBFJV*D7604EM,2026-05-23,,0,0.0,0,0,0,0,否
7GO56KBFJV*E7966FM,2026-05-18,2026-05-23,84,1770.62,2,3,21,71,否
7GO56KBFJV*B7787GM,2026-06-13,,0,0.0,0,0,0,0,是
7GO56KBFJV*D7529HM,2026-07-09,2026-07-17,725,23107.05,42,0,181,616,是
7GO56KBFJV*C7290JM,2026-04-23,2026-04-29,1043,104027.5,41,9,260,886,否
7GO56KBFJV*D7211KM,2026-07-18,2026-07-28,1207,56703.2,60,18,301,1025,否
7GO56KBFJV*B7932LM,2026-07-19,2026-07-26,1378,88842.35,55,17,344,1171,是
7GO56KBFJV*C7607MM,2026-05-11,2026-05-22,561,54038.36,23,24,140,476,是
7GO56KBFJV*D7695NM,2026-06-04,2026-06-12,1484,74923.61,62,20,371,1261,是
7GO56KBFJV*B7595OM,2026-05-18,2026-05-23,437,20960.7,27,6,109,371,否
7GO56KBFJV*C7225PM,2026-05-19,2026-05-31,606,12403.95,58,3,151,515,否
7GO56KBFJV*E7873QM,2026-05-03,,0,0.0,0,0,0,0,是
7GO56KBFJV*E7857RM,2026-04-28,2026-05-05,951,59032.6,70,7,237,808,否
7GO56KBFJV*E7466SM,2026-07-19,2026-07-25,835,24893.84,25,14,208,709,是
7GO56KBFJV*D7461TM,2026-06-01,2026-06-11,97,3895.17,17,0,24,82,是
7GO56KBFJV*C7566UM,2026-04-20,2026-04-29,7,155.24,14,2,1,5,否
7GO56KBFJV*D7191VM,2026-06-13,2026-06-24,1406,124023.84,26,25,351,1195,否
7GO56KBFJV*E7224WM,2026-06-12,,0,0.0,0,0,0,0,否
7GO56KBFJV*D7461XM,2026-07-03,2026-07-07,427,14337.59,76,20,106,362,否
7GO56KBFJV*B7279YM,2026-07-10,2026-07-16,1549,55158.59,74,9,387,1316,是
7GO56KBFJV*B7675ZM,2026-06-25,,0,0.0,0,0,0,0,否
7GO56KBFJV*D7187AM,2026-07-15,2026-07-25,1019,62392.96,58,30,254,866,是
7GO56KBFJV*C7816BM,2026-07-18,2026-07-27,204,5804.12,12,2,51,173,否
7GO56KBFJV*B7848CM,2026-05-05,,0,0.0,0,0,0,0,否
7GO56KBFJV*E7411DM,2026-05-06,2026-05-19,199,5560.22,17,4,49,169,是
7GO56KBFJV*E7136EM,2026-04-06,2026-04-08,1014,66105.06,56,24,253,861,否
7GO56KBFJV*E7809FM,2026-04-15,2026-04-26,191,6787.21,16,6,47,162,否
7GO56KBFJV*C7776GM,2026-06-15,2026-06-26,313,14109.37,53,0,78,266,否
7GO56KBFJV*D7234HM,2026-05-08,2026-05-19,947,31275.86,46,30,236,804,否
7GO56KBFJV*C7498IM,2026-05-07,,0,0.0,0,0,0,0,否
7GO56KBFJV*B7330JM,2026-04-14,2026-04-25,1196,81042.12,47,13,299,1016,否
7GO56KBFJV*E7469KM,2026-04-16,2026-04-27,4,120.01,17,6,1,3,是
7GO56KBFJV*B7490LM,2026-07-02,2026-07-04,37,472.59,16,1,9,31,否
7GO56KBFJV*B7437NM,2026-04-12,2026-04-20,572,13192.32,49,2,143,486,是
7GO56KBFJV*B7945OM,2026-05-18,,0,0.0,0,0,0,0,否
7GO56KBFJV*B7478PM,2026-07-19,2026-07-24,451,12188.28,53,2,112,383,是
7GO56KBFJV*E7130QM,2026-07-23,2026-08-01,1360,37267.52,41,20,340,1156,否
7GO56KBFJV*B7419RM,2026-05-02,,0,0.0,0,0,0,0,是
7GO56KBFJV*D7765SM,2026-07-15,2026-07-24,957,79355.93,77,8,239,813,是
7GO56KBFJV*D7411TM,2026-06-11,,0,0.0,0,0,0,0,否
7GO56KBFJV*C7175UM,2026-05-11,2026-05-25,64,433.75,16,1,16,54,否
7GO56KBFJV*E7394VM,2026-05-21,2026-05-28,74,1997.22,0,1,18,62,否
7GO56KBFJV*E7266WM,2026-04-18,2026-05-01,355,25467.32,52,4,88,301,是
7GO56KBFJV*D7492XM,2026-06-07,2026-06-08,80,3541.61,0,3,20,68,否
7GO56KBFJV*B7322YM,2026-07-27,2026-07-29,466,30581.44,38,16,116,396,是
7GO56KBFJV*E7870ZM,2026-07-14,,0,0.0,0,0,0,0,否
7GO56KBFJV*E7937AM,2026-07-28,2026-08-11,874,55625.6,61,28,218,742,否
7GO56KBFJV*C7232BM,2026-04-06,2026-04-16,1479,67721.32,44,18,369,1257,是
7GO56KBFJV*E7342CM,2026-04-17,,0,0.0,0,0,0,0,是
7GO56KBFJV*C7225DM,2026-07-03,2026-07-06,750,27456.64,33,2,187,637,是
7GO56KBFJV*E7323EM,2026-06-11,2026-06-21,722,15551.87,57,0,180,613,是
7GO56KBFJV*D7319FM,2026-07-20,2026-07-22,186,1247.21,16,5,46,158,是
7GO56KBFJV*E7189GM,2026-04-18,2026-04-20,29,1307.63,2,6,7,24,否
7GO56KBFJV*E7599HM,2026-04-25,2026-05-07,917,80430.84,64,20,229,779,否
7GO56KBFJV*C7285IM,2026-05-22,,0,0.0,0,0,0,0,否
7GO56KBFJV*C7244JM,2026-05-23,2026-06-01,190,4473.52,0,0,47,161,否
7GO56KBFJV*E7848KM,2026-07-16,2026-07-23,926,80778.22,66,19,231,787,是
7GO56KBFJV*C7432LM,2026-05-25,,0,0.0,0,0,0,0,否
7GO56KBFJV*B7870MM,2026-06-18,2026-06-21,138,3428.42,6,4,34,117,否
7GO56KBFJV*B7774NM,2026-04-05,2026-04-06,397,17124.68,49,6,99,337,是
7GO56KBFJV*D7787OM,2026-05-18,2026-05-31,195,1152.92,16,1,48,165,否
7GO56KBFJV*E7161PM,2026-07-05,2026-07-16,86,459.92,17,6,21,73,否
7GO56KBFJV*E7614QM,2026-05-17,2026-05-25,92,2873.09,11,6,23,78,是
7GO56KBFJV*B7841RM,2026-06-01,2026-06-12,135,3037.1,11,6,33,114,否
7GO56KBFJV*B7254SM,2026-04-23,2026-05-04,409,11524.3,57,2,102,347,否
